period,variant,segmento,marca,modelo,edicion,powertrain,condicion,units,source,notes
2025-03,LightVehicles,leve,TOYOTA,VITZ,,ICE,usado,932,Aduana PY datos abiertos,NCM 8703 automóvil/turismo (default leve)
2025-03,LightVehicles,leve,TOYOTA,(sin modelo),,ICE,usado,799,Aduana PY datos abiertos,NCM 8703 automóvil/turismo (default leve)
2025-03,LightVehicles,leve,TOYOTA,RACTIS,,ICE,usado,613,Aduana PY datos abiertos,NCM 8703 automóvil/turismo (default leve)
2025-03,LightVehicles,leve,TOYOTA,AURIS,,ICE,usado,301,Aduana PY datos abiertos,NCM 8703 automóvil/turismo (default leve)
2025-03,LightVehicles,leve,KIA,SPORTAGE,,ICE,usado,225,Aduana PY datos abiertos,NCM 8703 automóvil/turismo (default leve)
2025-03,LightVehicles,leve,TOYOTA,SIENTA,,ICE,usado,210,Aduana PY datos abiertos,NCM 8703 automóvil/turismo (default leve)
2025-03,LightVehicles,leve,TOYOTA,VOXY,,ICE,usado,136,Aduana PY datos abiertos,passenger van/minibus (Hiace/Staria/…) counts as leve
2025-03,LightVehicles,leve,MAZDA,(sin modelo),,ICE,nuevo,135,Aduana PY datos abiertos,NCM 8703 automóvil/turismo (default leve)
2025-03,LightVehicles,leve,KIA,SONET,,ICE,nuevo,131,Aduana PY datos abiertos,NCM 8703 automóvil/turismo (default leve)
2025-03,LightVehicles,leve,TOYOTA,HILUX,,ICE,nuevo,125,Aduana PY datos abiertos,NCM 8704.21 GVW≤5t pickup/camioneta
2025-03,LightVehicles,leve,TOYOTA,IST,,ICE,usado,124,Aduana PY datos abiertos,NCM 8703 automóvil/turismo (default leve)
2025-03,LightVehicles,leve,FIAT,STRADA ENDURANCE C/P 1,,ICE,nuevo,116,Aduana PY datos abiertos,NCM 8704.31 GVW≤5t pickup/camioneta
2025-03,LightVehicles,leve,HYUNDAI,NEW CRETA COMFORT NAFTERO 1,,ICE,nuevo,109,Aduana PY datos abiertos,NCM 8703 automóvil/turismo (default leve)
2025-03,LightVehicles,leve,TOYOTA,NOAH,,ICE,usado,106,Aduana PY datos abiertos,passenger van/minibus (Hiace/Staria/…) counts as leve
2025-03,LightVehicles,leve,BYD,YUAN PRO,,BEV,nuevo,94,Aduana PY datos abiertos,NCM 8703 automóvil/turismo (default leve)
2025-03,LightVehicles,leve,CHEVROLET,(sin modelo),,ICE,nuevo,92,Aduana PY datos abiertos,NCM 8704.21 GVW≤5t pickup/camioneta
2025-03,LightVehicles,leve,VOLKSWAGEN,(sin modelo),,ICE,nuevo,89,Aduana PY datos abiertos,NCM 8703 automóvil/turismo (default leve)
2025-03,LightVehicles,leve,KIA,SPORTAGE,,ICE,nuevo,84,Aduana PY datos abiertos,NCM 8703 automóvil/turismo (default leve)
2025-03,LightVehicles,leve,TOYOTA,ALLION,,ICE,usado,82,Aduana PY datos abiertos,NCM 8703 automóvil/turismo (default leve)
2025-03,LightVehicles,leve,HYUNDAI,(sin modelo),,ICE,usado,74,Aduana PY datos abiertos,NCM 8703 automóvil/turismo (default leve)
2025-03,LightVehicles,leve,SUZUKI,(sin modelo),,ICE,nuevo,73,Aduana PY datos abiertos,NCM 8703 automóvil/turismo (default leve)
2025-03,LightVehicles,leve,MITSUBISHI,(sin modelo),,ICE,usado,69,Aduana PY datos abiertos,NCM 8704.21 GVW≤5t pickup/camioneta
2025-03,LightVehicles,leve,GEELY,CITYRAY,,ICE,nuevo,63,Aduana PY datos abiertos,NCM 8703 automóvil/turismo (default leve)
2025-03,LightVehicles,leve,HYUNDAI,NEW HB20S 1,,ICE,nuevo,61,Aduana PY datos abiertos,NCM 8703 automóvil/turismo (default leve)
2025-03,LightVehicles,leve,TOYOTA,PREMIO,,ICE,usado,59,Aduana PY datos abiertos,NCM 8703 automóvil/turismo (default leve)
2025-03,LightVehicles,leve,GEELY,EMGRAND GX3 PRO,,ICE,nuevo,52,Aduana PY datos abiertos,NCM 8703 automóvil/turismo (default leve)
2025-03,LightVehicles,leve,BYD,BYD SONG PRO,,PHEV,nuevo,51,Aduana PY datos abiertos,NCM 8703 automóvil/turismo (default leve)
2025-03,LightVehicles,leve,TOYOTA,WISH,,ICE,usado,51,Aduana PY datos abiertos,NCM 8703 automóvil/turismo (default leve)
2025-03,LightVehicles,leve,CHERY,T2,,ICE,nuevo,50,Aduana PY datos abiertos,NCM 8703 automóvil/turismo (default leve)
2025-03,LightVehicles,leve,HYUNDAI,NEW HB20 HATCH 1,,ICE,nuevo,50,Aduana PY datos abiertos,NCM 8703 automóvil/turismo (default leve)
2025-03,LightVehicles,leve,NISSAN,(sin modelo),,ICE,usado,45,Aduana PY datos abiertos,NCM 8704.21 GVW≤5t pickup/camioneta
2025-03,LightVehicles,leve,TOYOTA,FORTUNER,,ICE,nuevo,44,Aduana PY datos abiertos,NCM 8703 automóvil/turismo (default leve)
2025-03,LightVehicles,leve,HONDA,(sin modelo),,ICE,nuevo,40,Aduana PY datos abiertos,NCM 8703 automóvil/turismo (default leve)
2025-03,LightVehicles,leve,NISSAN,KICKS SENSE CVT 1,,ICE,nuevo,39,Aduana PY datos abiertos,NCM 8703 automóvil/turismo (default leve)
2025-03,LightVehicles,leve,HYUNDAI,ALL NEW TUCSON,,ICE,nuevo,38,Aduana PY datos abiertos,NCM 8703 automóvil/turismo (default leve)
2025-03,LightVehicles,leve,TOYOTA,COROLLA,,ICE,usado,38,Aduana PY datos abiertos,NCM 8703 automóvil/turismo (default leve)
2025-03,LightVehicles,leve,FORD,RANGER 2,,ICE,nuevo,37,Aduana PY datos abiertos,NCM 8704.21 GVW≤5t pickup/camioneta
2025-03,LightVehicles,leve,KIA,PICANTO,,ICE,nuevo,35,Aduana PY datos abiertos,NCM 8703 automóvil/turismo (default leve)
2025-03,LightVehicles,leve,VOLKSWAGEN,T-CROSS 1,,ICE,nuevo,35,Aduana PY datos abiertos,NCM 8703 automóvil/turismo (default leve)
2025-03,LightVehicles,leve,KGM,XLV,,ICE,nuevo,33,Aduana PY datos abiertos,NCM 8703 automóvil/turismo (default leve)
2025-03,LightVehicles,leve,MITSUBISHI,CANTER,,ICE,usado,33,Aduana PY datos abiertos,NCM 8704.21 GVW≤5t pickup/camioneta
2025-03,LightVehicles,leve,NISSAN,KICKS ADVANCE CVT 1,,ICE,nuevo,33,Aduana PY datos abiertos,NCM 8703 automóvil/turismo (default leve)
2025-03,LightVehicles,leve,VOLKSWAGEN,POLO TRACK 1,,ICE,nuevo,32,Aduana PY datos abiertos,NCM 8703 automóvil/turismo (default leve)
2025-03,LightVehicles,leve,JEEP,COMPASS SPORT 1,,ICE,nuevo,31,Aduana PY datos abiertos,NCM 8703 automóvil/turismo (default leve)
2025-03,LightVehicles,leve,KIA,SOLUTO,,ICE,nuevo,31,Aduana PY datos abiertos,NCM 8703 automóvil/turismo (default leve)
2025-03,LightVehicles,leve,TOYOTA,RAIZE AUT,,ICE,nuevo,30,Aduana PY datos abiertos,NCM 8703 automóvil/turismo (default leve)
2025-03,LightVehicles,leve,TOYOTA,YARIS CROSS,,HEV,nuevo,30,Aduana PY datos abiertos,NCM 8703 automóvil/turismo (default leve)
2025-03,LightVehicles,leve,HYUNDAI,SANTA FE,,ICE,usado,28,Aduana PY datos abiertos,NCM 8703 automóvil/turismo (default leve)
2025-03,LightVehicles,leve,MERCEDES-BENZ,2025,,ICE,nuevo,28,Aduana PY datos abiertos,NCM 8703 automóvil/turismo (default leve)
2025-03,LightVehicles,leve,HYUNDAI,NEW CRETA PLATINUM NAFTERO 1,,ICE,nuevo,27,Aduana PY datos abiertos,NCM 8703 automóvil/turismo (default leve)
2025-03,LightVehicles,leve,TOYOTA,COROLLA CROSS,,HEV,nuevo,27,Aduana PY datos abiertos,NCM 8703 automóvil/turismo (default leve)
2025-03,LightVehicles,leve,JETOUR,(sin modelo),,ICE,nuevo,26,Aduana PY datos abiertos,NCM 8703 automóvil/turismo (default leve)
2025-03,LightVehicles,leve,TOYOTA,COROLLA AXIO,,ICE,usado,26,Aduana PY datos abiertos,NCM 8703 automóvil/turismo (default leve)
2025-03,LightVehicles,leve,HYUNDAI,H-100,,ICE,nuevo,25,Aduana PY datos abiertos,NCM 8704.21 GVW≤5t pickup/camioneta
2025-03,LightVehicles,leve,KIA,K3,,ICE,nuevo,25,Aduana PY datos abiertos,NCM 8703 automóvil/turismo (default leve)
2025-03,LightVehicles,pesado,SINOTRUK,(sin modelo),,ICE,nuevo,25,Aduana PY datos abiertos,NCM 8704.22 typically GVW>5t
2025-03,LightVehicles,leve,FORD,RANGER 3,,ICE,nuevo,24,Aduana PY datos abiertos,NCM 8704.21 GVW≤5t pickup/camioneta
2025-03,LightVehicles,leve,FORD,RANGER RAPTOR DC 3,,ICE,nuevo,24,Aduana PY datos abiertos,NCM 8704.31 GVW≤5t pickup/camioneta
2025-03,LightVehicles,leve,HYUNDAI,(sin modelo),,ICE,nuevo,22,Aduana PY datos abiertos,NCM 8703 automóvil/turismo (default leve)
2025-03,LightVehicles,pesado,MERCEDES-BENZ,(sin modelo),,ICE,usado,22,Aduana PY datos abiertos,NCM 8704.22 typically GVW>5t
2025-03,LightVehicles,leve,ISUZU,QMR77L-HH5AYN,,ICE,nuevo,21,Aduana PY datos abiertos,NCM 8704.21 GVW≤5t pickup/camioneta
2025-03,LightVehicles,leve,MG,2025,,ICE,nuevo,21,Aduana PY datos abiertos,NCM 8703 automóvil/turismo (default leve)
2025-03,LightVehicles,leve,CITROEN,(sin modelo),,ICE,nuevo,20,Aduana PY datos abiertos,NCM 8703 automóvil/turismo (default leve)
2025-03,LightVehicles,leve,NUEN,(sin modelo),,BEV,nuevo,20,Aduana PY datos abiertos,NCM 8703 automóvil/turismo (default leve)
2025-03,LightVehicles,leve,VOLKSWAGEN,SAVEIRO ROBUST DC 1,,ICE,nuevo,20,Aduana PY datos abiertos,NCM 8704.31 GVW≤5t pickup/camioneta
2025-03,LightVehicles,pesado,ISUZU,QMR77L-HH5AYN,,ICE,nuevo,20,Aduana PY datos abiertos,NCM 8704.22 typically GVW>5t
2025-03,LightVehicles,leve,FIAT,STRADA VOLCANO D/C 1,,ICE,nuevo,19,Aduana PY datos abiertos,NCM 8704.31 GVW≤5t pickup/camioneta
2025-03,LightVehicles,leve,HYUNDAI,NEW GRAND I10 CON,,ICE,nuevo,19,Aduana PY datos abiertos,NCM 8703 automóvil/turismo (default leve)
2025-03,LightVehicles,leve,JETOUR,T2,,PHEV,nuevo,19,Aduana PY datos abiertos,NCM 8703 automóvil/turismo (default leve)
2025-03,LightVehicles,recreativo,NR,(sin modelo),,ICE,nuevo,19,Aduana PY datos abiertos,NCM 8703.10
2025-03,LightVehicles,leve,VOLKSWAGEN,SAVEIRO ROBUST SC 1,,ICE,nuevo,18,Aduana PY datos abiertos,NCM 8704.31 GVW≤5t pickup/camioneta
2025-03,LightVehicles,leve,HYUNDAI,TUCSON,,ICE,usado,17,Aduana PY datos abiertos,NCM 8703 automóvil/turismo (default leve)
2025-03,LightVehicles,leve,KIA,K3 CROSS,,ICE,nuevo,17,Aduana PY datos abiertos,NCM 8703 automóvil/turismo (default leve)
2025-03,LightVehicles,leve,MAZDA,2025,,ICE,nuevo,17,Aduana PY datos abiertos,NCM 8704.21 GVW≤5t pickup/camioneta
2025-03,LightVehicles,leve,RENAULT,(sin modelo),,ICE,nuevo,17,Aduana PY datos abiertos,NCM 8703 automóvil/turismo (default leve)
2025-03,LightVehicles,leve,TOYOTA,HILUX,,ICE,usado,17,Aduana PY datos abiertos,NCM 8703 automóvil/turismo (default leve)
2025-03,LightVehicles,leve,VOLVO,XC90,,PHEV,nuevo,17,Aduana PY datos abiertos,NCM 8703 automóvil/turismo (default leve)
2025-03,LightVehicles,leve,ISUZU,QLR77L-EE1AYN,,ICE,nuevo,16,Aduana PY datos abiertos,NCM 8704.21 GVW≤5t pickup/camioneta
2025-03,LightVehicles,leve,SUBARU,(sin modelo),,ICE,usado,16,Aduana PY datos abiertos,NCM 8703 automóvil/turismo (default leve)
2025-03,LightVehicles,leve,BYD,YUAN PLUS,,BEV,nuevo,15,Aduana PY datos abiertos,NCM 8703 automóvil/turismo (default leve)
2025-03,LightVehicles,leve,RAM,RAMPAGE BIGHORN 2,,ICE,nuevo,15,Aduana PY datos abiertos,NCM 8704.21 GVW≤5t pickup/camioneta
2025-03,LightVehicles,leve,FIAT,STRADA FREEDOM D/C 1,,ICE,nuevo,14,Aduana PY datos abiertos,NCM 8704.31 GVW≤5t pickup/camioneta
2025-03,LightVehicles,leve,HYUNDAI,ALL NEW TUCSON 1,,HEV,nuevo,14,Aduana PY datos abiertos,NCM 8703 automóvil/turismo (default leve)
2025-03,LightVehicles,leve,KIA,SORENTO,,ICE,usado,14,Aduana PY datos abiertos,NCM 8703 automóvil/turismo (default leve)
2025-03,LightVehicles,leve,TOYOTA,FUNCARGO,,ICE,usado,14,Aduana PY datos abiertos,NCM 8703 automóvil/turismo (default leve)
2025-03,LightVehicles,leve,AUDI,Q3 1,,ICE,nuevo,13,Aduana PY datos abiertos,NCM 8703 automóvil/turismo (default leve)
2025-03,LightVehicles,leve,KGM,TIVOLI,,ICE,nuevo,13,Aduana PY datos abiertos,NCM 8703 automóvil/turismo (default leve)
2025-03,LightVehicles,leve,KIA,SORENTO,,ICE,nuevo,13,Aduana PY datos abiertos,NCM 8703 automóvil/turismo (default leve)
2025-03,LightVehicles,leve,NISSAN,ATLAS,,ICE,usado,13,Aduana PY datos abiertos,NCM 8704.21 GVW≤5t pickup/camioneta
2025-03,LightVehicles,leve,ISUZU,(sin modelo),,ICE,nuevo,12,Aduana PY datos abiertos,NCM 8704.21 GVW≤5t pickup/camioneta
2025-03,LightVehicles,leve,KGM,REXTON,,ICE,nuevo,12,Aduana PY datos abiertos,NCM 8703 automóvil/turismo (default leve)
2025-03,LightVehicles,leve,KIA,(sin modelo),,ICE,usado,12,Aduana PY datos abiertos,NCM 8703 automóvil/turismo (default leve)
2025-03,LightVehicles,pesado,JMC,(sin modelo),,ICE,nuevo,12,Aduana PY datos abiertos,NCM 8704.22 typically GVW>5t
2025-03,LightVehicles,leve,NISSAN,FRONTIER DOBLE CABINA,,ICE,nuevo,11,Aduana PY datos abiertos,NCM 8704.21 GVW≤5t pickup/camioneta
2025-03,LightVehicles,pesado,SCANIA,(sin modelo),,ICE,usado,11,Aduana PY datos abiertos,NCM 8704.22 typically GVW>5t
2025-03,LightVehicles,leve,HINO,(sin modelo),,ICE,usado,10,Aduana PY datos abiertos,NCM 8704.21 GVW≤5t pickup/camioneta
2025-03,LightVehicles,leve,HYUNDAI,ALL NEW TUCSON,,HEV,nuevo,10,Aduana PY datos abiertos,NCM 8703 automóvil/turismo (default leve)
2025-03,LightVehicles,leve,NISSAN,QASHQAI,SENSE,ICE,nuevo,10,Aduana PY datos abiertos,NCM 8703 automóvil/turismo (default leve)
2025-03,LightVehicles,leve,VENTURA,(sin modelo),,ICE,nuevo,10,Aduana PY datos abiertos,NCM 8703 automóvil/turismo (default leve)
2025-03,LightVehicles,leve,HYUNDAI,NEW HB20 1,,ICE,nuevo,9,Aduana PY datos abiertos,NCM 8703 automóvil/turismo (default leve)
2025-03,LightVehicles,leve,MAXUS,T60 D20,,ICE,nuevo,9,Aduana PY datos abiertos,NCM 8704.21 GVW≤5t pickup/camioneta
2025-03,LightVehicles,leve,MERCEDES-BENZ,(sin modelo),,ICE,usado,9,Aduana PY datos abiertos,NCM 8703 automóvil/turismo (default leve)
2025-03,LightVehicles,leve,MG,2025,,PHEV,nuevo,9,Aduana PY datos abiertos,NCM 8703 automóvil/turismo (default leve)
2025-03,LightVehicles,leve,NISSAN,TIIDA,,ICE,usado,9,Aduana PY datos abiertos,NCM 8703 automóvil/turismo (default leve)
2025-03,LightVehicles,leve,BMW,X4 XDRIVE20I,,ICE,nuevo,8,Aduana PY datos abiertos,NCM 8703 automóvil/turismo (default leve)
2025-03,LightVehicles,leve,MITSUBISHI,2025 DIESEL,,ICE,nuevo,8,Aduana PY datos abiertos,NCM 8704.21 GVW≤5t pickup/camioneta
2025-03,LightVehicles,leve,TOYOTA,LAND CRUISER,,ICE,nuevo,8,Aduana PY datos abiertos,NCM 8703 automóvil/turismo (default leve)
2025-03,LightVehicles,pesado,FUSO,2025,,ICE,nuevo,8,Aduana PY datos abiertos,NCM 8704.22 typically GVW>5t
2025-03,LightVehicles,leve,CHEVROLET,TRACKER LITE,,ICE,nuevo,7,Aduana PY datos abiertos,NCM 8703 automóvil/turismo (default leve)
2025-03,LightVehicles,leve,FIAT,TORO ENDURANCE 1,,ICE,nuevo,7,Aduana PY datos abiertos,NCM 8704.31 GVW≤5t pickup/camioneta
2025-03,LightVehicles,leve,HYUNDAI,NEW SANTA FE,,HEV,nuevo,7,Aduana PY datos abiertos,NCM 8703 automóvil/turismo (default leve)
2025-03,LightVehicles,leve,MAXUS,D60 7 ASIENTOS LUXURY,,ICE,nuevo,7,Aduana PY datos abiertos,NCM 8703 automóvil/turismo (default leve)
2025-03,LightVehicles,leve,MAZDA,(sin modelo),,ICE,usado,7,Aduana PY datos abiertos,NCM 8703 automóvil/turismo (default leve)
2025-03,LightVehicles,leve,PEUGEOT,(sin modelo),,ICE,nuevo,7,Aduana PY datos abiertos,NCM 8703 automóvil/turismo (default leve)
2025-03,LightVehicles,pesado,MERCEDES-BENZ,815,,ICE,usado,7,Aduana PY datos abiertos,NCM 8704.22 typically GVW>5t
2025-03,LightVehicles,leve,BMW,(sin modelo),,ICE,usado,6,Aduana PY datos abiertos,NCM 8703 automóvil/turismo (default leve)
2025-03,LightVehicles,leve,BMW,X3 20 XDRIVE,,ICE,nuevo,6,Aduana PY datos abiertos,NCM 8703 automóvil/turismo (default leve)
2025-03,LightVehicles,leve,CHEVROLET,S10 WORK TRUCK,,ICE,nuevo,6,Aduana PY datos abiertos,NCM 8704.21 GVW≤5t pickup/camioneta
2025-03,LightVehicles,leve,FORD,F-150 DC,,ICE,nuevo,6,Aduana PY datos abiertos,NCM 8704.31 GVW≤5t pickup/camioneta
2025-03,LightVehicles,leve,HYUNDAI,STARIA,,ICE,nuevo,6,Aduana PY datos abiertos,NCM 8704.21 GVW≤5t pickup/camioneta
2025-03,LightVehicles,leve,JEEP,(sin modelo),,ICE,usado,6,Aduana PY datos abiertos,NCM 8703 automóvil/turismo (default leve)
2025-03,LightVehicles,leve,JETOUR,T2,,ICE,nuevo,6,Aduana PY datos abiertos,NCM 8703 automóvil/turismo (default leve)
2025-03,LightVehicles,leve,KGM,TORRES,,ICE,nuevo,6,Aduana PY datos abiertos,NCM 8703 automóvil/turismo (default leve)
2025-03,LightVehicles,leve,RAM,RAMPAGE R/T 2,,ICE,nuevo,6,Aduana PY datos abiertos,NCM 8704.31 GVW≤5t pickup/camioneta
2025-03,LightVehicles,leve,BMW,X5 XDRIVE30D,,ICE,nuevo,5,Aduana PY datos abiertos,NCM 8703 automóvil/turismo (default leve)
2025-03,LightVehicles,leve,CHEVROLET,(sin modelo),,ICE,usado,5,Aduana PY datos abiertos,NCM 8703 automóvil/turismo (default leve)
2025-03,LightVehicles,leve,FORD,EXPLORER PLATINUM 2,,ICE,nuevo,5,Aduana PY datos abiertos,NCM 8703 automóvil/turismo (default leve)
2025-03,LightVehicles,leve,GAC,GS3 GB 1,,ICE,nuevo,5,Aduana PY datos abiertos,NCM 8703 automóvil/turismo (default leve)
2025-03,LightVehicles,leve,GREATWALL,H6 GT,,PHEV,nuevo,5,Aduana PY datos abiertos,NCM 8703 automóvil/turismo (default leve)
2025-03,LightVehicles,leve,HYUNDAI,ALL NEW TUCSON NAFT,,ICE,nuevo,5,Aduana PY datos abiertos,NCM 8703 automóvil/turismo (default leve)
2025-03,LightVehicles,leve,HYUNDAI,NEW SANTA FE HIBRIDA,,HEV,nuevo,5,Aduana PY datos abiertos,NCM 8703 automóvil/turismo (default leve)
2025-03,LightVehicles,leve,KIA,K2700,,ICE,nuevo,5,Aduana PY datos abiertos,NCM 8704.21 GVW≤5t pickup/camioneta
2025-03,LightVehicles,leve,MINI,(sin modelo),,ICE,usado,5,Aduana PY datos abiertos,NCM 8703 automóvil/turismo (default leve)
2025-03,LightVehicles,leve,NISSAN,X-TRAIL E-POWER,,HEV,nuevo,5,Aduana PY datos abiertos,NCM 8703 automóvil/turismo (default leve)
2025-03,LightVehicles,leve,RAM,1500,REBEL CREW CAB,ICE,nuevo,5,Aduana PY datos abiertos,NCM 8704.31 GVW≤5t pickup/camioneta
2025-03,LightVehicles,leve,SUBARU,IMPREZA,,ICE,usado,5,Aduana PY datos abiertos,NCM 8703 automóvil/turismo (default leve)
2025-03,LightVehicles,leve,SUZUKI,(sin modelo),,ICE,usado,5,Aduana PY datos abiertos,NCM 8703 automóvil/turismo (default leve)
2025-03,LightVehicles,leve,TOYOTA,COROLLA FIELDER,,ICE,usado,5,Aduana PY datos abiertos,NCM 8703 automóvil/turismo (default leve)
2025-03,LightVehicles,leve,TOYOTA,RAV4,,ICE,usado,5,Aduana PY datos abiertos,NCM 8703 automóvil/turismo (default leve)
2025-03,LightVehicles,leve,TOYOTA,RUSH,,ICE,usado,5,Aduana PY datos abiertos,NCM 8703 automóvil/turismo (default leve)
2025-03,LightVehicles,leve,VOLKSWAGEN,POLO COMFORTLINE 1,,ICE,nuevo,5,Aduana PY datos abiertos,NCM 8703 automóvil/turismo (default leve)
2025-03,LightVehicles,leve,VOLKSWAGEN,POLO HIGHLINE 1,,ICE,nuevo,5,Aduana PY datos abiertos,NCM 8703 automóvil/turismo (default leve)
2025-03,LightVehicles,pesado,HINO,(sin modelo),,ICE,nuevo,5,Aduana PY datos abiertos,NCM 8704.22 typically GVW>5t
2025-03,LightVehicles,pesado,ISUZU,NQR71L-LN5VAYN,,ICE,nuevo,5,Aduana PY datos abiertos,NCM 8704.22 typically GVW>5t
2025-03,LightVehicles,leve,ATV1,(sin modelo),,ICE,nuevo,4,Aduana PY datos abiertos,NCM 8703 automóvil/turismo (default leve)
2025-03,LightVehicles,leve,BMW,X3 20D XDRIVE,,ICE,nuevo,4,Aduana PY datos abiertos,NCM 8703 automóvil/turismo (default leve)
2025-03,LightVehicles,leve,GAC,GS8 2,,ICE,nuevo,4,Aduana PY datos abiertos,NCM 8703 automóvil/turismo (default leve)
2025-03,LightVehicles,leve,GEELY,(sin modelo),,BEV,nuevo,4,Aduana PY datos abiertos,NCM 8703 automóvil/turismo (default leve)
2025-03,LightVehicles,leve,GREATWALL,JOLION PRO,,HEV,nuevo,4,Aduana PY datos abiertos,NCM 8703 automóvil/turismo (default leve)
2025-03,LightVehicles,leve,HINO,DUTRO,,ICE,usado,4,Aduana PY datos abiertos,NCM 8704.21 GVW≤5t pickup/camioneta
2025-03,LightVehicles,leve,HONDA,CR-V,,ICE,nuevo,4,Aduana PY datos abiertos,NCM 8703 automóvil/turismo (default leve)
2025-03,LightVehicles,leve,HYUNDAI,GRAND STAREX,,ICE,usado,4,Aduana PY datos abiertos,NCM 8703 automóvil/turismo (default leve)
2025-03,LightVehicles,leve,KGM,MUSSO GRAND CON,,ICE,nuevo,4,Aduana PY datos abiertos,NCM 8704.21 GVW≤5t pickup/camioneta
2025-03,LightVehicles,leve,KIA,CARNIVAL,,ICE,usado,4,Aduana PY datos abiertos,passenger van/minibus (Hiace/Staria/…) counts as leve
2025-03,LightVehicles,leve,LAND ROVER,RANGE ROVER SPORT 3,,ICE,nuevo,4,Aduana PY datos abiertos,NCM 8703 automóvil/turismo (default leve)
2025-03,LightVehicles,leve,MAXUS,T90,,ICE,nuevo,4,Aduana PY datos abiertos,NCM 8704.21 GVW≤5t pickup/camioneta
2025-03,LightVehicles,leve,MAXUS,T90 D20,,ICE,nuevo,4,Aduana PY datos abiertos,NCM 8704.21 GVW≤5t pickup/camioneta
2025-03,LightVehicles,leve,MITSUBISHI,CANTER GUTS,,ICE,usado,4,Aduana PY datos abiertos,NCM 8704.21 GVW≤5t pickup/camioneta
2025-03,LightVehicles,leve,MITSUBISHI,MONTERO SPORT GLS 4WD 2,,ICE,nuevo,4,Aduana PY datos abiertos,NCM 8703 automóvil/turismo (default leve)
2025-03,LightVehicles,leve,MITSUBISHI,MONTERO SPORT GLS SAM 4WD 2,,ICE,nuevo,4,Aduana PY datos abiertos,NCM 8703 automóvil/turismo (default leve)
2025-03,LightVehicles,leve,NISSAN,QASHQAI,ADVANCE,ICE,nuevo,4,Aduana PY datos abiertos,NCM 8703 automóvil/turismo (default leve)
2025-03,LightVehicles,leve,NISSAN,X-TRAIL ICE SENSE,,ICE,nuevo,4,Aduana PY datos abiertos,NCM 8703 automóvil/turismo (default leve)
2025-03,LightVehicles,leve,PORSCHE,CAYENNE,,PHEV,nuevo,4,Aduana PY datos abiertos,NCM 8703 automóvil/turismo (default leve)
2025-03,LightVehicles,leve,QUANTUM,(sin modelo),,BEV,nuevo,4,Aduana PY datos abiertos,NCM 8703 automóvil/turismo (default leve)
2025-03,LightVehicles,leve,SUBARU,FORESTER 2,,HEV,nuevo,4,Aduana PY datos abiertos,NCM 8703 automóvil/turismo (default leve)
2025-03,LightVehicles,leve,TATA,SUPERACE MINT LHD EIV-DLE,,ICE,nuevo,4,Aduana PY datos abiertos,NCM 8704.21 GVW≤5t pickup/camioneta
2025-03,LightVehicles,leve,TOYOTA,CALDINA,,ICE,usado,4,Aduana PY datos abiertos,NCM 8703 automóvil/turismo (default leve)
2025-03,LightVehicles,leve,TOYOTA,DYNA,,ICE,usado,4,Aduana PY datos abiertos,NCM 8704.21 GVW≤5t pickup/camioneta
2025-03,LightVehicles,leve,TOYOTA,LAND CRUISER,,ICE,usado,4,Aduana PY datos abiertos,NCM 8703 automóvil/turismo (default leve)
2025-03,LightVehicles,leve,TOYOTA,LAND CRUISER PRADO,,ICE,usado,4,Aduana PY datos abiertos,NCM 8703 automóvil/turismo (default leve)
2025-03,LightVehicles,leve,TOYOTA,LEVIN,,HEV,usado,4,Aduana PY datos abiertos,NCM 8703 automóvil/turismo (default leve)
2025-03,LightVehicles,leve,TOYOTA,REGIUS,,ICE,usado,4,Aduana PY datos abiertos,NCM 8703 automóvil/turismo (default leve)
2025-03,LightVehicles,leve,TOYOTA,TOWNACE,,ICE,usado,4,Aduana PY datos abiertos,NCM 8703 automóvil/turismo (default leve)
2025-03,LightVehicles,pesado,MERCEDES-BENZ,ATEGO,,ICE,usado,4,Aduana PY datos abiertos,NCM 8704.22 typically GVW>5t
2025-03,LightVehicles,pesado,TATA,LPT709E/38-I2K-PS-SCAM-PTOPR-TPL GR00,,ICE,nuevo,4,Aduana PY datos abiertos,NCM 8704.22 typically GVW>5t
2025-03,LightVehicles,leve,AUDI,Q7 3,,ICE,nuevo,3,Aduana PY datos abiertos,NCM 8703 automóvil/turismo (default leve)
2025-03,LightVehicles,leve,BMW,IX1 EDRIVE20,,BEV,nuevo,3,Aduana PY datos abiertos,NCM 8703 automóvil/turismo (default leve)
2025-03,LightVehicles,leve,BMW,X1 XDRIVE25E,,PHEV,nuevo,3,Aduana PY datos abiertos,NCM 8703 automóvil/turismo (default leve)
2025-03,LightVehicles,leve,BMW,X3 30E XDRIVE,,PHEV,nuevo,3,Aduana PY datos abiertos,NCM 8703 automóvil/turismo (default leve)
2025-03,LightVehicles,leve,BMW,X3 XDRIVE20D,,ICE,nuevo,3,Aduana PY datos abiertos,NCM 8703 automóvil/turismo (default leve)
2025-03,LightVehicles,leve,BMW,X5 XDRIVE50E,,PHEV,nuevo,3,Aduana PY datos abiertos,NCM 8703 automóvil/turismo (default leve)
2025-03,LightVehicles,leve,BMW,X6 XDRIVE30D M SPORT,,ICE,nuevo,3,Aduana PY datos abiertos,NCM 8703 automóvil/turismo (default leve)
2025-03,LightVehicles,leve,CHEVROLET,MONTANA LS,,ICE,nuevo,3,Aduana PY datos abiertos,NCM 8704.31 GVW≤5t pickup/camioneta
2025-03,LightVehicles,leve,CHEVROLET,NOVA MONTANA LTZ FLEX AT TURBO,,ICE,nuevo,3,Aduana PY datos abiertos,NCM 8704.31 GVW≤5t pickup/camioneta
2025-03,LightVehicles,leve,CHEVROLET,NOVA MONTANA PREMIER II FLEX AT TURBO,,ICE,nuevo,3,Aduana PY datos abiertos,NCM 8704.31 GVW≤5t pickup/camioneta
2025-03,LightVehicles,leve,CHEVROLET,S10 LTZ,,ICE,nuevo,3,Aduana PY datos abiertos,NCM 8704.21 GVW≤5t pickup/camioneta
2025-03,LightVehicles,leve,GREATWALL,H6 DELUXE,,PHEV,nuevo,3,Aduana PY datos abiertos,NCM 8703 automóvil/turismo (default leve)
2025-03,LightVehicles,leve,HONDA,(sin modelo),,ICE,usado,3,Aduana PY datos abiertos,NCM 8703 automóvil/turismo (default leve)
2025-03,LightVehicles,leve,HYUNDAI,ALL NEW TUCSON DIESEL,,ICE,nuevo,3,Aduana PY datos abiertos,NCM 8703 automóvil/turismo (default leve)
2025-03,LightVehicles,leve,LAND ROVER,(sin modelo),,ICE,usado,3,Aduana PY datos abiertos,NCM 8703 automóvil/turismo (default leve)
2025-03,LightVehicles,leve,LAND ROVER,DEFENDER,,ICE,nuevo,3,Aduana PY datos abiertos,NCM 8703 automóvil/turismo (default leve)
2025-03,LightVehicles,leve,MITSUBISHI,MONTERO SPORT GLS 2WD 2,,ICE,nuevo,3,Aduana PY datos abiertos,NCM 8703 automóvil/turismo (default leve)
2025-03,LightVehicles,leve,NISSAN,QASHQAI,EXCLUSIVE,ICE,nuevo,3,Aduana PY datos abiertos,NCM 8703 automóvil/turismo (default leve)
2025-03,LightVehicles,leve,NISSAN,X-TRAIL E-POWER,ADVANCE E-4ORCE,BEV,nuevo,3,Aduana PY datos abiertos,NCM 8703 automóvil/turismo (default leve)
2025-03,LightVehicles,leve,RENAULT,KWID ZEN 1,,ICE,nuevo,3,Aduana PY datos abiertos,NCM 8703 automóvil/turismo (default leve)
2025-03,LightVehicles,leve,SUZUKI,SWIFT,,ICE,usado,3,Aduana PY datos abiertos,NCM 8703 automóvil/turismo (default leve)
2025-03,LightVehicles,leve,TOYOTA,ALLEX,,ICE,usado,3,Aduana PY datos abiertos,NCM 8703 automóvil/turismo (default leve)
2025-03,LightVehicles,leve,TOYOTA,AQUA,,HEV,usado,3,Aduana PY datos abiertos,NCM 8703 automóvil/turismo (default leve)
2025-03,LightVehicles,leve,TOYOTA,BELTA,,ICE,usado,3,Aduana PY datos abiertos,NCM 8703 automóvil/turismo (default leve)
2025-03,LightVehicles,leve,TOYOTA,COROLLA,,HEV,usado,3,Aduana PY datos abiertos,NCM 8703 automóvil/turismo (default leve)
2025-03,LightVehicles,leve,TOYOTA,COROLLA,,ICE,nuevo,3,Aduana PY datos abiertos,NCM 8703 automóvil/turismo (default leve)
2025-03,LightVehicles,leve,TOYOTA,IQ,,ICE,usado,3,Aduana PY datos abiertos,NCM 8703 automóvil/turismo (default leve)
2025-03,LightVehicles,pesado,HYUNDAI,EX8,,ICE,nuevo,3,Aduana PY datos abiertos,NCM 8704.22 typically GVW>5t
2025-03,LightVehicles,pesado,MERCEDES-BENZ,2025,,ICE,nuevo,3,Aduana PY datos abiertos,NCM 8704.23 typically GVW>5t
2025-03,LightVehicles,leve,AUDI,Q5 2,,ICE,nuevo,2,Aduana PY datos abiertos,NCM 8703 automóvil/turismo (default leve)
2025-03,LightVehicles,leve,AUDI,Q6 PERFORMANCE,,BEV,nuevo,2,Aduana PY datos abiertos,NCM 8703 automóvil/turismo (default leve)
2025-03,LightVehicles,leve,AUDI,Q7 2,,ICE,nuevo,2,Aduana PY datos abiertos,NCM 8703 automóvil/turismo (default leve)
2025-03,LightVehicles,leve,BMW,218I GRAN COUPE,,ICE,nuevo,2,Aduana PY datos abiertos,NCM 8703 automóvil/turismo (default leve)
2025-03,LightVehicles,leve,CHEVROLET,NOVA MONTANA RS FLEX AT TURBO,,ICE,nuevo,2,Aduana PY datos abiertos,NCM 8704.31 GVW≤5t pickup/camioneta
2025-03,LightVehicles,leve,CHEVROLET,S10 CABINA SIMPLE WORK TRUCK,,ICE,nuevo,2,Aduana PY datos abiertos,NCM 8704.21 GVW≤5t pickup/camioneta
2025-03,LightVehicles,leve,CHEVROLET,S10 HIGH COUNTRY,,ICE,nuevo,2,Aduana PY datos abiertos,NCM 8704.21 GVW≤5t pickup/camioneta
2025-03,LightVehicles,leve,CITROEN,C5 AIRCROSS 1,,ICE,nuevo,2,Aduana PY datos abiertos,NCM 8703 automóvil/turismo (default leve)
2025-03,LightVehicles,leve,DAIHATSU,(sin modelo),,ICE,usado,2,Aduana PY datos abiertos,NCM 8703 automóvil/turismo (default leve)
2025-03,LightVehicles,leve,DONGFENG,YIXUAN GS SHINE E3,,ICE,nuevo,2,Aduana PY datos abiertos,NCM 8703 automóvil/turismo (default leve)
2025-03,LightVehicles,leve,FIAT,STRADA ULTRA D/C 1,,ICE,nuevo,2,Aduana PY datos abiertos,NCM 8704.31 GVW≤5t pickup/camioneta
2025-03,LightVehicles,leve,FIAT,TORO ULTRA 1,,ICE,nuevo,2,Aduana PY datos abiertos,NCM 8704.31 GVW≤5t pickup/camioneta
2025-03,LightVehicles,leve,GAC,EMKOO 2,,ICE,nuevo,2,Aduana PY datos abiertos,NCM 8703 automóvil/turismo (default leve)
2025-03,LightVehicles,leve,GAC,EMPOW 1,,ICE,nuevo,2,Aduana PY datos abiertos,NCM 8703 automóvil/turismo (default leve)
2025-03,LightVehicles,leve,GREATWALL,HAVAL H6,,HEV,nuevo,2,Aduana PY datos abiertos,NCM 8703 automóvil/turismo (default leve)
2025-03,LightVehicles,leve,GREATWALL,HAVAL H6,,PHEV,nuevo,2,Aduana PY datos abiertos,NCM 8703 automóvil/turismo (default leve)
2025-03,LightVehicles,leve,GREATWALL,HAVAL H6 7DCT ELITE,,ICE,nuevo,2,Aduana PY datos abiertos,NCM 8703 automóvil/turismo (default leve)
2025-03,LightVehicles,leve,HYUNDAI,EX6 FURGON REFRIGERADO CORTO,,ICE,nuevo,2,Aduana PY datos abiertos,NCM 8704.21 GVW≤5t pickup/camioneta
2025-03,LightVehicles,leve,HYUNDAI,MAXCRUZ,,ICE,usado,2,Aduana PY datos abiertos,NCM 8703 automóvil/turismo (default leve)
2025-03,LightVehicles,leve,JMC,(sin modelo),,BEV,nuevo,2,Aduana PY datos abiertos,8704.60 electric goods vehicle (treated leve unless heavy)
2025-03,LightVehicles,leve,LAND ROVER,RANGE ROVER SPORT 3,,PHEV,nuevo,2,Aduana PY datos abiertos,NCM 8703 automóvil/turismo (default leve)
2025-03,LightVehicles,leve,LEXUS,NX450H+,,PHEV,nuevo,2,Aduana PY datos abiertos,NCM 8703 automóvil/turismo (default leve)
2025-03,LightVehicles,leve,MAXUS,T60 D20 COMFORT SC,,ICE,nuevo,2,Aduana PY datos abiertos,NCM 8704.21 GVW≤5t pickup/camioneta
2025-03,LightVehicles,leve,MAXUS,T60 D20 LUXURY,,ICE,nuevo,2,Aduana PY datos abiertos,NCM 8704.21 GVW≤5t pickup/camioneta
2025-03,LightVehicles,leve,MITSUBISHI,CANTER GUTS DIESEL,,ICE,usado,2,Aduana PY datos abiertos,NCM 8704.21 GVW≤5t pickup/camioneta
2025-03,LightVehicles,leve,MITSUBISHI FUSO,(sin modelo),,ICE,usado,2,Aduana PY datos abiertos,NCM 8704.21 GVW≤5t pickup/camioneta
2025-03,LightVehicles,leve,NISSAN,FAIRLADY Z,,ICE,usado,2,Aduana PY datos abiertos,NCM 8703 automóvil/turismo (default leve)
2025-03,LightVehicles,leve,NISSAN,PATROL 7AT,,ICE,nuevo,2,Aduana PY datos abiertos,NCM 8703 automóvil/turismo (default leve)
2025-03,LightVehicles,leve,RENAULT,KWID INTENS 1,,ICE,nuevo,2,Aduana PY datos abiertos,NCM 8703 automóvil/turismo (default leve)
2025-03,LightVehicles,leve,TOYOTA,CROWN,,ICE,usado,2,Aduana PY datos abiertos,NCM 8703 automóvil/turismo (default leve)
2025-03,LightVehicles,leve,TOYOTA,GRANVIA,,ICE,usado,2,Aduana PY datos abiertos,NCM 8703 automóvil/turismo (default leve)
2025-03,LightVehicles,leve,TOYOTA,HIACE,,ICE,usado,2,Aduana PY datos abiertos,passenger van/minibus (Hiace/Staria/…) counts as leve
2025-03,LightVehicles,leve,TOYOTA,PRIUS,,HEV,usado,2,Aduana PY datos abiertos,NCM 8703 automóvil/turismo (default leve)
2025-03,LightVehicles,leve,TOYOTA,TUNDRA,,ICE,usado,2,Aduana PY datos abiertos,NCM 8704.31 GVW≤5t pickup/camioneta
2025-03,LightVehicles,leve,VOLKSWAGEN,NIVUS 1,,ICE,nuevo,2,Aduana PY datos abiertos,NCM 8703 automóvil/turismo (default leve)
2025-03,LightVehicles,leve,WHEELER,(sin modelo),,ICE,usado,2,Aduana PY datos abiertos,NCM 8703 automóvil/turismo (default leve)
2025-03,LightVehicles,leve,YAMAHA,(sin modelo),,ICE,nuevo,2,Aduana PY datos abiertos,NCM 8703 automóvil/turismo (default leve)
2025-03,LightVehicles,pesado,HYUNDAI,EX10,,ICE,nuevo,2,Aduana PY datos abiertos,NCM 8704.22 typically GVW>5t
2025-03,LightVehicles,pesado,HYUNDAI,EX6,,ICE,nuevo,2,Aduana PY datos abiertos,NCM 8704.22 typically GVW>5t
2025-03,LightVehicles,pesado,ISUZU,NPR71L-KJ5VAYN,,ICE,nuevo,2,Aduana PY datos abiertos,NCM 8704.22 typically GVW>5t
2025-03,LightVehicles,pesado,IVECO,TECTOR 17 280,,ICE,nuevo,2,Aduana PY datos abiertos,NCM 8704.22 typically GVW>5t
2025-03,LightVehicles,pesado,IVECO,TECTOR 260E30,,ICE,nuevo,2,Aduana PY datos abiertos,NCM 8704.23 typically GVW>5t
2025-03,LightVehicles,pesado,MERCEDES-BENZ,1320,,ICE,usado,2,Aduana PY datos abiertos,NCM 8704.22 typically GVW>5t
2025-03,LightVehicles,pesado,NISSAN,(sin modelo),,ICE,usado,2,Aduana PY datos abiertos,NCM 8704.22 typically GVW>5t
2025-03,LightVehicles,pesado,TATA,LPT 613/38 LHD 697TCIC EURO-II ENGINE 31,,ICE,nuevo,2,Aduana PY datos abiertos,NCM 8704.22 typically GVW>5t
2025-03,LightVehicles,pesado,TATA,LPT1116-42WB-697TCIC EUROII-PS-G600-352D,,ICE,nuevo,2,Aduana PY datos abiertos,NCM 8704.22 typically GVW>5t
2025-03,LightVehicles,pesado,VOLKSWAGEN,24,,ICE,nuevo,2,Aduana PY datos abiertos,NCM 8704.23 typically GVW>5t
2025-03,LightVehicles,pesado,VOLKSWAGEN,31,,ICE,nuevo,2,Aduana PY datos abiertos,NCM 8704.23 typically GVW>5t
2025-03,LightVehicles,recreativo,YAMAHA,(sin modelo),,ICE,usado,2,Aduana PY datos abiertos,NCM 8703.10
2025-03,LightVehicles,leve,AUDI,(sin modelo),,ICE,usado,1,Aduana PY datos abiertos,NCM 8703 automóvil/turismo (default leve)
2025-03,LightVehicles,leve,AUDI,Q2 1,,ICE,nuevo,1,Aduana PY datos abiertos,NCM 8703 automóvil/turismo (default leve)
2025-03,LightVehicles,leve,AUDI,Q6 QUATTRO,,BEV,nuevo,1,Aduana PY datos abiertos,NCM 8703 automóvil/turismo (default leve)
2025-03,LightVehicles,leve,BMW,218 GRAN COUPE,,ICE,nuevo,1,Aduana PY datos abiertos,NCM 8703 automóvil/turismo (default leve)
2025-03,LightVehicles,leve,BMW,740I,,ICE,usado,1,Aduana PY datos abiertos,NCM 8703 automóvil/turismo (default leve)
2025-03,LightVehicles,leve,BMW,IX XDRIVE50,,BEV,nuevo,1,Aduana PY datos abiertos,NCM 8703 automóvil/turismo (default leve)
2025-03,LightVehicles,leve,BMW,IX1 EDRIVE30,,BEV,nuevo,1,Aduana PY datos abiertos,NCM 8703 automóvil/turismo (default leve)
2025-03,LightVehicles,leve,BMW,IX3 M SPORT,,BEV,nuevo,1,Aduana PY datos abiertos,NCM 8703 automóvil/turismo (default leve)
2025-03,LightVehicles,leve,BMW,M2 COUPE,,ICE,nuevo,1,Aduana PY datos abiertos,NCM 8703 automóvil/turismo (default leve)
2025-03,LightVehicles,leve,BMW,X1,,ICE,usado,1,Aduana PY datos abiertos,NCM 8703 automóvil/turismo (default leve)
2025-03,LightVehicles,leve,BMW,X1 M35I XDRIVE,,ICE,nuevo,1,Aduana PY datos abiertos,NCM 8703 automóvil/turismo (default leve)
2025-03,LightVehicles,leve,BMW,X1 SDRIVE18I,,ICE,nuevo,1,Aduana PY datos abiertos,NCM 8703 automóvil/turismo (default leve)
2025-03,LightVehicles,leve,BMW,X2 XDRIVE20I,,ICE,nuevo,1,Aduana PY datos abiertos,NCM 8703 automóvil/turismo (default leve)
2025-03,LightVehicles,leve,BMW,X3 M50 XDRIVE,,ICE,nuevo,1,Aduana PY datos abiertos,NCM 8703 automóvil/turismo (default leve)
2025-03,LightVehicles,leve,BMW,X4,,ICE,usado,1,Aduana PY datos abiertos,NCM 8703 automóvil/turismo (default leve)
2025-03,LightVehicles,leve,BMW,X6 M60I XDRIVE,,ICE,nuevo,1,Aduana PY datos abiertos,NCM 8703 automóvil/turismo (default leve)
2025-03,LightVehicles,leve,BMW,X7 XDRIVE40I,,ICE,nuevo,1,Aduana PY datos abiertos,NCM 8703 automóvil/turismo (default leve)
2025-03,LightVehicles,leve,BMW,XM,,PHEV,nuevo,1,Aduana PY datos abiertos,NCM 8703 automóvil/turismo (default leve)
2025-03,LightVehicles,leve,CHEVROLET,CRUZE,,ICE,usado,1,Aduana PY datos abiertos,NCM 8703 automóvil/turismo (default leve)
2025-03,LightVehicles,leve,CHEVROLET,MONTANA LTZ,,ICE,nuevo,1,Aduana PY datos abiertos,NCM 8704.31 GVW≤5t pickup/camioneta
2025-03,LightVehicles,leve,CHEVROLET,S10 CABINA DOBLE WORK TRUCK,,ICE,nuevo,1,Aduana PY datos abiertos,NCM 8704.21 GVW≤5t pickup/camioneta
2025-03,LightVehicles,leve,CHEVROLET,S10 Z71,,ICE,nuevo,1,Aduana PY datos abiertos,NCM 8704.21 GVW≤5t pickup/camioneta
2025-03,LightVehicles,leve,CHEVROLET,SILVERADO,,ICE,usado,1,Aduana PY datos abiertos,NCM 8704.31 GVW≤5t pickup/camioneta
2025-03,LightVehicles,leve,CHEVROLET,SPARK LT,,ICE,usado,1,Aduana PY datos abiertos,NCM 8703 automóvil/turismo (default leve)
2025-03,LightVehicles,leve,CHEVROLET,STINGRAY,,ICE,usado,1,Aduana PY datos abiertos,NCM 8703 automóvil/turismo (default leve)
2025-03,LightVehicles,leve,CHEVROLET,TRAILBLAZER HIGH COUNTRY,,ICE,nuevo,1,Aduana PY datos abiertos,NCM 8703 automóvil/turismo (default leve)
2025-03,LightVehicles,leve,CITROEN,BERLINGO FURGON HDI 69,,ICE,nuevo,1,Aduana PY datos abiertos,NCM 8704.21 GVW≤5t pickup/camioneta
2025-03,LightVehicles,leve,CLUB CAR,(sin modelo),,ICE,usado,1,Aduana PY datos abiertos,NCM 8703 automóvil/turismo (default leve)
2025-03,LightVehicles,leve,DAHIATSU,(sin modelo),,ICE,usado,1,Aduana PY datos abiertos,NCM 8703 automóvil/turismo (default leve)
2025-03,LightVehicles,leve,DAIHATSU,TERIOS,,ICE,usado,1,Aduana PY datos abiertos,NCM 8703 automóvil/turismo (default leve)
2025-03,LightVehicles,leve,DODGE,(sin modelo),,ICE,usado,1,Aduana PY datos abiertos,NCM 8703 automóvil/turismo (default leve)
2025-03,LightVehicles,leve,DONFENG,AX7 E2,,ICE,nuevo,1,Aduana PY datos abiertos,NCM 8703 automóvil/turismo (default leve)
2025-03,LightVehicles,leve,DONGFENG,YIXUAN GS SHINE E2,,ICE,nuevo,1,Aduana PY datos abiertos,NCM 8703 automóvil/turismo (default leve)
2025-03,LightVehicles,leve,FACTORY FIVE,GTM,,ICE,usado,1,Aduana PY datos abiertos,NCM 8703 automóvil/turismo (default leve)
2025-03,LightVehicles,leve,FIAT,FIAT TORO ULTRA 1,,ICE,nuevo,1,Aduana PY datos abiertos,NCM 8704.31 GVW≤5t pickup/camioneta
2025-03,LightVehicles,leve,FIAT,STRADA RANCH D/C 1,,ICE,nuevo,1,Aduana PY datos abiertos,NCM 8704.31 GVW≤5t pickup/camioneta
2025-03,LightVehicles,leve,FIAT,TORO RANCH 2,,ICE,nuevo,1,Aduana PY datos abiertos,NCM 8704.21 GVW≤5t pickup/camioneta
2025-03,LightVehicles,leve,FORD,(sin modelo),,ICE,usado,1,Aduana PY datos abiertos,NCM 8703 automóvil/turismo (default leve)
2025-03,LightVehicles,leve,FORD,F150 XLT,,ICE,usado,1,Aduana PY datos abiertos,NCM 8704.31 GVW≤5t pickup/camioneta
2025-03,LightVehicles,leve,GAC,EMZOOM GB 1,,ICE,nuevo,1,Aduana PY datos abiertos,NCM 8703 automóvil/turismo (default leve)
2025-03,LightVehicles,leve,GAC,EMZOOM GL 1,,ICE,nuevo,1,Aduana PY datos abiertos,NCM 8703 automóvil/turismo (default leve)
2025-03,LightVehicles,leve,GAC,EMZOOM GS 1,,ICE,nuevo,1,Aduana PY datos abiertos,NCM 8703 automóvil/turismo (default leve)
2025-03,LightVehicles,leve,GAC,M6 GB 1,,ICE,nuevo,1,Aduana PY datos abiertos,NCM 8703 automóvil/turismo (default leve)
2025-03,LightVehicles,leve,GREATWALL,HAVAL H6 DELUXE,,PHEV,nuevo,1,Aduana PY datos abiertos,NCM 8703 automóvil/turismo (default leve)
2025-03,LightVehicles,leve,HONDA,PILOT 5DR ELITE 10A,,ICE,nuevo,1,Aduana PY datos abiertos,NCM 8703 automóvil/turismo (default leve)
2025-03,LightVehicles,leve,HUMMER,(sin modelo),,ICE,usado,1,Aduana PY datos abiertos,NCM 8703 automóvil/turismo (default leve)
2025-03,LightVehicles,leve,HYUNDAI,EX6,,ICE,nuevo,1,Aduana PY datos abiertos,NCM 8704.21 GVW≤5t pickup/camioneta
2025-03,LightVehicles,leve,HYUNDAI,PALISADE,,ICE,nuevo,1,Aduana PY datos abiertos,NCM 8703 automóvil/turismo (default leve)
2025-03,LightVehicles,leve,HYUNDAI,SONATA,,ICE,usado,1,Aduana PY datos abiertos,NCM 8703 automóvil/turismo (default leve)
2025-03,LightVehicles,leve,HYUNDAI,TUCCSON,,ICE,usado,1,Aduana PY datos abiertos,NCM 8703 automóvil/turismo (default leve)
2025-03,LightVehicles,leve,HYUNDAI,VERACRUZ,,ICE,usado,1,Aduana PY datos abiertos,NCM 8703 automóvil/turismo (default leve)
2025-03,LightVehicles,leve,ISUZU,(sin modelo),,ICE,usado,1,Aduana PY datos abiertos,NCM 8704.21 GVW≤5t pickup/camioneta
2025-03,LightVehicles,leve,IVECO,35C4,,ICE,usado,1,Aduana PY datos abiertos,NCM 8704.21 GVW≤5t pickup/camioneta
2025-03,LightVehicles,leve,JAC,SUNRAY FURGON,,ICE,nuevo,1,Aduana PY datos abiertos,NCM 8704.21 GVW≤5t pickup/camioneta
2025-03,LightVehicles,leve,JEEP,WRANGLER RUBICON,,ICE,usado,1,Aduana PY datos abiertos,NCM 8703 automóvil/turismo (default leve)
2025-03,LightVehicles,leve,JOHN DEERE,GATOR 855D,,ICE,usado,1,Aduana PY datos abiertos,NCM 8704.21 GVW≤5t pickup/camioneta
2025-03,LightVehicles,leve,KIA,BONGO,,ICE,usado,1,Aduana PY datos abiertos,NCM 8704.21 GVW≤5t pickup/camioneta
2025-03,LightVehicles,leve,KIA,SPOTAGE,,ICE,usado,1,Aduana PY datos abiertos,NCM 8703 automóvil/turismo (default leve)
2025-03,LightVehicles,leve,LAND ROVER,DEFENDER,,PHEV,nuevo,1,Aduana PY datos abiertos,NCM 8703 automóvil/turismo (default leve)
2025-03,LightVehicles,leve,LAND ROVER,RANGE ROVER VELAR 2,,PHEV,nuevo,1,Aduana PY datos abiertos,NCM 8703 automóvil/turismo (default leve)
2025-03,LightVehicles,leve,LEXUS,NX350H,,HEV,nuevo,1,Aduana PY datos abiertos,NCM 8703 automóvil/turismo (default leve)
2025-03,LightVehicles,leve,LEXUS,UX300H,,HEV,nuevo,1,Aduana PY datos abiertos,NCM 8703 automóvil/turismo (default leve)
2025-03,LightVehicles,leve,MAXUS,T60 D20 COMFORT,,ICE,nuevo,1,Aduana PY datos abiertos,NCM 8704.21 GVW≤5t pickup/camioneta
2025-03,LightVehicles,leve,MAXUS,T60 LUXURY,,ICE,nuevo,1,Aduana PY datos abiertos,NCM 8704.21 GVW≤5t pickup/camioneta
2025-03,LightVehicles,leve,MAZDA,DEMIO,,ICE,usado,1,Aduana PY datos abiertos,NCM 8703 automóvil/turismo (default leve)
2025-03,LightVehicles,leve,MAZDA,TITAN,,ICE,usado,1,Aduana PY datos abiertos,NCM 8704.21 GVW≤5t pickup/camioneta
2025-03,LightVehicles,leve,MERCEDES-BENZ,280 SE,,ICE,usado,1,Aduana PY datos abiertos,NCM 8703 automóvil/turismo (default leve)
2025-03,LightVehicles,leve,MERCEDES-BENZ,C200,,ICE,usado,1,Aduana PY datos abiertos,NCM 8703 automóvil/turismo (default leve)
2025-03,LightVehicles,leve,MERCEDES-BENZ,C220 CDI,,ICE,usado,1,Aduana PY datos abiertos,NCM 8703 automóvil/turismo (default leve)
2025-03,LightVehicles,leve,MERCEDES-BENZ,C250,,ICE,usado,1,Aduana PY datos abiertos,NCM 8703 automóvil/turismo (default leve)
2025-03,LightVehicles,leve,MERCEDES-BENZ,E320 CDI,,ICE,usado,1,Aduana PY datos abiertos,NCM 8703 automóvil/turismo (default leve)
2025-03,LightVehicles,leve,MERCEDES-BENZ,GLE 350,,ICE,usado,1,Aduana PY datos abiertos,NCM 8703 automóvil/turismo (default leve)
2025-03,LightVehicles,leve,MERCEDES-BENZ,GLK320 D,,ICE,usado,1,Aduana PY datos abiertos,NCM 8703 automóvil/turismo (default leve)
2025-03,LightVehicles,leve,MERCEDES-BENZ,GLS450,,ICE,usado,1,Aduana PY datos abiertos,NCM 8703 automóvil/turismo (default leve)
2025-03,LightVehicles,leve,MERCEDES-BENZ,ML 350 BLUETEC,,ICE,usado,1,Aduana PY datos abiertos,NCM 8703 automóvil/turismo (default leve)
2025-03,LightVehicles,leve,MINI,MINI COOPER COUNTRYMAN,,ICE,usado,1,Aduana PY datos abiertos,NCM 8703 automóvil/turismo (default leve)
2025-03,LightVehicles,leve,MITSUBISHI,CANTAER,,ICE,usado,1,Aduana PY datos abiertos,NCM 8704.21 GVW≤5t pickup/camioneta
2025-03,LightVehicles,leve,MITSUBISHI,CANTER DIESEL,,ICE,usado,1,Aduana PY datos abiertos,NCM 8704.21 GVW≤5t pickup/camioneta
2025-03,LightVehicles,leve,MITSUBISHI,CANTER FUSO,,ICE,usado,1,Aduana PY datos abiertos,NCM 8704.21 GVW≤5t pickup/camioneta
2025-03,LightVehicles,leve,MITSUBISHI,DELICA,,ICE,usado,1,Aduana PY datos abiertos,NCM 8703 automóvil/turismo (default leve)
2025-03,LightVehicles,leve,MITSUBISHI,FUSO,,ICE,usado,1,Aduana PY datos abiertos,NCM 8704.21 GVW≤5t pickup/camioneta
2025-03,LightVehicles,leve,NISSAN,BLUEBIRD SYLPHY,,ICE,usado,1,Aduana PY datos abiertos,NCM 8703 automóvil/turismo (default leve)
2025-03,LightVehicles,leve,NISSAN,FRONTIER,,ICE,usado,1,Aduana PY datos abiertos,NCM 8704.31 GVW≤5t pickup/camioneta
2025-03,LightVehicles,leve,NISSAN,PATHFINDER,LIMITED,ICE,nuevo,1,Aduana PY datos abiertos,NCM 8703 automóvil/turismo (default leve)
2025-03,LightVehicles,leve,NISSAN,PATHFINDER,PLATINUM,ICE,nuevo,1,Aduana PY datos abiertos,NCM 8703 automóvil/turismo (default leve)
2025-03,LightVehicles,leve,OPEL,COMBO EN EL ESTADO QUE SE ENCUENTRE,,ICE,usado,1,Aduana PY datos abiertos,NCM 8704.21 GVW≤5t pickup/camioneta
2025-03,LightVehicles,leve,OPEL,COMBO VAN,,ICE,usado,1,Aduana PY datos abiertos,NCM 8703 automóvil/turismo (default leve)
2025-03,LightVehicles,leve,OPEL,ZAFIRA,,ICE,usado,1,Aduana PY datos abiertos,NCM 8703 automóvil/turismo (default leve)
2025-03,LightVehicles,leve,POLARIS,RGR-25 1K PS CR,,ICE,nuevo,1,Aduana PY datos abiertos,NCM 8704.31 GVW≤5t pickup/camioneta
2025-03,LightVehicles,leve,POLARIS,RGR-25 1K XP,,ICE,nuevo,1,Aduana PY datos abiertos,NCM 8704.31 GVW≤5t pickup/camioneta
2025-03,LightVehicles,leve,POLARIS,RGR-25 CREW 570,,ICE,nuevo,1,Aduana PY datos abiertos,NCM 8704.31 GVW≤5t pickup/camioneta
2025-03,LightVehicles,leve,PORSCHE,(sin modelo),,ICE,nuevo,1,Aduana PY datos abiertos,NCM 8703 automóvil/turismo (default leve)
2025-03,LightVehicles,leve,PORSCHE,(sin modelo),,ICE,usado,1,Aduana PY datos abiertos,NCM 8703 automóvil/turismo (default leve)
2025-03,LightVehicles,leve,PORSCHE,911 CARRERA GTS,,ICE,nuevo,1,Aduana PY datos abiertos,NCM 8703 automóvil/turismo (default leve)
2025-03,LightVehicles,leve,PORSCHE,911 GT3 RS,,ICE,nuevo,1,Aduana PY datos abiertos,NCM 8703 automóvil/turismo (default leve)
2025-03,LightVehicles,leve,PORSCHE,MACAN,,ICE,nuevo,1,Aduana PY datos abiertos,NCM 8703 automóvil/turismo (default leve)
2025-03,LightVehicles,leve,PORSCHE,MACAN T,,ICE,nuevo,1,Aduana PY datos abiertos,NCM 8703 automóvil/turismo (default leve)
2025-03,LightVehicles,leve,PORSCHE,PANAMERA DIESEL,,ICE,usado,1,Aduana PY datos abiertos,NCM 8703 automóvil/turismo (default leve)
2025-03,LightVehicles,leve,RENAULT,KARDIAN,EVOLUTION 1,ICE,nuevo,1,Aduana PY datos abiertos,NCM 8703 automóvil/turismo (default leve)
2025-03,LightVehicles,leve,RENAULT,KARDIAN,PREMIERE EDITION 1,ICE,nuevo,1,Aduana PY datos abiertos,NCM 8703 automóvil/turismo (default leve)
2025-03,LightVehicles,leve,RENAULT,KWID E-TECH,,BEV,nuevo,1,Aduana PY datos abiertos,NCM 8703 automóvil/turismo (default leve)
2025-03,LightVehicles,leve,SIN MARCA,IMPREZA,,ICE,usado,1,Aduana PY datos abiertos,NCM 8703 automóvil/turismo (default leve)
2025-03,LightVehicles,leve,SKODA,FABIA RS RALLY2,,ICE,usado,1,Aduana PY datos abiertos,NCM 8703 automóvil/turismo (default leve)
2025-03,LightVehicles,leve,SUBARU,BRZ,,ICE,usado,1,Aduana PY datos abiertos,NCM 8703 automóvil/turismo (default leve)
2025-03,LightVehicles,leve,SUBARU,OUTBACK 2,,ICE,nuevo,1,Aduana PY datos abiertos,NCM 8703 automóvil/turismo (default leve)
2025-03,LightVehicles,leve,SUBARU,WRX STI,,ICE,usado,1,Aduana PY datos abiertos,NCM 8703 automóvil/turismo (default leve)
2025-03,LightVehicles,leve,TOYOTA,86,,ICE,usado,1,Aduana PY datos abiertos,NCM 8703 automóvil/turismo (default leve)
2025-03,LightVehicles,leve,TOYOTA,ALLION NAFTERO,,ICE,usado,1,Aduana PY datos abiertos,NCM 8703 automóvil/turismo (default leve)
2025-03,LightVehicles,leve,TOYOTA,ALPHARD,,ICE,usado,1,Aduana PY datos abiertos,passenger van/minibus (Hiace/Staria/…) counts as leve
2025-03,LightVehicles,leve,TOYOTA,AURIS,,HEV,usado,1,Aduana PY datos abiertos,NCM 8703 automóvil/turismo (default leve)
2025-03,LightVehicles,leve,TOYOTA,CELICA,,ICE,usado,1,Aduana PY datos abiertos,NCM 8703 automóvil/turismo (default leve)
2025-03,LightVehicles,leve,TOYOTA,CROW ATHLETEN,,ICE,usado,1,Aduana PY datos abiertos,NCM 8703 automóvil/turismo (default leve)
2025-03,LightVehicles,leve,TOYOTA,CROWN ATHLETE,,ICE,usado,1,Aduana PY datos abiertos,NCM 8703 automóvil/turismo (default leve)
2025-03,LightVehicles,leve,TOYOTA,FIELDER,,ICE,usado,1,Aduana PY datos abiertos,NCM 8703 automóvil/turismo (default leve)
2025-03,LightVehicles,leve,TOYOTA,FORTUNER,,ICE,usado,1,Aduana PY datos abiertos,NCM 8703 automóvil/turismo (default leve)
2025-03,LightVehicles,leve,TOYOTA,GRAND HIACE DIESEL,,ICE,usado,1,Aduana PY datos abiertos,passenger van/minibus (Hiace/Staria/…) counts as leve
2025-03,LightVehicles,leve,TOYOTA,HIGHLANDER,,ICE,usado,1,Aduana PY datos abiertos,NCM 8703 automóvil/turismo (default leve)
2025-03,LightVehicles,leve,TOYOTA,ISIS,,ICE,usado,1,Aduana PY datos abiertos,NCM 8703 automóvil/turismo (default leve)
2025-03,LightVehicles,leve,TOYOTA,MARK X,,ICE,usado,1,Aduana PY datos abiertos,NCM 8703 automóvil/turismo (default leve)
2025-03,LightVehicles,leve,TOYOTA,NOAHA O,,ICE,usado,1,Aduana PY datos abiertos,NCM 8703 automóvil/turismo (default leve)
2025-03,LightVehicles,leve,TOYOTA,PASSO,,ICE,usado,1,Aduana PY datos abiertos,NCM 8703 automóvil/turismo (default leve)
2025-03,LightVehicles,leve,TOYOTA,PRIUS,,ICE,usado,1,Aduana PY datos abiertos,NCM 8703 automóvil/turismo (default leve)
2025-03,LightVehicles,leve,TOYOTA,REGIUSACE,,ICE,usado,1,Aduana PY datos abiertos,NCM 8703 automóvil/turismo (default leve)
2025-03,LightVehicles,leve,TOYOTA,REGIUSACE SUPER GL,,ICE,usado,1,Aduana PY datos abiertos,NCM 8703 automóvil/turismo (default leve)
2025-03,LightVehicles,leve,TOYOTA,TOYOACCE,,ICE,usado,1,Aduana PY datos abiertos,NCM 8704.21 GVW≤5t pickup/camioneta
2025-03,LightVehicles,leve,VOLKSWAGEN,GTI,,ICE,usado,1,Aduana PY datos abiertos,NCM 8703 automóvil/turismo (default leve)
2025-03,LightVehicles,leve,ZEEKR,ZEEKR 001 SPORT,,BEV,nuevo,1,Aduana PY datos abiertos,NCM 8703 automóvil/turismo (default leve)
2025-03,LightVehicles,leve,ZEEKR,ZEEKR X FLAGSHIP,,BEV,nuevo,1,Aduana PY datos abiertos,NCM 8703 automóvil/turismo (default leve)
2025-03,LightVehicles,leve,ZEEKR,ZEEKR X PREMIUM,,BEV,nuevo,1,Aduana PY datos abiertos,NCM 8703 automóvil/turismo (default leve)
2025-03,LightVehicles,pesado,IVECO,(sin modelo),,ICE,usado,1,Aduana PY datos abiertos,NCM 8704.22 typically GVW>5t
2025-03,LightVehicles,pesado,MASSEY FERGUSON,(sin modelo),,ICE,usado,1,Aduana PY datos abiertos,NCM 8704.22 typically GVW>5t
2025-03,LightVehicles,pesado,MERCEDES BEN,818,,ICE,usado,1,Aduana PY datos abiertos,NCM 8704.22 typically GVW>5t
2025-03,LightVehicles,pesado,MERCEDES-BENZ,1218,,ICE,usado,1,Aduana PY datos abiertos,NCM 8704.22 typically GVW>5t
2025-03,LightVehicles,pesado,MERCEDES-BENZ,814,,ICE,usado,1,Aduana PY datos abiertos,NCM 8704.22 typically GVW>5t
2025-03,LightVehicles,pesado,MERCEDES-BENZ,816,,ICE,usado,1,Aduana PY datos abiertos,NCM 8704.22 typically GVW>5t
2025-03,LightVehicles,pesado,MERCEDES-BENZ,818,,ICE,usado,1,Aduana PY datos abiertos,NCM 8704.22 typically GVW>5t
2025-03,LightVehicles,pesado,MERCEDES-BENZ,914,,ICE,usado,1,Aduana PY datos abiertos,NCM 8704.22 typically GVW>5t
2025-03,LightVehicles,pesado,MERCEDES-BENZ,ATEGO 818,,ICE,usado,1,Aduana PY datos abiertos,NCM 8704.22 typically GVW>5t
2025-03,LightVehicles,pesado,SCANIA,124 360,,ICE,usado,1,Aduana PY datos abiertos,NCM 8704.22 typically GVW>5t
2025-03,LightVehicles,pesado,SCANIA,P124,,ICE,usado,1,Aduana PY datos abiertos,NCM 8704.23 typically GVW>5t
2025-03,LightVehicles,pesado,SCANIA,P340,,ICE,usado,1,Aduana PY datos abiertos,NCM 8704.22 typically GVW>5t
2025-03,LightVehicles,pesado,SCANIA,P93,,ICE,usado,1,Aduana PY datos abiertos,NCM 8704.22 typically GVW>5t
2025-03,LightVehicles,pesado,SCANIA,P94,,ICE,usado,1,Aduana PY datos abiertos,NCM 8704.23 typically GVW>5t
2025-03,LightVehicles,pesado,SCANIA,PK 14080,,ICE,usado,1,Aduana PY datos abiertos,NCM 8704.22 typically GVW>5t
2025-03,LightVehicles,pesado,SCANIA,R114/380,,ICE,usado,1,Aduana PY datos abiertos,NCM 8704.22 typically GVW>5t
2025-03,LightVehicles,pesado,SINTRUK,(sin modelo),,ICE,nuevo,1,Aduana PY datos abiertos,NCM 8704.23 typically GVW>5t
2025-03,LightVehicles,recreativo,NE,(sin modelo),,ICE,nuevo,1,Aduana PY datos abiertos,NCM 8703.10
2025-03,LightVehicles,recreativo,SHINING,(sin modelo),,ICE,nuevo,1,Aduana PY datos abiertos,NCM 8703.10
2025-03,LightVehicles,recreativo,TIKING,VITACCI T-REX 150,,ICE,usado,1,Aduana PY datos abiertos,keyword ATV/UTV/carrito golf/snow
2025-03,LightVehicles,recreativo,TIKING,VITACCI T-REX 150CC,,ICE,usado,1,Aduana PY datos abiertos,keyword ATV/UTV/carrito golf/snow
