corte,plugshare_id,operadora,nome,departamento,ccs,gbt,chademo,kw_nominal,kw_real,estado,comentario,url
2024-03,556244,EverGo,AGRIESA - EverGo,Alto Paraná,1,0,1,50,50,En Funcionamiento,,https://www.plugshare.com/location/556244
2024-03,550304,EverGo,Biggie Express Lillo Villa Morra - EverGo,Central,1,0,1,50,50,En Funcionamiento,,https://www.plugshare.com/location/550304
2024-03,591112,EverGo,Biggie Express Ñemby - EverGo,Central,1,0,1,50,50,En Funcionamiento,,https://www.plugshare.com/location/591112
2024-03,550305,EverGo,Biggie Express Sargento Gauto - Evergo,Central,1,0,1,50,50,En Funcionamiento,,https://www.plugshare.com/location/550305
2024-03,561818,EverGo,Biggie Genaro Romero - Evergo,Central,1,0,1,50,50,En Funcionamiento,,https://www.plugshare.com/location/561818
2024-03,496785,Petrobras,,,1,0,1,0,0,Fuera de Servicio,*roto,https://www.plugshare.com/location/496785
2024-03,561924,EverGo,Biggie Luque - EverGo,Central,1,0,1,50,50,En Funcionamiento,,https://www.plugshare.com/location/561924
2024-03,577015,EverGo,Biggie Mcal/ López - EverGo,Central,1,0,1,50,50,En Funcionamiento,,https://www.plugshare.com/location/577015
2024-03,548865,EverGo,Biggie San Lorenzo - EverGo,Central,1,0,1,50,50,En Funcionamiento,,https://www.plugshare.com/location/548865
2024-03,541237,Diesa,D Shopping Coronel Oviedo,Caaguazú,1,1,0,60,60,En Funcionamiento,,https://www.plugshare.com/location/541237
2024-03,582737,Diesa,Diesa Ciudad Del Este,Alto Paraná,0,1,0,60,60,En Funcionamiento,,https://www.plugshare.com/location/582737
2024-03,222978,PTI,Estacion de servicio Enex,Cordillera,1,1,1,50,50,En Funcionamiento,,https://www.plugshare.com/location/222978
2024-03,576598,EverGo,Estación De Servicio Puma y Drei Schritte,Canindeyú,1,0,1,50,50,En Funcionamiento,,https://www.plugshare.com/location/576598
2024-03,561831,Enex,Estacion de Servicios Enex,Central,1,1,0,50,50,En Funcionamiento,,https://www.plugshare.com/location/561831
2024-03,530588,Automotor,Estación Integral - Yby Yau,Concepción,1,0,1,100,80,En Funcionamiento,*Cable limitado a 200A,https://www.plugshare.com/location/530588
2024-03,513138,Automotor,Estación Integral km 201 - Automotor,Caaguazú,2,0,0,100,80,En Funcionamiento,*Cable limitado a 200A,https://www.plugshare.com/location/513138
2024-03,559663,EverGo,Estación Puma Interlagos - EverGo,Alto Paraná,1,0,1,50,50,En Funcionamiento,,https://www.plugshare.com/location/559663
2024-03,545869,EverGo,Evergo - Biggie De Las Palmeras,Central,1,0,1,50,50,En Funcionamiento,,https://www.plugshare.com/location/545869
2024-03,547717,Diesa,Hotel Cooperativa MPAI Naranjito Ltda.,Itapua,1,1,0,60,60,En Funcionamiento,,https://www.plugshare.com/location/547717
2024-03,525657,Automotor,Integral Sacramento Y Vía Ferrea - Automotor,Central,2,0,0,100,80,En Funcionamiento,*Cable limitado a 200A,https://www.plugshare.com/location/525657
2024-03,525017,Automotor,Integral Santani - Automotor,San Pedro,2,0,0,100,80,En Funcionamiento,*Cable limitado a 200A,https://www.plugshare.com/location/525017
2024-03,512141,Automotor,Integral Service Station,Alto Paraná,2,0,0,100,80,En Funcionamiento,*Cable limitado a 200A,https://www.plugshare.com/location/512141
2024-03,354126,Diesa,Parador Del Touring,Misiones,1,1,0,60,60,En Funcionamiento,,https://www.plugshare.com/location/354126
2024-03,223276,PTI,Petropar San Jose 2,Caaguazú,1,0,1,50,50,En Funcionamiento,,https://www.plugshare.com/location/223276
2024-03,576600,EverGo,Puma Kaavo Santani - EverGo,San Pedro,1,0,1,50,50,En Funcionamiento,,https://www.plugshare.com/location/576600
2024-03,560790,EverGo,Puma Parador campo 9 - EverGo,Caaguazú,1,0,1,50,50,En Funcionamiento,,https://www.plugshare.com/location/560790
2024-03,588466,EverGo,Puma Shopping Pinedo - EverGo,Central,1,0,1,50,50,En Funcionamiento,,https://www.plugshare.com/location/588466
2024-03,561234,EverGo,Puma Ypacarai - EverGo,Central,1,0,1,50,50,En Funcionamiento,,https://www.plugshare.com/location/561234
2024-03,247410,Timbo,Shell Madame Lynch - BAIC,Central,0,2,0,50,50,Fuera de Servicio,,https://www.plugshare.com/location/247410
2024-03,485055,Shell,Shell Recharge | Estación Shell Bahia Aviadores - ASU,Central,1,0,1,50,50,En Funcionamiento,,https://www.plugshare.com/location/485055
2024-03,478320,EverGo,Volvo charge - EverGo,Central,1,0,1,50,50,En Funcionamiento,,https://www.plugshare.com/location/478320
2024-03,602983,EverGo,Fruteria Paraguari - EverGo,Paraguari,1,0,1,50,50,En Funcionamiento,,https://www.plugshare.com/location/602983
2024-03,605132,EverGo,EverGo Copetrol Caapucu,Paraguari,1,0,1,50,50,En Funcionamiento,,https://www.plugshare.com/location/605132
2024-03,606927,EverGo,Biggie Express Perú,Central,1,0,1,50,50,En Funcionamiento,,https://www.plugshare.com/location/606927
2024-03,605133,EverGo,Biggie Express Ita,Central,1,0,1,50,50,En Funcionamiento,,https://www.plugshare.com/location/605133
2024-05,556244,EverGo,AGRIESA - EverGo,Alto Paraná,1,0,1,50,50,En Funcionamiento,,https://www.plugshare.com/location/556244
2024-05,550304,EverGo,Biggie Express Lillo Villa Morra - EverGo,Central,1,0,1,50,50,En Funcionamiento,,https://www.plugshare.com/location/550304
2024-05,591112,EverGo,Biggie Express Ñemby - EverGo,Central,1,0,1,50,50,En Funcionamiento,,https://www.plugshare.com/location/591112
2024-05,550305,EverGo,Biggie Express Sargento Gauto - Evergo,Central,1,0,1,50,50,En Funcionamiento,,https://www.plugshare.com/location/550305
2024-05,561818,EverGo,Biggie Genaro Romero - Evergo,Central,1,0,1,50,50,En Funcionamiento,,https://www.plugshare.com/location/561818
2024-05,496785,Petrobras,,,1,0,1,0,0,Fuera de Servicio,*roto,https://www.plugshare.com/location/496785
2024-05,561924,EverGo,Biggie Luque - EverGo,Central,1,0,1,50,50,En Funcionamiento,,https://www.plugshare.com/location/561924
2024-05,577015,EverGo,Biggie Mcal/ López - EverGo,Central,1,0,1,50,50,En Funcionamiento,,https://www.plugshare.com/location/577015
2024-05,548865,EverGo,Biggie San Lorenzo - EverGo,Central,1,0,1,50,50,En Funcionamiento,,https://www.plugshare.com/location/548865
2024-05,541237,Diesa,D Shopping Coronel Oviedo,Caaguazú,1,1,0,60,60,En Funcionamiento,,https://www.plugshare.com/location/541237
2024-05,582737,Diesa,Diesa Ciudad Del Este,Alto Paraná,0,1,0,60,60,En Funcionamiento,,https://www.plugshare.com/location/582737
2024-05,222978,PTI,Estacion de servicio Enex,Cordillera,1,1,1,50,50,En Funcionamiento,,https://www.plugshare.com/location/222978
2024-05,576598,EverGo,Estación De Servicio Puma y Drei Schritte,Canindeyú,1,0,1,50,50,En Funcionamiento,,https://www.plugshare.com/location/576598
2024-05,561831,Enex,Estacion de Servicios Enex,Central,1,1,0,50,50,En Funcionamiento,,https://www.plugshare.com/location/561831
2024-05,530588,Automotor,Estación Integral - Yby Yau,Concepción,1,0,1,100,80,En Funcionamiento,*Cable limitado a 200A,https://www.plugshare.com/location/530588
2024-05,513138,Automotor,Estación Integral km 201 - Automotor,Caaguazú,2,0,0,100,80,En Funcionamiento,*Cable limitado a 200A,https://www.plugshare.com/location/513138
2024-05,559663,EverGo,Estación Puma Interlagos - EverGo,Alto Paraná,1,0,1,50,50,En Funcionamiento,,https://www.plugshare.com/location/559663
2024-05,545869,EverGo,Evergo - Biggie De Las Palmeras,Central,1,0,1,50,50,En Funcionamiento,,https://www.plugshare.com/location/545869
2024-05,547717,Diesa,Hotel Cooperativa MPAI Naranjito Ltda.,Itapua,1,1,0,60,60,En Funcionamiento,,https://www.plugshare.com/location/547717
2024-05,525657,Automotor,Integral Sacramento Y Vía Ferrea - Automotor,Central,2,0,0,100,80,En Funcionamiento,*Cable limitado a 200A,https://www.plugshare.com/location/525657
2024-05,525017,Automotor,Integral Santani - Automotor,San Pedro,2,0,0,100,80,En Funcionamiento,*Cable limitado a 200A,https://www.plugshare.com/location/525017
2024-05,512141,Automotor,Integral Service Station,Alto Paraná,2,0,0,100,80,En Funcionamiento,*Cable limitado a 200A,https://www.plugshare.com/location/512141
2024-05,354126,Diesa,Parador Del Touring,Misiones,1,1,0,60,60,En Funcionamiento,,https://www.plugshare.com/location/354126
2024-05,223276,PTI,Petropar San Jose 2,Caaguazú,1,0,1,50,50,En Funcionamiento,,https://www.plugshare.com/location/223276
2024-05,576600,EverGo,Puma Kaavo Santani - EverGo,San Pedro,1,0,1,50,50,En Funcionamiento,,https://www.plugshare.com/location/576600
2024-05,560790,EverGo,Puma Parador campo 9 - EverGo,Caaguazú,1,0,1,50,50,En Funcionamiento,,https://www.plugshare.com/location/560790
2024-05,588466,EverGo,Puma Shopping Pinedo - EverGo,Central,1,0,1,50,50,En Funcionamiento,,https://www.plugshare.com/location/588466
2024-05,561234,EverGo,Puma Ypacarai - EverGo,Central,1,0,1,50,50,En Funcionamiento,,https://www.plugshare.com/location/561234
2024-05,247410,Timbo,Shell Madame Lynch - BAIC,Central,0,2,0,50,50,Fuera de Servicio,,https://www.plugshare.com/location/247410
2024-05,485055,Shell,Shell Recharge | Estación Shell Bahia Aviadores - ASU,Central,1,0,1,50,50,En Funcionamiento,,https://www.plugshare.com/location/485055
2024-05,478320,EverGo,Volvo charge - EverGo,Central,1,0,1,50,50,En Funcionamiento,,https://www.plugshare.com/location/478320
2024-05,602983,EverGo,Fruteria Paraguari - EverGo,Paraguari,1,0,1,50,50,En Funcionamiento,,https://www.plugshare.com/location/602983
2024-05,605132,EverGo,EverGo Copetrol Caapucu,Paraguari,1,0,1,50,50,En Funcionamiento,,https://www.plugshare.com/location/605132
2024-05,606927,EverGo,Biggie Express Perú,Central,1,0,1,50,50,En Funcionamiento,,https://www.plugshare.com/location/606927
2024-05,605133,EverGo,Biggie Express Ita,Central,1,0,1,50,50,En Funcionamiento,,https://www.plugshare.com/location/605133
2024-05,620840,Diesa,Parador Piringo - Diesa,Misiones,1,1,0,120,80,En Funcionamiento,*Cable limitado a 200A,https://www.plugshare.com/location/620840
2024-08,556244,EverGo,AGRIESA - EverGo,Alto Paraná,1,0,1,50,50,En Funcionamiento,,https://www.plugshare.com/location/556244
2024-08,550304,EverGo,Biggie Express Lillo Villa Morra - EverGo,Central,1,0,1,50,50,En Funcionamiento,,https://www.plugshare.com/location/550304
2024-08,591112,EverGo,Biggie Express Ñemby - EverGo,Central,1,0,1,50,50,En Funcionamiento,,https://www.plugshare.com/location/591112
2024-08,550305,EverGo,Biggie Express Sargento Gauto - Evergo,Central,1,0,1,50,50,En Funcionamiento,,https://www.plugshare.com/location/550305
2024-08,561818,EverGo,,Central,1,0,1,50,50,En Funcionamiento,,https://www.plugshare.com/location/561818
2024-08,496785,Petrobras,,,1,0,1,0,0,Fuera de Servicio,*roto,https://www.plugshare.com/location/496785
2024-08,561924,EverGo,Biggie Luque - EverGo,Central,1,0,1,50,50,En Funcionamiento,,https://www.plugshare.com/location/561924
2024-08,577015,EverGo,Biggie Mcal/ López - EverGo,Central,1,0,1,50,50,En Funcionamiento,,https://www.plugshare.com/location/577015
2024-08,548865,EverGo,Biggie San Lorenzo - EverGo,Central,1,0,1,50,50,En Funcionamiento,,https://www.plugshare.com/location/548865
2024-08,541237,Diesa,D Shopping Coronel Oviedo,Caaguazú,1,1,0,60,60,En Funcionamiento,,https://www.plugshare.com/location/541237
2024-08,582737,Diesa,Diesa Ciudad Del Este,Alto Paraná,0,1,0,60,60,En Funcionamiento,,https://www.plugshare.com/location/582737
2024-08,222978,PTI,Estacion de servicio Enex,Cordillera,1,1,1,50,50,En Funcionamiento,,https://www.plugshare.com/location/222978
2024-08,576598,EverGo,Estación De Servicio Puma y Drei Schritte,Canindeyú,1,0,1,50,50,En Funcionamiento,,https://www.plugshare.com/location/576598
2024-08,561831,Enex,Estacion de Servicios Enex,Central,1,1,0,50,50,En Funcionamiento,,https://www.plugshare.com/location/561831
2024-08,530588,Automotor,Estación Integral - Yby Yau,Concepción,1,0,1,100,80,En Funcionamiento,*Cable limitado a 200A,https://www.plugshare.com/location/530588
2024-08,513138,Automotor,Estación Integral km 201 - Automotor,Caaguazú,2,0,0,100,80,En Funcionamiento,*Cable limitado a 200A,https://www.plugshare.com/location/513138
2024-08,559663,EverGo,Estación Puma Interlagos - EverGo,Alto Paraná,1,0,1,50,50,En Funcionamiento,,https://www.plugshare.com/location/559663
2024-08,545869,EverGo,Evergo - Biggie De Las Palmeras,Central,1,0,1,50,50,En Funcionamiento,,https://www.plugshare.com/location/545869
2024-08,547717,Diesa,Hotel Cooperativa MPAI Naranjito Ltda.,Itapua,1,1,0,60,60,En Funcionamiento,,https://www.plugshare.com/location/547717
2024-08,525657,Automotor,Integral Sacramento Y Vía Ferrea - Automotor,Central,2,0,0,100,80,En Funcionamiento,*Cable limitado a 200A,https://www.plugshare.com/location/525657
2024-08,525017,Automotor,Integral Santani - Automotor,San Pedro,2,0,0,100,80,En Funcionamiento,*Cable limitado a 200A,https://www.plugshare.com/location/525017
2024-08,512141,Automotor,Integral Service Station,Alto Paraná,2,0,0,100,80,En Funcionamiento,*Cable limitado a 200A,https://www.plugshare.com/location/512141
2024-08,354126,Diesa,Parador Del Touring,Misiones,1,1,0,60,60,En Funcionamiento,,https://www.plugshare.com/location/354126
2024-08,223276,PTI,Petropar San Jose 2,Caaguazú,1,0,1,50,50,En Funcionamiento,,https://www.plugshare.com/location/223276
2024-08,576600,EverGo,Puma Kaavo Santani - EverGo,San Pedro,1,0,1,50,50,En Funcionamiento,,https://www.plugshare.com/location/576600
2024-08,560790,EverGo,Puma Parador campo 9 - EverGo,Caaguazú,1,0,1,50,50,En Funcionamiento,,https://www.plugshare.com/location/560790
2024-08,588466,EverGo,Puma Shopping Pinedo - EverGo,Central,1,0,1,50,50,En Funcionamiento,,https://www.plugshare.com/location/588466
2024-08,561234,EverGo,Puma Ypacarai - EverGo,Central,1,0,1,50,50,En Funcionamiento,,https://www.plugshare.com/location/561234
2024-08,247410,Timbo,Shell Madame Lynch - BAIC,Central,0,2,0,50,50,Fuera de Servicio,,https://www.plugshare.com/location/247410
2024-08,485055,Shell,Shell Recharge | Estación Shell Bahia Aviadores - ASU,Central,1,0,1,50,50,En Funcionamiento,,https://www.plugshare.com/location/485055
2024-08,478320,EverGo,Volvo charge - EverGo,Central,1,0,1,50,50,En Funcionamiento,,https://www.plugshare.com/location/478320
2024-08,602983,EverGo,Fruteria Paraguari - EverGo,Paraguari,1,0,1,50,50,En Funcionamiento,,https://www.plugshare.com/location/602983
2024-08,605132,EverGo,Copetrol Caapucu - EverGo,Paraguari,1,0,1,50,50,En Funcionamiento,,https://www.plugshare.com/location/605132
2024-08,606927,EverGo,Biggie Express Perú,Central,1,0,1,50,50,En Funcionamiento,,https://www.plugshare.com/location/606927
2024-08,605133,EverGo,Biggie Express Ita,Central,1,0,1,50,50,En Funcionamiento,,https://www.plugshare.com/location/605133
2024-08,620840,Diesa,Parador Piringo - Diesa,Misiones,1,1,0,120,80,Por Inaugurar,*Cable limitado a 200A,https://www.plugshare.com/location/620840
2024-08,630617,EverGo,Petropar Ayolas - EverGo,Misiones,1,0,1,50,50,En Funcionamiento,,https://www.plugshare.com/location/630617
2024-08,630753,EverGo,Petropar Cnel. Bogado - EverGo,Misiones,1,0,1,50,50,En Funcionamiento,,https://www.plugshare.com/location/630753
2024-08,630794,Diesa,Diesa Encarnación,Misiones,1,1,0,60,80,En Funcionamiento,,https://www.plugshare.com/location/630794
2024-08,640967,,Petropar San Ignacio - EverGo,Misiones,1,0,1,50,50,,,https://www.plugshare.com/location/640967
2024-11,556244,EverGo,AGRIESA - EverGo,Alto Paraná,1,0,1,50,50,En Funcionamiento,,https://www.plugshare.com/location/556244
2024-11,550304,EverGo,Biggie Express Lillo Villa Morra - EverGo,Central,1,0,1,50,50,En Funcionamiento,,https://www.plugshare.com/location/550304
2024-11,591112,EverGo,Biggie Express Ñemby - EverGo,Central,1,0,1,50,50,En Funcionamiento,,https://www.plugshare.com/location/591112
2024-11,550305,EverGo,Biggie Express Sargento Gauto - Evergo,Central,1,0,1,50,50,En Funcionamiento,,https://www.plugshare.com/location/550305
2024-11,561818,EverGo,,Central,1,0,1,50,50,En Funcionamiento,,https://www.plugshare.com/location/561818
2024-11,496785,Petrobras,,,1,0,1,0,0,Fuera de Servicio,*roto,https://www.plugshare.com/location/496785
2024-11,561924,EverGo,Biggie Luque - EverGo,Central,1,0,1,50,50,En Funcionamiento,,https://www.plugshare.com/location/561924
2024-11,577015,EverGo,Biggie Mcal/ López - EverGo,Central,1,0,1,50,50,En Funcionamiento,,https://www.plugshare.com/location/577015
2024-11,548865,EverGo,Biggie San Lorenzo - EverGo,Central,1,0,1,50,50,En Funcionamiento,,https://www.plugshare.com/location/548865
2024-11,541237,Diesa,D Shopping Coronel Oviedo,Caaguazú,1,1,0,60,60,En Funcionamiento,,https://www.plugshare.com/location/541237
2024-11,582737,Diesa,Diesa Ciudad Del Este,Alto Paraná,0,1,0,60,60,En Funcionamiento,,https://www.plugshare.com/location/582737
2024-11,222978,PTI,Estacion de servicio Enex,Cordillera,1,1,1,50,50,En Funcionamiento,,https://www.plugshare.com/location/222978
2024-11,576598,EverGo,Estación De Servicio Puma y Drei Schritte,Canindeyú,1,0,1,50,50,En Funcionamiento,,https://www.plugshare.com/location/576598
2024-11,561831,Enex,Estacion de Servicios Enex,Central,1,1,0,50,50,En Funcionamiento,,https://www.plugshare.com/location/561831
2024-11,530588,Automotor,Estación Integral - Yby Yau,Concepción,1,0,1,100,80,En Funcionamiento,*Cable limitado a 200A,https://www.plugshare.com/location/530588
2024-11,513138,Automotor,Estación Integral km 201 - Automotor,Caaguazú,2,0,0,100,80,En Funcionamiento,*Cable limitado a 200A,https://www.plugshare.com/location/513138
2024-11,559663,EverGo,Estación Puma Interlagos - EverGo,Alto Paraná,1,0,1,50,50,En Funcionamiento,,https://www.plugshare.com/location/559663
2024-11,545869,EverGo,Evergo - Biggie De Las Palmeras,Central,1,0,1,50,50,En Funcionamiento,,https://www.plugshare.com/location/545869
2024-11,547717,Diesa,Hotel Cooperativa MPAI Naranjito Ltda.,Itapua,1,1,0,60,60,En Funcionamiento,,https://www.plugshare.com/location/547717
2024-11,525657,Automotor,Integral Sacramento Y Vía Ferrea - Automotor,Central,2,0,0,100,80,En Funcionamiento,*Cable limitado a 200A,https://www.plugshare.com/location/525657
2024-11,525017,Automotor,Integral Santani - Automotor,San Pedro,2,0,0,100,80,En Funcionamiento,*Cable limitado a 200A,https://www.plugshare.com/location/525017
2024-11,512141,Automotor,Integral Service Station,Alto Paraná,2,0,0,100,80,En Funcionamiento,*Cable limitado a 200A,https://www.plugshare.com/location/512141
2024-11,354126,Diesa,Parador Del Touring,Misiones,1,1,0,60,60,En Funcionamiento,,https://www.plugshare.com/location/354126
2024-11,223276,PTI,Petropar San Jose 2,Caaguazú,1,0,1,50,50,En Funcionamiento,,https://www.plugshare.com/location/223276
2024-11,576600,EverGo,Puma Kaavo Santani - EverGo,San Pedro,1,0,1,50,50,En Funcionamiento,,https://www.plugshare.com/location/576600
2024-11,560790,EverGo,Puma Parador campo 9 - EverGo,Caaguazú,1,0,1,50,50,En Funcionamiento,,https://www.plugshare.com/location/560790
2024-11,588466,EverGo,Puma Shopping Pinedo - EverGo,Central,1,0,1,50,50,En Funcionamiento,,https://www.plugshare.com/location/588466
2024-11,561234,EverGo,Puma Ypacarai - EverGo,Central,1,0,1,50,50,En Funcionamiento,,https://www.plugshare.com/location/561234
2024-11,247410,Timbo,Shell Madame Lynch - BAIC,Central,0,2,0,50,50,En Funcionamiento,,https://www.plugshare.com/location/247410
2024-11,485055,Shell,Shell Recharge | Estación Shell Bahia Aviadores - ASU,Central,1,0,1,50,50,En Funcionamiento,,https://www.plugshare.com/location/485055
2024-11,478320,EverGo,Volvo charge - EverGo,Central,1,0,1,50,50,En Funcionamiento,,https://www.plugshare.com/location/478320
2024-11,602983,EverGo,Fruteria Paraguari - EverGo,Paraguari,1,0,1,50,50,En Funcionamiento,,https://www.plugshare.com/location/602983
2024-11,605132,EverGo,Copetrol Caapucu - EverGo,Paraguari,1,0,1,50,50,En Funcionamiento,,https://www.plugshare.com/location/605132
2024-11,606927,EverGo,Biggie Express Perú,Central,1,0,1,50,50,En Funcionamiento,,https://www.plugshare.com/location/606927
2024-11,605133,EverGo,Biggie Express Ita,Central,1,0,1,50,50,En Funcionamiento,,https://www.plugshare.com/location/605133
2024-11,620840,Diesa,Parador Piringo - Diesa,Misiones,1,1,0,120,80,En Funcionamiento,*Cable limitado a 200A,https://www.plugshare.com/location/620840
2024-11,630617,EverGo,Petropar Ayolas - EverGo,Misiones,1,0,1,50,50,En Funcionamiento,,https://www.plugshare.com/location/630617
2024-11,630753,EverGo,Petropar Cnel. Bogado - EverGo,Misiones,1,0,1,50,50,En Funcionamiento,,https://www.plugshare.com/location/630753
2024-11,630794,Diesa,Diesa Encarnación,Misiones,1,1,0,60,80,En Funcionamiento,,https://www.plugshare.com/location/630794
2024-11,640967,EverGo,Petropar San Ignacio - EverGo,Misiones,1,0,1,50,50,En Funcionamiento,,https://www.plugshare.com/location/640967
2024-11,657526,EverGo,Petromax San José - EverGo,Caaguazú,1,0,1,50,50,En Funcionamiento,,https://www.plugshare.com/location/657526
2025-03,556244,EverGo,AGRIESA - EverGo,Alto Paraná,1,0,1,50,50,En Funcionamiento,,https://www.plugshare.com/location/556244
2025-03,550304,EverGo,Biggie Express Lillo Villa Morra - EverGo,Central,1,0,1,50,50,En Funcionamiento,,https://www.plugshare.com/location/550304
2025-03,591112,EverGo,Biggie Express Ñemby - EverGo,Central,1,0,1,50,50,En Funcionamiento,,https://www.plugshare.com/location/591112
2025-03,550305,EverGo,Biggie Express Sargento Gauto - Evergo,Central,1,0,1,50,50,En Funcionamiento,,https://www.plugshare.com/location/550305
2025-03,561818,EverGo,,Central,1,0,1,50,50,En Funcionamiento,,https://www.plugshare.com/location/561818
2025-03,496785,Petrobras,,,1,0,1,0,0,Fuera de Servicio,*roto,https://www.plugshare.com/location/496785
2025-03,561924,EverGo,Biggie Luque - EverGo,Central,1,0,1,50,50,En Funcionamiento,,https://www.plugshare.com/location/561924
2025-03,577015,EverGo,Biggie Mcal/ López - EverGo,Central,1,0,1,50,50,En Funcionamiento,,https://www.plugshare.com/location/577015
2025-03,548865,EverGo,Biggie San Lorenzo - EverGo,Central,1,0,1,50,50,En Funcionamiento,,https://www.plugshare.com/location/548865
2025-03,541237,Diesa,D Shopping Coronel Oviedo,Caaguazú,1,1,0,60,60,En Funcionamiento,,https://www.plugshare.com/location/541237
2025-03,582737,Diesa,Diesa Ciudad Del Este,Alto Paraná,0,1,0,60,60,En Funcionamiento,,https://www.plugshare.com/location/582737
2025-03,222978,PTI,Estacion de servicio Enex,Cordillera,1,1,1,50,50,En Funcionamiento,,https://www.plugshare.com/location/222978
2025-03,576598,EverGo,Estación De Servicio Puma y Drei Schritte,Canindeyú,1,0,1,50,50,En Funcionamiento,,https://www.plugshare.com/location/576598
2025-03,561831,Enex,Estacion de Servicios Enex,Central,1,1,0,50,50,En Funcionamiento,,https://www.plugshare.com/location/561831
2025-03,530588,Automotor,Estación Integral - Yby Yau,Concepción,1,0,1,100,80,En Funcionamiento,*Cable limitado a 200A,https://www.plugshare.com/location/530588
2025-03,513138,Automotor,Estación Integral km 201 - Automotor,Caaguazú,2,0,0,100,80,En Funcionamiento,*Cable limitado a 200A,https://www.plugshare.com/location/513138
2025-03,559663,EverGo,Estación Puma Interlagos - EverGo,Alto Paraná,1,0,1,50,50,En Funcionamiento,,https://www.plugshare.com/location/559663
2025-03,545869,EverGo,Evergo - Biggie De Las Palmeras,Central,1,0,1,50,50,En Funcionamiento,,https://www.plugshare.com/location/545869
2025-03,547717,Diesa,Hotel Cooperativa MPAI Naranjito Ltda.,Itapua,1,1,0,60,60,En Funcionamiento,,https://www.plugshare.com/location/547717
2025-03,525657,Automotor,Integral Sacramento Y Vía Ferrea - Automotor,Central,2,0,0,100,80,En Funcionamiento,*Cable limitado a 200A,https://www.plugshare.com/location/525657
2025-03,525017,Automotor,Integral Santani - Automotor,San Pedro,2,0,0,100,80,En Funcionamiento,*Cable limitado a 200A,https://www.plugshare.com/location/525017
2025-03,512141,Automotor,Integral Service Station,Alto Paraná,2,0,0,100,80,En Funcionamiento,*Cable limitado a 200A,https://www.plugshare.com/location/512141
2025-03,354126,Diesa,Parador Del Touring,Misiones,1,1,0,60,60,En Funcionamiento,,https://www.plugshare.com/location/354126
2025-03,223276,PTI,Petropar San Jose 2,Caaguazú,1,0,1,50,50,En Funcionamiento,,https://www.plugshare.com/location/223276
2025-03,576600,EverGo,Puma Kaavo Santani - EverGo,San Pedro,1,0,1,50,50,En Funcionamiento,,https://www.plugshare.com/location/576600
2025-03,560790,EverGo,Puma Parador campo 9 - EverGo,Caaguazú,1,0,1,50,50,En Funcionamiento,,https://www.plugshare.com/location/560790
2025-03,588466,EverGo,Puma Shopping Pinedo - EverGo,Central,1,0,1,50,50,En Funcionamiento,,https://www.plugshare.com/location/588466
2025-03,561234,EverGo,Puma Ypacarai - EverGo,Central,1,0,1,50,50,En Funcionamiento,,https://www.plugshare.com/location/561234
2025-03,247410,Timbo,Shell Madame Lynch - BAIC,Central,0,2,0,50,50,En Funcionamiento,,https://www.plugshare.com/location/247410
2025-03,485055,Shell,Shell Recharge | Estación Shell Bahia Aviadores - ASU,Central,1,0,1,50,50,En Funcionamiento,,https://www.plugshare.com/location/485055
2025-03,478320,EverGo,Volvo charge - EverGo,Central,1,0,1,50,50,En Funcionamiento,,https://www.plugshare.com/location/478320
2025-03,602983,EverGo,Fruteria Paraguari - EverGo,Paraguari,1,0,1,50,50,En Funcionamiento,,https://www.plugshare.com/location/602983
2025-03,605132,EverGo,Copetrol Caapucu - EverGo,Paraguari,1,0,1,50,50,En Funcionamiento,,https://www.plugshare.com/location/605132
2025-03,606927,EverGo,Biggie Express Perú,Central,1,0,1,50,50,En Funcionamiento,,https://www.plugshare.com/location/606927
2025-03,605133,EverGo,Biggie Express Ita,Central,1,0,1,50,50,En Funcionamiento,,https://www.plugshare.com/location/605133
2025-03,620840,Diesa,Parador Piringo - Diesa,Misiones,1,1,0,120,80,En Funcionamiento,*Cable limitado a 200A,https://www.plugshare.com/location/620840
2025-03,630617,EverGo,Petropar Ayolas - EverGo,Misiones,1,0,1,50,50,En Funcionamiento,,https://www.plugshare.com/location/630617
2025-03,630753,EverGo,Petropar Cnel. Bogado - EverGo,Misiones,1,0,1,50,50,En Funcionamiento,,https://www.plugshare.com/location/630753
2025-03,630794,Diesa,Diesa Encarnación,Misiones,1,1,0,60,80,En Funcionamiento,,https://www.plugshare.com/location/630794
2025-03,640967,EverGo,Petropar San Ignacio - EverGo,Misiones,1,0,1,50,50,En Funcionamiento,,https://www.plugshare.com/location/640967
2025-03,657526,EverGo,Petromax San José - EverGo,Caaguazú,1,0,1,50,50,En Funcionamiento,,https://www.plugshare.com/location/657526
2025-03,712478,,,,,,,,,,,https://www.plugshare.com/location/712478
