plugshare_id,nome_2026,departamento_2026,operadora_2026,status_2026,kw_2026,plugs_2026,operadora_2024_01,operadora_2024_02,operadora_2024_03,operadora_2024_05,operadora_2024_08,operadora_2024_11,operadora_2025_03,primeira_aparicao,ultima_aparicao
222978,Estacion de servicio Petropar,Cordillera,Petropar,ativo,38,2,,,PTI,PTI,PTI,PTI,PTI,2024-03,2026-10
223276,Petropar San Jose 2,Caaguazú,Petropar,ativo,51,2,,,PTI,PTI,PTI,PTI,PTI,2024-03,2026-10
247410,Shell Madame Lynch - BAIC,Asunción (Capital),Shell Recharge,ativo,50,2,,,Timbo,Timbo,Timbo,Timbo,Timbo,2024-03,2026-10
346524,Audi Center,Asunción (Capital),Audi,ativo (restrito),25,1,,,,,,,,2026-10,2026-10
354126,Parador Del Touring,Misiones,não informado,ativo,88,2,,,Diesa,Diesa,Diesa,Diesa,Diesa,2024-03,2026-10
367979,Esquina DIESA,Cordillera,Diesa,ativo,60,2,,,,,,,,2026-10,2026-10
478320,Volvo charge - EverGo,Asunción (Capital),Evergo,ativo,50,2,,,EverGo,EverGo,EverGo,EverGo,EverGo,2024-03,2026-10
485055,Estación Shell Bahia Aviadores - ASU,Asunción (Capital),Shell Recharge,em manutenção,50,2,,,Shell,Shell,Shell,Shell,Shell,2024-03,2026-10
496785,,,,,,,,,Petrobras,Petrobras,Petrobras,Petrobras,Petrobras,2024-03,2025-03
512141,Integral Service Station AUTOMOTOR,Alto Paraná,Automotor,parcialmente em manutenção,100,2,,,Automotor,Automotor,Automotor,Automotor,Automotor,2024-03,2026-10
513138,Integral - Estación de Servicios Pastoreo,Caaguazú,Automotor,ativo,100,2,,,Automotor,Automotor,Automotor,Automotor,Automotor,2024-03,2026-10
525017,Integral Santani - Automotor,San Pedro,Automotor,ativo,100,2,,,Automotor,Automotor,Automotor,Automotor,Automotor,2024-03,2026-10
525657,Integral Sacramento Y Vía Ferrea - Automotor,Asunción (Capital),Automotor,ativo,100,2,,,Automotor,Automotor,Automotor,Automotor,Automotor,2024-03,2026-10
530588,Estación Integral - Yby Yau,Concepción,Automotor,ativo,100,2,,,Automotor,Automotor,Automotor,Automotor,Automotor,2024-03,2026-10
541237,D Shopping Coronel Oviedo,Caaguazú,não informado,ativo,60,2,,,Diesa,Diesa,Diesa,Diesa,Diesa,2024-03,2026-10
545869,Evergo - Biggie De Las Palmeras,Asunción (Capital),Evergo,ativo,50,2,,,EverGo,EverGo,EverGo,EverGo,EverGo,2024-03,2026-10
547717,Hotel Cooperativa MPAI Naranjito Ltda.,Itapúa,Diesa,ativo,80,2,,,Diesa,Diesa,Diesa,Diesa,Diesa,2024-03,2026-10
548865,Biggie San Lorenzo - EverGo,Central,Evergo,ativo,50,2,,,EverGo,EverGo,EverGo,EverGo,EverGo,2024-03,2026-10
550304,Biggie Express Lillo Villa Morra - EverGo,Asunción (Capital),Evergo,ativo,51,2,,,EverGo,EverGo,EverGo,EverGo,EverGo,2024-03,2026-10
550305,Biggie Express Sargento Gauto -  Evergo,Asunción (Capital),Evergo,ativo,50,2,,,EverGo,EverGo,EverGo,EverGo,EverGo,2024-03,2026-10
556244,,,,,,,,,EverGo,EverGo,EverGo,EverGo,EverGo,2024-03,2025-03
559663,Estación Puma Interlagos - Evergo,Alto Paraná,Evergo,ativo,50,2,,,EverGo,EverGo,EverGo,EverGo,EverGo,2024-03,2026-10
560790,Parador Campo 9 Evergo,Caaguazú,Evergo,ativo,52,2,,,EverGo,EverGo,EverGo,EverGo,EverGo,2024-03,2026-10
561234,Puma Ypacarai - EverGo,Central,Evergo,em manutenção,51,2,,,EverGo,EverGo,EverGo,EverGo,EverGo,2024-03,2026-10
561818,Biggie Genaro Romero - Evergo,Asunción (Capital),Evergo,ativo,46,2,,,EverGo,EverGo,EverGo,EverGo,EverGo,2024-03,2026-10
561831,Estacion De Servicios Enex,Asunción (Capital),Enex,parcialmente em manutenção,60,2,,,Enex,Enex,Enex,Enex,Enex,2024-03,2026-10
561924,Biggie Luque - EverGo,Central,Evergo,em manutenção,50,2,,,EverGo,EverGo,EverGo,EverGo,EverGo,2024-03,2026-10
576598,Estación De Servicio Puma y Drei Schritte - EverGo,Canindeyú,Evergo,ativo,50,2,,,EverGo,EverGo,EverGo,EverGo,EverGo,2024-03,2026-10
576600,Almacén Ka'avo SA (1),San Pedro,Evergo,ativo,60,2,,,EverGo,EverGo,EverGo,EverGo,EverGo,2024-03,2026-10
577015,Biggie Mcal/ López - EverGo,Asunción (Capital),Evergo,ativo,45,2,,,EverGo,EverGo,EverGo,EverGo,EverGo,2024-03,2026-10
582737,Diesa Ciudad Del Este,Alto Paraná,Diesa,ativo,60,3,,,Diesa,Diesa,Diesa,Diesa,Diesa,2024-03,2026-10
588466,Puma Shopping Pinedo - EverGo,Central,Evergo,ativo,48,2,,,EverGo,EverGo,EverGo,EverGo,EverGo,2024-03,2026-10
591112,Biggie Express Ñemby - EverGo,Central,Evergo,ativo,50,2,,,EverGo,EverGo,EverGo,EverGo,EverGo,2024-03,2026-10
602983,Fruteria Paraguari - EverGo,Paraguarí,Evergo,ativo,50,2,,,EverGo,EverGo,EverGo,EverGo,EverGo,2024-03,2026-10
605132,Copetrol Caapucu - EverGo,Paraguarí,Evergo,ativo,50,2,,,EverGo,EverGo,EverGo,EverGo,EverGo,2024-03,2026-10
605133,Biggie Ita - EverGo,Central,Evergo,ativo,50,2,,,EverGo,EverGo,EverGo,EverGo,EverGo,2024-03,2026-10
606927,Biggie Express Perú,Asunción (Capital),Evergo,ativo,50,2,,,EverGo,EverGo,EverGo,EverGo,EverGo,2024-03,2026-10
620840,Parador Piringo - Diesa,Misiones,Diesa,em manutenção,120,2,,,,Diesa,Diesa,Diesa,Diesa,2024-05,2026-10
623158,Audi - Prestigio Group S.A.,Alto Paraná,Audi,em manutenção,25,1,,,,,,,,2026-10,2026-10
630617,Petropar Ayolas - EverGo,Misiones,Evergo,ativo,50,2,,,,,EverGo,EverGo,EverGo,2024-08,2026-10
630753,Petropar Cnel. Bogado - EverGo,Itapúa,Evergo,ativo,45,2,,,,,EverGo,EverGo,EverGo,2024-08,2026-10
630794,Diesa Encarnación,Itapúa,Diesa,ativo (restrito),60,2,,,,,Diesa,Diesa,Diesa,2024-08,2026-10
640967,Petropar San Ignacio - EverGo,Misiones,Evergo,ativo,50,2,,,,,,EverGo,EverGo,2024-08,2026-10
657526,Petromax San José - EverGo,Caaguazú,Evergo,ativo,51,2,,,,,,EverGo,EverGo,2024-11,2026-10
712478,Automotor S.A. Suc. Encarnación EVERGO,Itapúa,Automotor,ativo,100,2,,,,,,,,2026-10,2026-10
717062,,Canindeyú,não informado,ativo (residencial/privado),11,2,,,,,,,,2026-10,2026-10
720223,3MG San Bernardino - Automotor EVERGO,Cordillera,Automotor,ativo,100,2,,,,,,,,2026-10,2026-10
723717,Paseo Guarani,Central,não informado,ativo,60,1,,,,,,,,2026-10,2026-10
734367,"Itaipu KM 3,5",Alto Paraná,PTI,ativo,50,2,,,,,,,,2026-10,2026-10
735451,Shopping China Importados,Amambay,AG Power,ativo,60,1,,,,,,,,2026-10,2026-10
759932,Charger Pro - Shopping China,Amambay,Charger Pro,ativo,60,4,,,,,,,,2026-10,2026-10
799783,Barbería Kratos,Central,não informado,ativo,22,2,,,,,,,,2026-10,2026-10
854324,,Alto Paraná,residencial / privado,ativo (residencial/privado),,1,,,,,,,,2026-10,2026-10
981215,Shell Pai Puku - Automotor,Presidente Hayes,Automotor,ativo,100,2,,,,,,,,2026-10,2026-10
1045107,Ecop Chortitzer Bioceanica - Automotor,Boquerón,Automotor,ativo,100,2,,,,,,,,2026-10,2026-10
1267324,Evergo Petropar Carapegua,Paraguarí,Evergo,ativo,50,2,,,,,,,,2026-10,2026-10
1434538,Estacion Integral Hernandarias Automotor EVERGO,Alto Paraná,Automotor,ativo,90,2,,,,,,,,2026-10,2026-10
1536369,Diesa Te Guarani,Misiones,Diesa,ativo,60,2,,,,,,,,2026-10,2026-10
1679896,Casa de los Trofeos,Asunción (Capital),sem rede,ativo,55,2,,,,,,,,2026-10,2026-10
1757000,Evergo Biggie San Jose,Alto Paraná,Evergo,em manutenção,21,2,,,,,,,,2026-10,2026-10
1795558,AGROTEC,Caaguazú,não informado,ativo,60,2,,,,,,,,2026-10,2026-10
1816766,Evergo Biggie Veranda,Central,Evergo,ativo,45,2,,,,,,,,2026-10,2026-10
1832661,Terminal de Omnibus de Hernandarias,Alto Paraná,PTI,ativo,196,2,,,,,,,,2026-10,2026-10
1876280,Pyae Shopping Dubai,Amambay,Pya'e,ativo,120,4,,,,,,,,2026-10,2026-10
1876346,Pya’e Master Bearings,Amambay,Pya'e,ativo,120,2,,,,,,,,2026-10,2026-10
1913002,BYD Solfrio SA Clientes (Coming Soon),Alto Paraná,BYD,em breve,60,2,,,,,,,,2026-10,2026-10
1922980,LG CHARGE,Canindeyú,Autocharge,ativo,41,1,,,,,,,,2026-10,2026-10
1991790,Pya’e Alta Vista Hotel,Amambay,Pya'e,ativo,85,2,,,,,,,,2026-10,2026-10
2095149,Oficina Evergo,Asunción (Capital),Evergo,ativo,42,2,,,,,,,,2026-10,2026-10
2109926,TOP Tiendas,Central,não informado,ativo,40,1,,,,,,,,2026-10,2026-10
2123872,BYD,Itapúa,BYD,ativo,60,2,,,,,,,,2026-10,2026-10
2162141,Parque de la Victoria (Coming Soon),Asunción (Capital),não informado,em breve (restrito),,2,,,,,,,,2026-10,2026-10
2205935,Carga Granel SA - Green Wolf Evolution Curuguaty,Canindeyú,Green Wolf,ativo,40,1,,,,,,,,2026-10,2026-10
2223902,Ipale Itapua 60kW,Asunción (Capital),Energia Actual,ativo,60,2,,,,,,,,2026-10,2026-10
2244886,Karumbe Market / Imurai,Guairá,Evergo,ativo,150,2,,,,,,,,2026-10,2026-10
