id,name,url,status,access,departamento,ciudad,lat,lon,operator,n_dc_plugs,connectors_dc,kw_max,power_band,kw_source
623158,Audi - Prestigio Group S.A.,https://www.plugshare.com/location/623158,em manutenção,público,Alto Paraná,CDE,-25.497200,-54.634167,não informado,1,CCS2×1,25,abaixo de 50 kW,inferido (nome/desc)
1913002,BYD Solfrio SA Clientes (Coming Soon),https://www.plugshare.com/location/1913002,em breve,público,Alto Paraná,CDE,-25.504129,-54.637637,BYD,2,"CCS2×1, GB/T DC×1",60,50–99 kW,estimado (check-ins)
582737,Diesa Ciudad Del Este,https://www.plugshare.com/location/582737,ativo,público,Alto Paraná,CDE,-25.500028,-54.663049,Diesa,3,"CCS2×1, GB/T DC×2",60,50–99 kW,PlugShare (outlet)
1757000,Evergo Biggie San Jose,https://www.plugshare.com/location/1757000,em manutenção,público,Alto Paraná,CDE,-25.511043,-54.658117,Evergo,2,CCS2×2,21,abaixo de 50 kW,estimado (check-ins)
512141,Integral Service Station AUTOMOTOR,https://www.plugshare.com/location/512141,parcialmente em manutenção,público,Alto Paraná,CDE,-25.493683,-54.714061,Automotor,2,CCS2×2,100,100–149 kW,PlugShare (outlet)
734367,"Itaipu KM 3,5",https://www.plugshare.com/location/734367,ativo,público,Alto Paraná,CDE,-25.511204,-54.629856,não informado,2,"CCS2×1, CHAdeMO×1",50,50–99 kW,inferido (nome/desc)
1434538,Estacion Integral Hernandarias Automotor EVERGO,https://www.plugshare.com/location/1434538,ativo,público,Alto Paraná,Hernandarias,-25.480931,-54.627037,Automotor,2,CCS2×2,90,50–99 kW,estimado (check-ins)
559663,Estación Puma Interlagos - Evergo,https://www.plugshare.com/location/559663,ativo,público,Alto Paraná,Hernandarias,-25.388754,-54.639936,Evergo,2,"CCS2×1, CHAdeMO×1",50,50–99 kW,PlugShare (outlet)
1832661,Terminal de Omnibus de Hernandarias,https://www.plugshare.com/location/1832661,ativo,público,Alto Paraná,Hernandarias,-25.405118,-54.629423,não informado,2,CCS2×2,196,150+ kW,inferido (nome/desc)
759932,Charger Pro - Shopping China,https://www.plugshare.com/location/759932,ativo,público,Amambay,Pedro Juan Caballero,-22.559788,-55.710075,Charger Pro,4,CCS2×4,60,50–99 kW,inferido (nome/desc)
1876280,Pyae Shopping Dubai,https://www.plugshare.com/location/1876280,ativo,público,Amambay,Pedro Juan Caballero,-22.560853,-55.712872,Pya'e,4,CCS2×4,120,100–149 kW,inferido (nome/desc)
1991790,Pya’e Alta Vista Hotel,https://www.plugshare.com/location/1991790,ativo,público,Amambay,Pedro Juan Caballero,-22.536574,-55.738155,Pya'e,2,CCS2×2,85,50–99 kW,estimado (check-ins)
1876346,Pya’e Master Bearings,https://www.plugshare.com/location/1876346,ativo,público,Amambay,Pedro Juan Caballero,-22.548029,-55.735051,Pya'e,2,CCS2×2,120,100–149 kW,estimado (check-ins)
735451,Shopping China Importados,https://www.plugshare.com/location/735451,ativo,público,Amambay,Pedro Juan Caballero,-22.559679,-55.708628,não informado,1,CCS2×1,60,50–99 kW,estimado (check-ins)
550304,Biggie Express Lillo Villa Morra - EverGo,https://www.plugshare.com/location/550304,ativo,público,Asunción (Capital),Asunción,-25.287439,-57.579458,Evergo,2,"CCS2×1, GB/T DC×1",51,50–99 kW,estimado (check-ins)
606927,Biggie Express Perú,https://www.plugshare.com/location/606927,ativo,público,Asunción (Capital),Asunción,-25.289249,-57.619118,Evergo,2,"CCS2×1, CHAdeMO×1",50,50–99 kW,PlugShare (outlet)
550305,Biggie Express Sargento Gauto -  Evergo,https://www.plugshare.com/location/550305,ativo,público,Asunción (Capital),Asunción,-25.281826,-57.599004,Evergo,2,"CCS2×1, GB/T DC×1",,desconhecida,desconhecido
561818,Biggie Genaro Romero - Evergo,https://www.plugshare.com/location/561818,ativo,público,Asunción (Capital),Asunción,-25.268887,-57.578766,Evergo,2,"CCS2×1, CHAdeMO×1",46,abaixo de 50 kW,estimado (check-ins)
577015,Biggie Mcal/ López - EverGo,https://www.plugshare.com/location/577015,ativo,público,Asunción (Capital),Asunción,-25.298934,-57.568361,Evergo,2,"CCS2×1, CHAdeMO×1",45,abaixo de 50 kW,estimado (check-ins)
1679896,Casa de los Trofeos,https://www.plugshare.com/location/1679896,ativo,público,Asunción (Capital),Asunción,-25.256474,-57.578208,não informado,6,"CCS2×2, GB/T DC×4",55,50–99 kW,estimado (check-ins)
561831,Estacion De Servicios Enex,https://www.plugshare.com/location/561831,parcialmente em manutenção,público,Asunción (Capital),Asunción,-25.299372,-57.580198,Enex,2,"CCS2×1, GB/T DC×1",60,50–99 kW,PlugShare (outlet)
485055,Estación Shell Bahia Aviadores - ASU,https://www.plugshare.com/location/485055,em manutenção,público,Asunción (Capital),Asunción,-25.286518,-57.571303,Shell Recharge,2,"CCS2×1, CHAdeMO×1",50,50–99 kW,estimado (check-ins)
545869,Evergo - Biggie De Las Palmeras,https://www.plugshare.com/location/545869,ativo,público,Asunción (Capital),Asunción,-25.303157,-57.584937,Evergo,2,"CCS2×1, GB/T DC×1",50,50–99 kW,estimado (check-ins)
525657,Integral Sacramento Y Vía Ferrea - Automotor,https://www.plugshare.com/location/525657,ativo,público,Asunción (Capital),Asunción,-25.261898,-57.581116,Automotor,2,CCS2×2,100,100–149 kW,inferido (nome/desc)
2223902,Ipale Itapua 60kW,https://www.plugshare.com/location/2223902,ativo,público,Asunción (Capital),Asunción,-25.256227,-57.565198,não informado,2,CCS2×2,60,50–99 kW,inferido (nome/desc)
2095149,Oficina Evergo,https://www.plugshare.com/location/2095149,ativo,público,Asunción (Capital),Asunción,-25.289534,-57.613815,Evergo,2,"CCS2×1, CHAdeMO×1",42,abaixo de 50 kW,estimado (check-ins)
247410,Shell Madame Lynch - BAIC,https://www.plugshare.com/location/247410,ativo,público,Asunción (Capital),Asunción,-25.307318,-57.553760,Shell Recharge,2,GB/T DC×2,50,50–99 kW,estimado (check-ins)
478320,Volvo charge - EverGo,https://www.plugshare.com/location/478320,ativo,público,Asunción (Capital),Asunción,-25.285784,-57.575658,Evergo,2,"CCS2×1, CHAdeMO×1",50,50–99 kW,estimado (check-ins)
1045107,Ecop Chortitzer Bioceanica - Automotor,https://www.plugshare.com/location/1045107,ativo,público,Boquerón,Halbstadt,-22.466298,-59.837531,Automotor,2,CCS2×2,100,100–149 kW,inferido (nome/desc)
223276,Petropar San Jose 2,https://www.plugshare.com/location/223276,ativo,público,Caaguazú,Caaguazú,-25.474640,-56.052158,Petropar,2,"CCS2×1, CHAdeMO×1",51,50–99 kW,estimado (check-ins)
1795558,AGROTEC,https://www.plugshare.com/location/1795558,ativo,público,Caaguazú,Calle 5 Zanja Pyta,-25.375822,-55.744254,não informado,2,"CCS2×1, GB/T DC×1",60,50–99 kW,inferido (nome/desc)
513138,Integral - Estación de Servicios Pastoreo,https://www.plugshare.com/location/513138,ativo,público,Caaguazú,Calle 7 Ramonita,-25.399661,-55.809069,Automotor,2,CCS2×2,100,100–149 kW,inferido (nome/desc)
541237,D Shopping Coronel Oviedo,https://www.plugshare.com/location/541237,ativo,público,Caaguazú,Coronel Oviedo,-25.467360,-56.446008,não informado,2,"CCS2×1, GB/T DC×1",60,50–99 kW,PlugShare (outlet)
560790,Parador Campo 9 Evergo,https://www.plugshare.com/location/560790,ativo,público,Caaguazú,Doctor Juan Eulogio Estigarribia,-25.379647,-55.701975,Evergo,2,"CCS2×1, CHAdeMO×1",52,50–99 kW,estimado (check-ins)
657526,Petromax San José - EverGo,https://www.plugshare.com/location/657526,ativo,público,Caaguazú,San José de los Arroyos,-25.523928,-56.754638,Evergo,2,"CCS2×1, CHAdeMO×1",51,50–99 kW,estimado (check-ins)
576598,Estación De Servicio Puma y Drei Schritte - EverGo,https://www.plugshare.com/location/576598,ativo,público,Canindeyú,Katueté,-24.253890,-54.770294,Evergo,2,"CCS2×1, CHAdeMO×1",50,50–99 kW,estimado (check-ins)
1922980,LG CHARGE,https://www.plugshare.com/location/1922980,ativo,público,Canindeyú,Saltos del Guairá,-24.068589,-54.307656,Autocharge,1,GB/T DC×1,41,abaixo de 50 kW,estimado (check-ins)
2205935,Carga Granel SA - Green Wolf Evolution Curuguaty,https://www.plugshare.com/location/2205935,ativo,público,Canindeyú,Villa Curuguaty,-24.496340,-55.676942,Green Wolf,1,GB/T DC×1,40,abaixo de 50 kW,estimado (check-ins)
799783,Barbería Kratos,https://www.plugshare.com/location/799783,ativo,público,Central,Fernando de la Mora,-25.329418,-57.539858,não informado,2,"CCS2×1, GB/T DC×1",22,abaixo de 50 kW,inferido (nome/desc)
723717,Paseo Guarani,https://www.plugshare.com/location/723717,ativo,público,Central,Itauguá,-25.395657,-57.347311,não informado,1,GB/T DC×1,60,50–99 kW,estimado (check-ins)
605133,Biggie Ita - EverGo,https://www.plugshare.com/location/605133,ativo,público,Central,Itá,-25.508370,-57.357022,Evergo,2,"CCS2×1, CHAdeMO×1",,desconhecida,desconhecido
1816766,Evergo Biggie Veranda,https://www.plugshare.com/location/1816766,ativo,público,Central,Lambaré,-25.367663,-57.634843,Evergo,2,"CCS2×1, CHAdeMO×1",45,abaixo de 50 kW,estimado (check-ins)
561924,Biggie Luque - EverGo,https://www.plugshare.com/location/561924,em manutenção,público,Central,Luque,-25.264018,-57.516274,Evergo,2,"CCS2×1, CHAdeMO×1",,desconhecida,desconhecido
548865,Biggie San Lorenzo - EverGo,https://www.plugshare.com/location/548865,ativo,público,Central,San Lorenzo,-25.341388,-57.516338,Evergo,2,"CCS2×1, CHAdeMO×1",50,50–99 kW,estimado (check-ins)
588466,Puma Shopping Pinedo - EverGo,https://www.plugshare.com/location/588466,ativo,público,Central,San Lorenzo,-25.324361,-57.520586,Evergo,2,"CCS2×1, CHAdeMO×1",48,abaixo de 50 kW,estimado (check-ins)
2109926,TOP Tiendas,https://www.plugshare.com/location/2109926,ativo,público,Central,Villa Elisa,-25.363332,-57.591706,não informado,1,CCS2×1,40,abaixo de 50 kW,inferido (nome/desc)
561234,Puma Ypacarai - EverGo,https://www.plugshare.com/location/561234,em manutenção,público,Central,Ypacaraí,-25.399213,-57.281548,Evergo,2,"CCS2×1, CHAdeMO×1",51,50–99 kW,estimado (check-ins)
591112,Biggie Express Ñemby - EverGo,https://www.plugshare.com/location/591112,ativo,público,Central,Ñemby,-25.379314,-57.554176,Evergo,2,"CCS2×1, CHAdeMO×1",50,50–99 kW,estimado (check-ins)
530588,Estación Integral - Yby Yau,https://www.plugshare.com/location/530588,ativo,público,Concepción,Yby Yaú,-22.965974,-56.543753,Automotor,2,"CCS2×1, CHAdeMO×1",100,100–149 kW,inferido (nome/desc)
222978,Estacion de servicio Petropar,https://www.plugshare.com/location/222978,ativo,público,Cordillera,Kapi'Ipe,-25.385133,-57.053787,Petropar,2,"CCS2×1, CHAdeMO×1",38,abaixo de 50 kW,inferido (nome/desc)
720223,3MG San Bernardino - Automotor EVERGO,https://www.plugshare.com/location/720223,ativo,público,Cordillera,San Bernardino,-25.326981,-57.279778,Automotor,2,CCS2×2,100,100–149 kW,inferido (nome/desc)
367979,Esquina DIESA,https://www.plugshare.com/location/367979,ativo,público,Cordillera,San Bernardino,-25.312643,-57.296875,Diesa,2,"CCS2×1, GB/T DC×1",60,50–99 kW,estimado (check-ins)
2244886,Karumbe Market / Imurai,https://www.plugshare.com/location/2244886,ativo,público,Guairá,Villarrica,-25.754221,-56.436092,Evergo,2,"CCS2×1, GB/T DC×1",150,150+ kW,inferido (nome/desc)
630753,Petropar Cnel. Bogado - EverGo,https://www.plugshare.com/location/630753,ativo,público,Itapúa,Coronel Bogado,-27.181070,-56.222054,Evergo,2,"CCS2×1, CHAdeMO×1",45,abaixo de 50 kW,estimado (check-ins)
2123872,BYD,https://www.plugshare.com/location/2123872,ativo,público,Itapúa,Encarnacion,-27.312360,-55.845442,BYD,2,CCS2×2,60,50–99 kW,estimado (check-ins)
712478,Automotor S.A. Suc. Encarnación EVERGO,https://www.plugshare.com/location/712478,ativo,público,Itapúa,Encarnación,-27.310945,-55.842742,Automotor,2,CCS2×2,100,100–149 kW,inferido (nome/desc)
547717,Hotel Cooperativa MPAI Naranjito Ltda.,https://www.plugshare.com/location/547717,ativo,público,Itapúa,Naranjito,-26.360177,-55.242502,Diesa,2,"CCS2×1, GB/T DC×1",80,50–99 kW,estimado (check-ins)
630617,Petropar Ayolas - EverGo,https://www.plugshare.com/location/630617,ativo,público,Misiones,Ayolas,-27.386239,-56.833717,Evergo,2,"CCS2×1, CHAdeMO×1",50,50–99 kW,inferido (nome/desc)
620840,Parador Piringo - Diesa,https://www.plugshare.com/location/620840,em manutenção,público,Misiones,San Ignacio Guazú,-26.880743,-57.032339,Diesa,2,"CCS2×1, GB/T DC×1",120,100–149 kW,inferido (nome/desc)
640967,Petropar San Ignacio - EverGo,https://www.plugshare.com/location/640967,ativo,público,Misiones,San Ignacio Guazú,-26.880853,-57.010619,Evergo,2,"CCS2×1, CHAdeMO×1",50,50–99 kW,estimado (check-ins)
1536369,Diesa Te Guarani,https://www.plugshare.com/location/1536369,ativo,público,Misiones,San Juan Bautista,-26.673186,-57.121322,Diesa,2,"CCS2×1, GB/T DC×1",60,50–99 kW,inferido (nome/desc)
354126,Parador Del Touring,https://www.plugshare.com/location/354126,ativo,público,Misiones,Villa Florida,-26.405418,-57.129228,não informado,2,"CCS2×1, GB/T DC×1",88,50–99 kW,estimado (check-ins)
605132,Copetrol Caapucu - EverGo,https://www.plugshare.com/location/605132,ativo,público,Paraguarí,Caapucú,-26.238156,-57.175105,Evergo,2,"CCS2×1, CHAdeMO×1",50,50–99 kW,inferido (nome/desc)
1267324,Evergo Petropar Carapegua,https://www.plugshare.com/location/1267324,ativo,público,Paraguarí,Caazapa,-25.789799,-57.259051,Evergo,2,"CCS2×1, CHAdeMO×1",,desconhecida,desconhecido
602983,Fruteria Paraguari - EverGo,https://www.plugshare.com/location/602983,ativo,público,Paraguarí,Calle,-25.612781,-57.168355,Evergo,2,"CCS2×1, CHAdeMO×1",50,50–99 kW,estimado (check-ins)
981215,Shell Pai Puku - Automotor,https://www.plugshare.com/location/981215,ativo,público,Presidente Hayes,Zona Moises Galeano,-24.303756,-58.249007,Automotor,2,CCS2×2,100,100–149 kW,inferido (nome/desc)
525017,Integral Santani - Automotor,https://www.plugshare.com/location/525017,ativo,público,San Pedro,Cruce Guaica,-24.681672,-56.468206,Automotor,2,CCS2×2,100,100–149 kW,PlugShare (outlet)
576600,Almacén Ka'avo SA (1),https://www.plugshare.com/location/576600,ativo,público,San Pedro,San Estanislao,-24.668784,-56.461963,Evergo,2,"CCS2×1, CHAdeMO×1",60,50–99 kW,estimado (check-ins)
854324,PlugShare 854324,https://www.plugshare.com/location/854324,ativo (residencial/privado),residencial/privado,Alto Paraná,CDE,-25.535114,-54.636078,não informado,1,CCS2×1,,desconhecida,desconhecido
346524,Audi Center,https://www.plugshare.com/location/346524,ativo (restrito),restrito,Asunción (Capital),Asunción,-25.292854,-57.575336,não informado,1,CCS2×1,25,abaixo de 50 kW,inferido (nome/desc)
2162141,Parque de la Victoria (Coming Soon),https://www.plugshare.com/location/2162141,em breve (restrito),restrito,Asunción (Capital),Asunción,-25.278189,-57.634382,não informado,2,CCS2×2,,desconhecida,desconhecido
717062,PlugShare 717062,https://www.plugshare.com/location/717062,ativo (residencial/privado),residencial/privado,Canindeyú,Nueva Esperanza,-24.500958,-54.861139,não informado,2,CCS2×2,11,abaixo de 50 kW,estimado (check-ins)
630794,Diesa Encarnación,https://www.plugshare.com/location/630794,ativo (restrito),restrito,Itapúa,Encarnacion,-27.305691,-55.838409,Diesa,2,"CCS2×1, GB/T DC×1",60,50–99 kW,estimado (check-ins)
