period,time_interval,variant,segmento,source,BEV,PHEV,HEV,ICE,OTHERS,TOTAL,notes
2022-01,monthly,Whole,leve,Aduana PY datos abiertos (HS 8703),3,19,9,4576,0,4607,8703 limpio (sin recreativo); segmento=leve; BEV/PHEV/HEV/OTHERS=mild; ICE=TOTAL-electrified; electrified=31
2022-01,monthly,Whole,recreativo,Aduana PY datos abiertos (HS 8703),0,0,0,14,0,14,8703 golf/ATV/UTV/snow; segmento=recreativo; BEV/PHEV/HEV/OTHERS=mild; ICE=TOTAL-electrified; electrified=0
2022-01,monthly,LightVehicles,leve,Aduana PY datos abiertos (HS 8703+8704),4,19,9,5274,0,5306,8703 limpio + 8704 pickups livianos; segmento=leve; BEV/PHEV/HEV/OTHERS=mild; ICE=TOTAL-electrified; electrified=32; 8704_light=699
2022-01,monthly,LightVehicles,recreativo,Aduana PY datos abiertos (HS 8703+8704),0,0,0,14,0,14,8703 recreativo (mismo universo); segmento=recreativo; BEV/PHEV/HEV/OTHERS=mild; ICE=TOTAL-electrified; electrified=0
2022-01,monthly,LightVehicles,pesado,Aduana PY datos abiertos (HS 8703+8704),0,0,0,150,0,150,8704 camiones pesados (no livianos); segmento=pesado; BEV/PHEV/HEV/OTHERS=mild; ICE=TOTAL-electrified; electrified=0
2022-02,monthly,Whole,leve,Aduana PY datos abiertos (HS 8703),9,19,87,5637,0,5752,8703 limpio (sin recreativo); segmento=leve; BEV/PHEV/HEV/OTHERS=mild; ICE=TOTAL-electrified; electrified=115
2022-02,monthly,Whole,recreativo,Aduana PY datos abiertos (HS 8703),0,0,0,21,0,21,8703 golf/ATV/UTV/snow; segmento=recreativo; BEV/PHEV/HEV/OTHERS=mild; ICE=TOTAL-electrified; electrified=0
2022-02,monthly,LightVehicles,leve,Aduana PY datos abiertos (HS 8703+8704),9,19,87,6740,0,6855,8703 limpio + 8704 pickups livianos; segmento=leve; BEV/PHEV/HEV/OTHERS=mild; ICE=TOTAL-electrified; electrified=115; 8704_light=1103
2022-02,monthly,LightVehicles,recreativo,Aduana PY datos abiertos (HS 8703+8704),0,0,0,21,0,21,8703 recreativo (mismo universo); segmento=recreativo; BEV/PHEV/HEV/OTHERS=mild; ICE=TOTAL-electrified; electrified=0
2022-02,monthly,LightVehicles,pesado,Aduana PY datos abiertos (HS 8703+8704),0,0,0,121,0,121,8704 camiones pesados (no livianos); segmento=pesado; BEV/PHEV/HEV/OTHERS=mild; ICE=TOTAL-electrified; electrified=0
2022-03,monthly,Whole,leve,Aduana PY datos abiertos (HS 8703),3,10,141,5818,4,5976,8703 limpio (sin recreativo); segmento=leve; BEV/PHEV/HEV/OTHERS=mild; ICE=TOTAL-electrified; electrified=158
2022-03,monthly,Whole,recreativo,Aduana PY datos abiertos (HS 8703),0,0,0,21,0,21,8703 golf/ATV/UTV/snow; segmento=recreativo; BEV/PHEV/HEV/OTHERS=mild; ICE=TOTAL-electrified; electrified=0
2022-03,monthly,LightVehicles,leve,Aduana PY datos abiertos (HS 8703+8704),3,10,141,6924,4,7082,8703 limpio + 8704 pickups livianos; segmento=leve; BEV/PHEV/HEV/OTHERS=mild; ICE=TOTAL-electrified; electrified=158; 8704_light=1106
2022-03,monthly,LightVehicles,recreativo,Aduana PY datos abiertos (HS 8703+8704),0,0,0,21,0,21,8703 recreativo (mismo universo); segmento=recreativo; BEV/PHEV/HEV/OTHERS=mild; ICE=TOTAL-electrified; electrified=0
2022-03,monthly,LightVehicles,pesado,Aduana PY datos abiertos (HS 8703+8704),0,0,0,147,0,147,8704 camiones pesados (no livianos); segmento=pesado; BEV/PHEV/HEV/OTHERS=mild; ICE=TOTAL-electrified; electrified=0
2022-04,monthly,Whole,leve,Aduana PY datos abiertos (HS 8703),2,1,88,5722,0,5813,8703 limpio (sin recreativo); segmento=leve; BEV/PHEV/HEV/OTHERS=mild; ICE=TOTAL-electrified; electrified=91
2022-04,monthly,Whole,recreativo,Aduana PY datos abiertos (HS 8703),0,0,0,9,0,9,8703 golf/ATV/UTV/snow; segmento=recreativo; BEV/PHEV/HEV/OTHERS=mild; ICE=TOTAL-electrified; electrified=0
2022-04,monthly,LightVehicles,leve,Aduana PY datos abiertos (HS 8703+8704),2,1,88,6428,0,6519,8703 limpio + 8704 pickups livianos; segmento=leve; BEV/PHEV/HEV/OTHERS=mild; ICE=TOTAL-electrified; electrified=91; 8704_light=706
2022-04,monthly,LightVehicles,recreativo,Aduana PY datos abiertos (HS 8703+8704),0,0,0,9,0,9,8703 recreativo (mismo universo); segmento=recreativo; BEV/PHEV/HEV/OTHERS=mild; ICE=TOTAL-electrified; electrified=0
2022-04,monthly,LightVehicles,pesado,Aduana PY datos abiertos (HS 8703+8704),3,0,0,158,0,161,8704 camiones pesados (no livianos); segmento=pesado; BEV/PHEV/HEV/OTHERS=mild; ICE=TOTAL-electrified; electrified=3
2022-05,monthly,Whole,leve,Aduana PY datos abiertos (HS 8703),12,16,79,5448,2,5557,8703 limpio (sin recreativo); segmento=leve; BEV/PHEV/HEV/OTHERS=mild; ICE=TOTAL-electrified; electrified=109
2022-05,monthly,Whole,recreativo,Aduana PY datos abiertos (HS 8703),0,0,0,17,0,17,8703 golf/ATV/UTV/snow; segmento=recreativo; BEV/PHEV/HEV/OTHERS=mild; ICE=TOTAL-electrified; electrified=0
2022-05,monthly,LightVehicles,leve,Aduana PY datos abiertos (HS 8703+8704),12,16,79,6501,2,6610,8703 limpio + 8704 pickups livianos; segmento=leve; BEV/PHEV/HEV/OTHERS=mild; ICE=TOTAL-electrified; electrified=109; 8704_light=1053
2022-05,monthly,LightVehicles,recreativo,Aduana PY datos abiertos (HS 8703+8704),0,0,0,17,0,17,8703 recreativo (mismo universo); segmento=recreativo; BEV/PHEV/HEV/OTHERS=mild; ICE=TOTAL-electrified; electrified=0
2022-05,monthly,LightVehicles,pesado,Aduana PY datos abiertos (HS 8703+8704),1,0,0,125,0,126,8704 camiones pesados (no livianos); segmento=pesado; BEV/PHEV/HEV/OTHERS=mild; ICE=TOTAL-electrified; electrified=1
2022-06,monthly,Whole,leve,Aduana PY datos abiertos (HS 8703),11,4,59,5583,0,5657,8703 limpio (sin recreativo); segmento=leve; BEV/PHEV/HEV/OTHERS=mild; ICE=TOTAL-electrified; electrified=74
2022-06,monthly,Whole,recreativo,Aduana PY datos abiertos (HS 8703),0,0,0,46,0,46,8703 golf/ATV/UTV/snow; segmento=recreativo; BEV/PHEV/HEV/OTHERS=mild; ICE=TOTAL-electrified; electrified=0
2022-06,monthly,LightVehicles,leve,Aduana PY datos abiertos (HS 8703+8704),11,4,59,6518,0,6592,8703 limpio + 8704 pickups livianos; segmento=leve; BEV/PHEV/HEV/OTHERS=mild; ICE=TOTAL-electrified; electrified=74; 8704_light=935
2022-06,monthly,LightVehicles,recreativo,Aduana PY datos abiertos (HS 8703+8704),0,0,0,46,0,46,8703 recreativo (mismo universo); segmento=recreativo; BEV/PHEV/HEV/OTHERS=mild; ICE=TOTAL-electrified; electrified=0
2022-06,monthly,LightVehicles,pesado,Aduana PY datos abiertos (HS 8703+8704),0,0,0,146,0,146,8704 camiones pesados (no livianos); segmento=pesado; BEV/PHEV/HEV/OTHERS=mild; ICE=TOTAL-electrified; electrified=0
2022-07,monthly,Whole,leve,Aduana PY datos abiertos (HS 8703),19,9,61,5761,0,5850,8703 limpio (sin recreativo); segmento=leve; BEV/PHEV/HEV/OTHERS=mild; ICE=TOTAL-electrified; electrified=89
2022-07,monthly,Whole,recreativo,Aduana PY datos abiertos (HS 8703),0,0,0,22,0,22,8703 golf/ATV/UTV/snow; segmento=recreativo; BEV/PHEV/HEV/OTHERS=mild; ICE=TOTAL-electrified; electrified=0
2022-07,monthly,LightVehicles,leve,Aduana PY datos abiertos (HS 8703+8704),19,9,61,6839,0,6928,8703 limpio + 8704 pickups livianos; segmento=leve; BEV/PHEV/HEV/OTHERS=mild; ICE=TOTAL-electrified; electrified=89; 8704_light=1078
2022-07,monthly,LightVehicles,recreativo,Aduana PY datos abiertos (HS 8703+8704),0,0,0,22,0,22,8703 recreativo (mismo universo); segmento=recreativo; BEV/PHEV/HEV/OTHERS=mild; ICE=TOTAL-electrified; electrified=0
2022-07,monthly,LightVehicles,pesado,Aduana PY datos abiertos (HS 8703+8704),0,0,0,123,0,123,8704 camiones pesados (no livianos); segmento=pesado; BEV/PHEV/HEV/OTHERS=mild; ICE=TOTAL-electrified; electrified=0
2022-08,monthly,Whole,leve,Aduana PY datos abiertos (HS 8703),7,21,66,5039,0,5133,8703 limpio (sin recreativo); segmento=leve; BEV/PHEV/HEV/OTHERS=mild; ICE=TOTAL-electrified; electrified=94
2022-08,monthly,Whole,recreativo,Aduana PY datos abiertos (HS 8703),0,0,0,9,0,9,8703 golf/ATV/UTV/snow; segmento=recreativo; BEV/PHEV/HEV/OTHERS=mild; ICE=TOTAL-electrified; electrified=0
2022-08,monthly,LightVehicles,leve,Aduana PY datos abiertos (HS 8703+8704),7,21,66,6211,0,6305,8703 limpio + 8704 pickups livianos; segmento=leve; BEV/PHEV/HEV/OTHERS=mild; ICE=TOTAL-electrified; electrified=94; 8704_light=1172
2022-08,monthly,LightVehicles,recreativo,Aduana PY datos abiertos (HS 8703+8704),0,0,0,9,0,9,8703 recreativo (mismo universo); segmento=recreativo; BEV/PHEV/HEV/OTHERS=mild; ICE=TOTAL-electrified; electrified=0
2022-08,monthly,LightVehicles,pesado,Aduana PY datos abiertos (HS 8703+8704),0,0,0,91,0,91,8704 camiones pesados (no livianos); segmento=pesado; BEV/PHEV/HEV/OTHERS=mild; ICE=TOTAL-electrified; electrified=0
2022-09,monthly,Whole,leve,Aduana PY datos abiertos (HS 8703),14,12,99,4759,1,4885,8703 limpio (sin recreativo); segmento=leve; BEV/PHEV/HEV/OTHERS=mild; ICE=TOTAL-electrified; electrified=126
2022-09,monthly,Whole,recreativo,Aduana PY datos abiertos (HS 8703),0,0,0,25,0,25,8703 golf/ATV/UTV/snow; segmento=recreativo; BEV/PHEV/HEV/OTHERS=mild; ICE=TOTAL-electrified; electrified=0
2022-09,monthly,LightVehicles,leve,Aduana PY datos abiertos (HS 8703+8704),15,12,99,5668,1,5795,8703 limpio + 8704 pickups livianos; segmento=leve; BEV/PHEV/HEV/OTHERS=mild; ICE=TOTAL-electrified; electrified=127; 8704_light=910
2022-09,monthly,LightVehicles,recreativo,Aduana PY datos abiertos (HS 8703+8704),0,0,0,25,0,25,8703 recreativo (mismo universo); segmento=recreativo; BEV/PHEV/HEV/OTHERS=mild; ICE=TOTAL-electrified; electrified=0
2022-09,monthly,LightVehicles,pesado,Aduana PY datos abiertos (HS 8703+8704),0,0,0,119,0,119,8704 camiones pesados (no livianos); segmento=pesado; BEV/PHEV/HEV/OTHERS=mild; ICE=TOTAL-electrified; electrified=0
2022-10,monthly,Whole,leve,Aduana PY datos abiertos (HS 8703),47,14,97,4161,0,4319,8703 limpio (sin recreativo); segmento=leve; BEV/PHEV/HEV/OTHERS=mild; ICE=TOTAL-electrified; electrified=158
2022-10,monthly,Whole,recreativo,Aduana PY datos abiertos (HS 8703),0,0,0,19,0,19,8703 golf/ATV/UTV/snow; segmento=recreativo; BEV/PHEV/HEV/OTHERS=mild; ICE=TOTAL-electrified; electrified=0
2022-10,monthly,LightVehicles,leve,Aduana PY datos abiertos (HS 8703+8704),47,14,97,4784,0,4942,8703 limpio + 8704 pickups livianos; segmento=leve; BEV/PHEV/HEV/OTHERS=mild; ICE=TOTAL-electrified; electrified=158; 8704_light=623
2022-10,monthly,LightVehicles,recreativo,Aduana PY datos abiertos (HS 8703+8704),0,0,0,19,0,19,8703 recreativo (mismo universo); segmento=recreativo; BEV/PHEV/HEV/OTHERS=mild; ICE=TOTAL-electrified; electrified=0
2022-10,monthly,LightVehicles,pesado,Aduana PY datos abiertos (HS 8703+8704),0,0,0,96,0,96,8704 camiones pesados (no livianos); segmento=pesado; BEV/PHEV/HEV/OTHERS=mild; ICE=TOTAL-electrified; electrified=0
2022-11,monthly,Whole,leve,Aduana PY datos abiertos (HS 8703),30,9,88,5434,4,5565,8703 limpio (sin recreativo); segmento=leve; BEV/PHEV/HEV/OTHERS=mild; ICE=TOTAL-electrified; electrified=131
2022-11,monthly,Whole,recreativo,Aduana PY datos abiertos (HS 8703),0,0,0,24,0,24,8703 golf/ATV/UTV/snow; segmento=recreativo; BEV/PHEV/HEV/OTHERS=mild; ICE=TOTAL-electrified; electrified=0
2022-11,monthly,LightVehicles,leve,Aduana PY datos abiertos (HS 8703+8704),30,9,88,6500,4,6631,8703 limpio + 8704 pickups livianos; segmento=leve; BEV/PHEV/HEV/OTHERS=mild; ICE=TOTAL-electrified; electrified=131; 8704_light=1066
2022-11,monthly,LightVehicles,recreativo,Aduana PY datos abiertos (HS 8703+8704),0,0,0,24,0,24,8703 recreativo (mismo universo); segmento=recreativo; BEV/PHEV/HEV/OTHERS=mild; ICE=TOTAL-electrified; electrified=0
2022-11,monthly,LightVehicles,pesado,Aduana PY datos abiertos (HS 8703+8704),0,0,0,80,0,80,8704 camiones pesados (no livianos); segmento=pesado; BEV/PHEV/HEV/OTHERS=mild; ICE=TOTAL-electrified; electrified=0
2022-12,monthly,Whole,leve,Aduana PY datos abiertos (HS 8703),40,25,102,5025,5,5197,8703 limpio (sin recreativo); segmento=leve; BEV/PHEV/HEV/OTHERS=mild; ICE=TOTAL-electrified; electrified=172
2022-12,monthly,Whole,recreativo,Aduana PY datos abiertos (HS 8703),0,0,0,13,0,13,8703 golf/ATV/UTV/snow; segmento=recreativo; BEV/PHEV/HEV/OTHERS=mild; ICE=TOTAL-electrified; electrified=0
2022-12,monthly,LightVehicles,leve,Aduana PY datos abiertos (HS 8703+8704),67,25,102,5903,5,6102,8703 limpio + 8704 pickups livianos; segmento=leve; BEV/PHEV/HEV/OTHERS=mild; ICE=TOTAL-electrified; electrified=199; 8704_light=905
2022-12,monthly,LightVehicles,recreativo,Aduana PY datos abiertos (HS 8703+8704),0,0,0,13,0,13,8703 recreativo (mismo universo); segmento=recreativo; BEV/PHEV/HEV/OTHERS=mild; ICE=TOTAL-electrified; electrified=0
2022-12,monthly,LightVehicles,pesado,Aduana PY datos abiertos (HS 8703+8704),0,0,0,153,0,153,8704 camiones pesados (no livianos); segmento=pesado; BEV/PHEV/HEV/OTHERS=mild; ICE=TOTAL-electrified; electrified=0
2023-01,monthly,Whole,leve,Aduana PY datos abiertos (HS 8703),8,7,79,4180,0,4274,8703 limpio (sin recreativo); segmento=leve; BEV/PHEV/HEV/OTHERS=mild; ICE=TOTAL-electrified; electrified=94
2023-01,monthly,Whole,recreativo,Aduana PY datos abiertos (HS 8703),0,0,0,44,0,44,8703 golf/ATV/UTV/snow; segmento=recreativo; BEV/PHEV/HEV/OTHERS=mild; ICE=TOTAL-electrified; electrified=0
2023-01,monthly,LightVehicles,leve,Aduana PY datos abiertos (HS 8703+8704),24,7,80,4749,0,4860,8703 limpio + 8704 pickups livianos; segmento=leve; BEV/PHEV/HEV/OTHERS=mild; ICE=TOTAL-electrified; electrified=111; 8704_light=586
2023-01,monthly,LightVehicles,recreativo,Aduana PY datos abiertos (HS 8703+8704),0,0,0,44,0,44,8703 recreativo (mismo universo); segmento=recreativo; BEV/PHEV/HEV/OTHERS=mild; ICE=TOTAL-electrified; electrified=0
2023-01,monthly,LightVehicles,pesado,Aduana PY datos abiertos (HS 8703+8704),0,0,0,122,0,122,8704 camiones pesados (no livianos); segmento=pesado; BEV/PHEV/HEV/OTHERS=mild; ICE=TOTAL-electrified; electrified=0
2023-02,monthly,Whole,leve,Aduana PY datos abiertos (HS 8703),12,22,91,3699,3,3827,8703 limpio (sin recreativo); segmento=leve; BEV/PHEV/HEV/OTHERS=mild; ICE=TOTAL-electrified; electrified=128
2023-02,monthly,Whole,recreativo,Aduana PY datos abiertos (HS 8703),0,0,0,28,0,28,8703 golf/ATV/UTV/snow; segmento=recreativo; BEV/PHEV/HEV/OTHERS=mild; ICE=TOTAL-electrified; electrified=0
2023-02,monthly,LightVehicles,leve,Aduana PY datos abiertos (HS 8703+8704),29,22,92,4759,3,4905,8703 limpio + 8704 pickups livianos; segmento=leve; BEV/PHEV/HEV/OTHERS=mild; ICE=TOTAL-electrified; electrified=146; 8704_light=1078
2023-02,monthly,LightVehicles,recreativo,Aduana PY datos abiertos (HS 8703+8704),0,0,0,28,0,28,8703 recreativo (mismo universo); segmento=recreativo; BEV/PHEV/HEV/OTHERS=mild; ICE=TOTAL-electrified; electrified=0
2023-02,monthly,LightVehicles,pesado,Aduana PY datos abiertos (HS 8703+8704),0,0,0,93,0,93,8704 camiones pesados (no livianos); segmento=pesado; BEV/PHEV/HEV/OTHERS=mild; ICE=TOTAL-electrified; electrified=0
2023-03,monthly,Whole,leve,Aduana PY datos abiertos (HS 8703),16,22,73,5766,11,5888,8703 limpio (sin recreativo); segmento=leve; BEV/PHEV/HEV/OTHERS=mild; ICE=TOTAL-electrified; electrified=122
2023-03,monthly,Whole,recreativo,Aduana PY datos abiertos (HS 8703),0,0,0,28,0,28,8703 golf/ATV/UTV/snow; segmento=recreativo; BEV/PHEV/HEV/OTHERS=mild; ICE=TOTAL-electrified; electrified=0
2023-03,monthly,LightVehicles,leve,Aduana PY datos abiertos (HS 8703+8704),16,22,73,6931,11,7053,8703 limpio + 8704 pickups livianos; segmento=leve; BEV/PHEV/HEV/OTHERS=mild; ICE=TOTAL-electrified; electrified=122; 8704_light=1165
2023-03,monthly,LightVehicles,recreativo,Aduana PY datos abiertos (HS 8703+8704),0,0,0,28,0,28,8703 recreativo (mismo universo); segmento=recreativo; BEV/PHEV/HEV/OTHERS=mild; ICE=TOTAL-electrified; electrified=0
2023-03,monthly,LightVehicles,pesado,Aduana PY datos abiertos (HS 8703+8704),0,0,0,205,0,205,8704 camiones pesados (no livianos); segmento=pesado; BEV/PHEV/HEV/OTHERS=mild; ICE=TOTAL-electrified; electrified=0
2023-04,monthly,Whole,leve,Aduana PY datos abiertos (HS 8703),16,6,59,4247,2,4330,8703 limpio (sin recreativo); segmento=leve; BEV/PHEV/HEV/OTHERS=mild; ICE=TOTAL-electrified; electrified=83
2023-04,monthly,Whole,recreativo,Aduana PY datos abiertos (HS 8703),0,0,0,4,0,4,8703 golf/ATV/UTV/snow; segmento=recreativo; BEV/PHEV/HEV/OTHERS=mild; ICE=TOTAL-electrified; electrified=0
2023-04,monthly,LightVehicles,leve,Aduana PY datos abiertos (HS 8703+8704),25,6,59,5264,2,5356,8703 limpio + 8704 pickups livianos; segmento=leve; BEV/PHEV/HEV/OTHERS=mild; ICE=TOTAL-electrified; electrified=92; 8704_light=1026
2023-04,monthly,LightVehicles,recreativo,Aduana PY datos abiertos (HS 8703+8704),0,0,0,4,0,4,8703 recreativo (mismo universo); segmento=recreativo; BEV/PHEV/HEV/OTHERS=mild; ICE=TOTAL-electrified; electrified=0
2023-04,monthly,LightVehicles,pesado,Aduana PY datos abiertos (HS 8703+8704),0,0,0,113,0,113,8704 camiones pesados (no livianos); segmento=pesado; BEV/PHEV/HEV/OTHERS=mild; ICE=TOTAL-electrified; electrified=0
2023-05,monthly,Whole,leve,Aduana PY datos abiertos (HS 8703),36,18,271,4661,8,4994,8703 limpio (sin recreativo); segmento=leve; BEV/PHEV/HEV/OTHERS=mild; ICE=TOTAL-electrified; electrified=333
2023-05,monthly,Whole,recreativo,Aduana PY datos abiertos (HS 8703),0,0,0,10,0,10,8703 golf/ATV/UTV/snow; segmento=recreativo; BEV/PHEV/HEV/OTHERS=mild; ICE=TOTAL-electrified; electrified=0
2023-05,monthly,LightVehicles,leve,Aduana PY datos abiertos (HS 8703+8704),38,18,271,6043,8,6378,8703 limpio + 8704 pickups livianos; segmento=leve; BEV/PHEV/HEV/OTHERS=mild; ICE=TOTAL-electrified; electrified=335; 8704_light=1384
2023-05,monthly,LightVehicles,recreativo,Aduana PY datos abiertos (HS 8703+8704),0,0,0,10,0,10,8703 recreativo (mismo universo); segmento=recreativo; BEV/PHEV/HEV/OTHERS=mild; ICE=TOTAL-electrified; electrified=0
2023-05,monthly,LightVehicles,pesado,Aduana PY datos abiertos (HS 8703+8704),0,0,0,147,0,147,8704 camiones pesados (no livianos); segmento=pesado; BEV/PHEV/HEV/OTHERS=mild; ICE=TOTAL-electrified; electrified=0
2023-06,monthly,Whole,leve,Aduana PY datos abiertos (HS 8703),5,18,51,4766,6,4846,8703 limpio (sin recreativo); segmento=leve; BEV/PHEV/HEV/OTHERS=mild; ICE=TOTAL-electrified; electrified=80
2023-06,monthly,Whole,recreativo,Aduana PY datos abiertos (HS 8703),0,0,0,19,0,19,8703 golf/ATV/UTV/snow; segmento=recreativo; BEV/PHEV/HEV/OTHERS=mild; ICE=TOTAL-electrified; electrified=0
2023-06,monthly,LightVehicles,leve,Aduana PY datos abiertos (HS 8703+8704),5,18,51,5883,6,5963,8703 limpio + 8704 pickups livianos; segmento=leve; BEV/PHEV/HEV/OTHERS=mild; ICE=TOTAL-electrified; electrified=80; 8704_light=1117
2023-06,monthly,LightVehicles,recreativo,Aduana PY datos abiertos (HS 8703+8704),0,0,0,19,0,19,8703 recreativo (mismo universo); segmento=recreativo; BEV/PHEV/HEV/OTHERS=mild; ICE=TOTAL-electrified; electrified=0
2023-06,monthly,LightVehicles,pesado,Aduana PY datos abiertos (HS 8703+8704),0,0,0,143,0,143,8704 camiones pesados (no livianos); segmento=pesado; BEV/PHEV/HEV/OTHERS=mild; ICE=TOTAL-electrified; electrified=0
2023-07,monthly,Whole,leve,Aduana PY datos abiertos (HS 8703),8,13,98,4820,5,4944,8703 limpio (sin recreativo); segmento=leve; BEV/PHEV/HEV/OTHERS=mild; ICE=TOTAL-electrified; electrified=124
2023-07,monthly,Whole,recreativo,Aduana PY datos abiertos (HS 8703),0,0,0,7,0,7,8703 golf/ATV/UTV/snow; segmento=recreativo; BEV/PHEV/HEV/OTHERS=mild; ICE=TOTAL-electrified; electrified=0
2023-07,monthly,LightVehicles,leve,Aduana PY datos abiertos (HS 8703+8704),14,13,101,5762,5,5895,8703 limpio + 8704 pickups livianos; segmento=leve; BEV/PHEV/HEV/OTHERS=mild; ICE=TOTAL-electrified; electrified=133; 8704_light=951
2023-07,monthly,LightVehicles,recreativo,Aduana PY datos abiertos (HS 8703+8704),0,0,0,7,0,7,8703 recreativo (mismo universo); segmento=recreativo; BEV/PHEV/HEV/OTHERS=mild; ICE=TOTAL-electrified; electrified=0
2023-07,monthly,LightVehicles,pesado,Aduana PY datos abiertos (HS 8703+8704),0,0,0,83,0,83,8704 camiones pesados (no livianos); segmento=pesado; BEV/PHEV/HEV/OTHERS=mild; ICE=TOTAL-electrified; electrified=0
2023-08,monthly,Whole,leve,Aduana PY datos abiertos (HS 8703),7,15,113,5169,1,5305,8703 limpio (sin recreativo); segmento=leve; BEV/PHEV/HEV/OTHERS=mild; ICE=TOTAL-electrified; electrified=136
2023-08,monthly,Whole,recreativo,Aduana PY datos abiertos (HS 8703),0,0,0,23,0,23,8703 golf/ATV/UTV/snow; segmento=recreativo; BEV/PHEV/HEV/OTHERS=mild; ICE=TOTAL-electrified; electrified=0
2023-08,monthly,LightVehicles,leve,Aduana PY datos abiertos (HS 8703+8704),7,15,113,6212,1,6348,8703 limpio + 8704 pickups livianos; segmento=leve; BEV/PHEV/HEV/OTHERS=mild; ICE=TOTAL-electrified; electrified=136; 8704_light=1043
2023-08,monthly,LightVehicles,recreativo,Aduana PY datos abiertos (HS 8703+8704),0,0,0,23,0,23,8703 recreativo (mismo universo); segmento=recreativo; BEV/PHEV/HEV/OTHERS=mild; ICE=TOTAL-electrified; electrified=0
2023-08,monthly,LightVehicles,pesado,Aduana PY datos abiertos (HS 8703+8704),0,0,0,108,0,108,8704 camiones pesados (no livianos); segmento=pesado; BEV/PHEV/HEV/OTHERS=mild; ICE=TOTAL-electrified; electrified=0
2023-09,monthly,Whole,leve,Aduana PY datos abiertos (HS 8703),14,9,105,4443,0,4571,8703 limpio (sin recreativo); segmento=leve; BEV/PHEV/HEV/OTHERS=mild; ICE=TOTAL-electrified; electrified=128
2023-09,monthly,Whole,recreativo,Aduana PY datos abiertos (HS 8703),0,0,0,10,0,10,8703 golf/ATV/UTV/snow; segmento=recreativo; BEV/PHEV/HEV/OTHERS=mild; ICE=TOTAL-electrified; electrified=0
2023-09,monthly,LightVehicles,leve,Aduana PY datos abiertos (HS 8703+8704),16,9,105,5352,0,5482,8703 limpio + 8704 pickups livianos; segmento=leve; BEV/PHEV/HEV/OTHERS=mild; ICE=TOTAL-electrified; electrified=130; 8704_light=911
2023-09,monthly,LightVehicles,recreativo,Aduana PY datos abiertos (HS 8703+8704),0,0,0,10,0,10,8703 recreativo (mismo universo); segmento=recreativo; BEV/PHEV/HEV/OTHERS=mild; ICE=TOTAL-electrified; electrified=0
2023-09,monthly,LightVehicles,pesado,Aduana PY datos abiertos (HS 8703+8704),0,0,0,117,0,117,8704 camiones pesados (no livianos); segmento=pesado; BEV/PHEV/HEV/OTHERS=mild; ICE=TOTAL-electrified; electrified=0
2023-10,monthly,Whole,leve,Aduana PY datos abiertos (HS 8703),20,26,128,4791,0,4965,8703 limpio (sin recreativo); segmento=leve; BEV/PHEV/HEV/OTHERS=mild; ICE=TOTAL-electrified; electrified=174
2023-10,monthly,Whole,recreativo,Aduana PY datos abiertos (HS 8703),0,0,0,23,0,23,8703 golf/ATV/UTV/snow; segmento=recreativo; BEV/PHEV/HEV/OTHERS=mild; ICE=TOTAL-electrified; electrified=0
2023-10,monthly,LightVehicles,leve,Aduana PY datos abiertos (HS 8703+8704),20,26,128,5761,0,5935,8703 limpio + 8704 pickups livianos; segmento=leve; BEV/PHEV/HEV/OTHERS=mild; ICE=TOTAL-electrified; electrified=174; 8704_light=970
2023-10,monthly,LightVehicles,recreativo,Aduana PY datos abiertos (HS 8703+8704),0,0,0,23,0,23,8703 recreativo (mismo universo); segmento=recreativo; BEV/PHEV/HEV/OTHERS=mild; ICE=TOTAL-electrified; electrified=0
2023-10,monthly,LightVehicles,pesado,Aduana PY datos abiertos (HS 8703+8704),0,0,0,112,0,112,8704 camiones pesados (no livianos); segmento=pesado; BEV/PHEV/HEV/OTHERS=mild; ICE=TOTAL-electrified; electrified=0
2023-11,monthly,Whole,leve,Aduana PY datos abiertos (HS 8703),23,32,79,5332,2,5468,8703 limpio (sin recreativo); segmento=leve; BEV/PHEV/HEV/OTHERS=mild; ICE=TOTAL-electrified; electrified=136
2023-11,monthly,Whole,recreativo,Aduana PY datos abiertos (HS 8703),0,0,0,51,0,51,8703 golf/ATV/UTV/snow; segmento=recreativo; BEV/PHEV/HEV/OTHERS=mild; ICE=TOTAL-electrified; electrified=0
2023-11,monthly,LightVehicles,leve,Aduana PY datos abiertos (HS 8703+8704),23,32,79,6004,2,6140,8703 limpio + 8704 pickups livianos; segmento=leve; BEV/PHEV/HEV/OTHERS=mild; ICE=TOTAL-electrified; electrified=136; 8704_light=672
2023-11,monthly,LightVehicles,recreativo,Aduana PY datos abiertos (HS 8703+8704),0,0,0,51,0,51,8703 recreativo (mismo universo); segmento=recreativo; BEV/PHEV/HEV/OTHERS=mild; ICE=TOTAL-electrified; electrified=0
2023-11,monthly,LightVehicles,pesado,Aduana PY datos abiertos (HS 8703+8704),0,0,0,125,0,125,8704 camiones pesados (no livianos); segmento=pesado; BEV/PHEV/HEV/OTHERS=mild; ICE=TOTAL-electrified; electrified=0
2023-12,monthly,Whole,leve,Aduana PY datos abiertos (HS 8703),26,29,113,5311,1,5480,8703 limpio (sin recreativo); segmento=leve; BEV/PHEV/HEV/OTHERS=mild; ICE=TOTAL-electrified; electrified=169
2023-12,monthly,Whole,recreativo,Aduana PY datos abiertos (HS 8703),0,0,0,58,0,58,8703 golf/ATV/UTV/snow; segmento=recreativo; BEV/PHEV/HEV/OTHERS=mild; ICE=TOTAL-electrified; electrified=0
2023-12,monthly,LightVehicles,leve,Aduana PY datos abiertos (HS 8703+8704),26,29,113,6287,1,6456,8703 limpio + 8704 pickups livianos; segmento=leve; BEV/PHEV/HEV/OTHERS=mild; ICE=TOTAL-electrified; electrified=169; 8704_light=976
2023-12,monthly,LightVehicles,recreativo,Aduana PY datos abiertos (HS 8703+8704),0,0,0,58,0,58,8703 recreativo (mismo universo); segmento=recreativo; BEV/PHEV/HEV/OTHERS=mild; ICE=TOTAL-electrified; electrified=0
2023-12,monthly,LightVehicles,pesado,Aduana PY datos abiertos (HS 8703+8704),0,0,0,84,0,84,8704 camiones pesados (no livianos); segmento=pesado; BEV/PHEV/HEV/OTHERS=mild; ICE=TOTAL-electrified; electrified=0
2024-01,monthly,Whole,leve,Aduana PY datos abiertos (HS 8703),22,16,134,5070,3,5245,8703 limpio (sin recreativo); segmento=leve; BEV/PHEV/HEV/OTHERS=mild; ICE=TOTAL-electrified; electrified=175
2024-01,monthly,Whole,recreativo,Aduana PY datos abiertos (HS 8703),0,0,0,13,0,13,8703 golf/ATV/UTV/snow; segmento=recreativo; BEV/PHEV/HEV/OTHERS=mild; ICE=TOTAL-electrified; electrified=0
2024-01,monthly,LightVehicles,leve,Aduana PY datos abiertos (HS 8703+8704),22,16,134,5842,3,6017,8703 limpio + 8704 pickups livianos; segmento=leve; BEV/PHEV/HEV/OTHERS=mild; ICE=TOTAL-electrified; electrified=175; 8704_light=772
2024-01,monthly,LightVehicles,recreativo,Aduana PY datos abiertos (HS 8703+8704),0,0,0,13,0,13,8703 recreativo (mismo universo); segmento=recreativo; BEV/PHEV/HEV/OTHERS=mild; ICE=TOTAL-electrified; electrified=0
2024-01,monthly,LightVehicles,pesado,Aduana PY datos abiertos (HS 8703+8704),0,0,0,124,0,124,8704 camiones pesados (no livianos); segmento=pesado; BEV/PHEV/HEV/OTHERS=mild; ICE=TOTAL-electrified; electrified=0
2024-02,monthly,Whole,leve,Aduana PY datos abiertos (HS 8703),38,25,105,6252,2,6422,8703 limpio (sin recreativo); segmento=leve; BEV/PHEV/HEV/OTHERS=mild; ICE=TOTAL-electrified; electrified=170
2024-02,monthly,Whole,recreativo,Aduana PY datos abiertos (HS 8703),0,0,0,44,0,44,8703 golf/ATV/UTV/snow; segmento=recreativo; BEV/PHEV/HEV/OTHERS=mild; ICE=TOTAL-electrified; electrified=0
2024-02,monthly,LightVehicles,leve,Aduana PY datos abiertos (HS 8703+8704),38,25,106,7347,2,7518,8703 limpio + 8704 pickups livianos; segmento=leve; BEV/PHEV/HEV/OTHERS=mild; ICE=TOTAL-electrified; electrified=171; 8704_light=1096
2024-02,monthly,LightVehicles,recreativo,Aduana PY datos abiertos (HS 8703+8704),0,0,0,44,0,44,8703 recreativo (mismo universo); segmento=recreativo; BEV/PHEV/HEV/OTHERS=mild; ICE=TOTAL-electrified; electrified=0
2024-02,monthly,LightVehicles,pesado,Aduana PY datos abiertos (HS 8703+8704),0,0,0,190,0,190,8704 camiones pesados (no livianos); segmento=pesado; BEV/PHEV/HEV/OTHERS=mild; ICE=TOTAL-electrified; electrified=0
2024-03,monthly,Whole,leve,Aduana PY datos abiertos (HS 8703),21,20,68,5262,2,5373,8703 limpio (sin recreativo); segmento=leve; BEV/PHEV/HEV/OTHERS=mild; ICE=TOTAL-electrified; electrified=111
2024-03,monthly,Whole,recreativo,Aduana PY datos abiertos (HS 8703),0,0,0,39,0,39,8703 golf/ATV/UTV/snow; segmento=recreativo; BEV/PHEV/HEV/OTHERS=mild; ICE=TOTAL-electrified; electrified=0
2024-03,monthly,LightVehicles,leve,Aduana PY datos abiertos (HS 8703+8704),21,20,68,6217,2,6328,8703 limpio + 8704 pickups livianos; segmento=leve; BEV/PHEV/HEV/OTHERS=mild; ICE=TOTAL-electrified; electrified=111; 8704_light=955
2024-03,monthly,LightVehicles,recreativo,Aduana PY datos abiertos (HS 8703+8704),0,0,0,39,0,39,8703 recreativo (mismo universo); segmento=recreativo; BEV/PHEV/HEV/OTHERS=mild; ICE=TOTAL-electrified; electrified=0
2024-03,monthly,LightVehicles,pesado,Aduana PY datos abiertos (HS 8703+8704),0,0,0,113,0,113,8704 camiones pesados (no livianos); segmento=pesado; BEV/PHEV/HEV/OTHERS=mild; ICE=TOTAL-electrified; electrified=0
2024-04,monthly,Whole,leve,Aduana PY datos abiertos (HS 8703),20,7,146,6226,3,6402,8703 limpio (sin recreativo); segmento=leve; BEV/PHEV/HEV/OTHERS=mild; ICE=TOTAL-electrified; electrified=176
2024-04,monthly,Whole,recreativo,Aduana PY datos abiertos (HS 8703),0,0,0,15,0,15,8703 golf/ATV/UTV/snow; segmento=recreativo; BEV/PHEV/HEV/OTHERS=mild; ICE=TOTAL-electrified; electrified=0
2024-04,monthly,LightVehicles,leve,Aduana PY datos abiertos (HS 8703+8704),49,7,146,7288,3,7493,8703 limpio + 8704 pickups livianos; segmento=leve; BEV/PHEV/HEV/OTHERS=mild; ICE=TOTAL-electrified; electrified=205; 8704_light=1091
2024-04,monthly,LightVehicles,recreativo,Aduana PY datos abiertos (HS 8703+8704),0,0,0,15,0,15,8703 recreativo (mismo universo); segmento=recreativo; BEV/PHEV/HEV/OTHERS=mild; ICE=TOTAL-electrified; electrified=0
2024-04,monthly,LightVehicles,pesado,Aduana PY datos abiertos (HS 8703+8704),0,0,0,107,0,107,8704 camiones pesados (no livianos); segmento=pesado; BEV/PHEV/HEV/OTHERS=mild; ICE=TOTAL-electrified; electrified=0
2024-05,monthly,Whole,leve,Aduana PY datos abiertos (HS 8703),16,23,76,5594,1,5710,8703 limpio (sin recreativo); segmento=leve; BEV/PHEV/HEV/OTHERS=mild; ICE=TOTAL-electrified; electrified=116
2024-05,monthly,Whole,recreativo,Aduana PY datos abiertos (HS 8703),0,0,0,52,0,52,8703 golf/ATV/UTV/snow; segmento=recreativo; BEV/PHEV/HEV/OTHERS=mild; ICE=TOTAL-electrified; electrified=0
2024-05,monthly,LightVehicles,leve,Aduana PY datos abiertos (HS 8703+8704),18,23,76,6945,1,7063,8703 limpio + 8704 pickups livianos; segmento=leve; BEV/PHEV/HEV/OTHERS=mild; ICE=TOTAL-electrified; electrified=118; 8704_light=1353
2024-05,monthly,LightVehicles,recreativo,Aduana PY datos abiertos (HS 8703+8704),0,0,0,52,0,52,8703 recreativo (mismo universo); segmento=recreativo; BEV/PHEV/HEV/OTHERS=mild; ICE=TOTAL-electrified; electrified=0
2024-05,monthly,LightVehicles,pesado,Aduana PY datos abiertos (HS 8703+8704),0,0,0,196,0,196,8704 camiones pesados (no livianos); segmento=pesado; BEV/PHEV/HEV/OTHERS=mild; ICE=TOTAL-electrified; electrified=0
2024-06,monthly,Whole,leve,Aduana PY datos abiertos (HS 8703),15,26,98,5083,2,5224,8703 limpio (sin recreativo); segmento=leve; BEV/PHEV/HEV/OTHERS=mild; ICE=TOTAL-electrified; electrified=141
2024-06,monthly,Whole,recreativo,Aduana PY datos abiertos (HS 8703),0,0,0,31,0,31,8703 golf/ATV/UTV/snow; segmento=recreativo; BEV/PHEV/HEV/OTHERS=mild; ICE=TOTAL-electrified; electrified=0
2024-06,monthly,LightVehicles,leve,Aduana PY datos abiertos (HS 8703+8704),16,26,98,6245,2,6387,8703 limpio + 8704 pickups livianos; segmento=leve; BEV/PHEV/HEV/OTHERS=mild; ICE=TOTAL-electrified; electrified=142; 8704_light=1163
2024-06,monthly,LightVehicles,recreativo,Aduana PY datos abiertos (HS 8703+8704),0,0,0,31,0,31,8703 recreativo (mismo universo); segmento=recreativo; BEV/PHEV/HEV/OTHERS=mild; ICE=TOTAL-electrified; electrified=0
2024-06,monthly,LightVehicles,pesado,Aduana PY datos abiertos (HS 8703+8704),0,0,0,129,0,129,8704 camiones pesados (no livianos); segmento=pesado; BEV/PHEV/HEV/OTHERS=mild; ICE=TOTAL-electrified; electrified=0
2024-07,monthly,Whole,leve,Aduana PY datos abiertos (HS 8703),12,38,157,6525,7,6739,8703 limpio (sin recreativo); segmento=leve; BEV/PHEV/HEV/OTHERS=mild; ICE=TOTAL-electrified; electrified=214
2024-07,monthly,Whole,recreativo,Aduana PY datos abiertos (HS 8703),0,0,0,34,0,34,8703 golf/ATV/UTV/snow; segmento=recreativo; BEV/PHEV/HEV/OTHERS=mild; ICE=TOTAL-electrified; electrified=0
2024-07,monthly,LightVehicles,leve,Aduana PY datos abiertos (HS 8703+8704),14,38,157,7864,7,8080,8703 limpio + 8704 pickups livianos; segmento=leve; BEV/PHEV/HEV/OTHERS=mild; ICE=TOTAL-electrified; electrified=216; 8704_light=1341
2024-07,monthly,LightVehicles,recreativo,Aduana PY datos abiertos (HS 8703+8704),0,0,0,34,0,34,8703 recreativo (mismo universo); segmento=recreativo; BEV/PHEV/HEV/OTHERS=mild; ICE=TOTAL-electrified; electrified=0
2024-07,monthly,LightVehicles,pesado,Aduana PY datos abiertos (HS 8703+8704),0,0,2,133,0,135,8704 camiones pesados (no livianos); segmento=pesado; BEV/PHEV/HEV/OTHERS=mild; ICE=TOTAL-electrified; electrified=2
2024-08,monthly,Whole,leve,Aduana PY datos abiertos (HS 8703),27,21,158,5973,3,6182,8703 limpio (sin recreativo); segmento=leve; BEV/PHEV/HEV/OTHERS=mild; ICE=TOTAL-electrified; electrified=209
2024-08,monthly,Whole,recreativo,Aduana PY datos abiertos (HS 8703),0,0,0,74,0,74,8703 golf/ATV/UTV/snow; segmento=recreativo; BEV/PHEV/HEV/OTHERS=mild; ICE=TOTAL-electrified; electrified=0
2024-08,monthly,LightVehicles,leve,Aduana PY datos abiertos (HS 8703+8704),27,21,159,7344,3,7554,8703 limpio + 8704 pickups livianos; segmento=leve; BEV/PHEV/HEV/OTHERS=mild; ICE=TOTAL-electrified; electrified=210; 8704_light=1372
2024-08,monthly,LightVehicles,recreativo,Aduana PY datos abiertos (HS 8703+8704),0,0,0,74,0,74,8703 recreativo (mismo universo); segmento=recreativo; BEV/PHEV/HEV/OTHERS=mild; ICE=TOTAL-electrified; electrified=0
2024-08,monthly,LightVehicles,pesado,Aduana PY datos abiertos (HS 8703+8704),0,0,0,101,0,101,8704 camiones pesados (no livianos); segmento=pesado; BEV/PHEV/HEV/OTHERS=mild; ICE=TOTAL-electrified; electrified=0
2024-09,monthly,Whole,leve,Aduana PY datos abiertos (HS 8703),80,33,203,5037,3,5356,8703 limpio (sin recreativo); segmento=leve; BEV/PHEV/HEV/OTHERS=mild; ICE=TOTAL-electrified; electrified=319
2024-09,monthly,Whole,recreativo,Aduana PY datos abiertos (HS 8703),0,0,0,24,0,24,8703 golf/ATV/UTV/snow; segmento=recreativo; BEV/PHEV/HEV/OTHERS=mild; ICE=TOTAL-electrified; electrified=0
2024-09,monthly,LightVehicles,leve,Aduana PY datos abiertos (HS 8703+8704),80,33,204,6206,3,6526,8703 limpio + 8704 pickups livianos; segmento=leve; BEV/PHEV/HEV/OTHERS=mild; ICE=TOTAL-electrified; electrified=320; 8704_light=1170
2024-09,monthly,LightVehicles,recreativo,Aduana PY datos abiertos (HS 8703+8704),0,0,0,24,0,24,8703 recreativo (mismo universo); segmento=recreativo; BEV/PHEV/HEV/OTHERS=mild; ICE=TOTAL-electrified; electrified=0
2024-09,monthly,LightVehicles,pesado,Aduana PY datos abiertos (HS 8703+8704),0,0,0,94,0,94,8704 camiones pesados (no livianos); segmento=pesado; BEV/PHEV/HEV/OTHERS=mild; ICE=TOTAL-electrified; electrified=0
2024-10,monthly,Whole,leve,Aduana PY datos abiertos (HS 8703),41,105,179,7119,0,7444,8703 limpio (sin recreativo); segmento=leve; BEV/PHEV/HEV/OTHERS=mild; ICE=TOTAL-electrified; electrified=325
2024-10,monthly,Whole,recreativo,Aduana PY datos abiertos (HS 8703),0,0,0,12,0,12,8703 golf/ATV/UTV/snow; segmento=recreativo; BEV/PHEV/HEV/OTHERS=mild; ICE=TOTAL-electrified; electrified=0
2024-10,monthly,LightVehicles,leve,Aduana PY datos abiertos (HS 8703+8704),41,105,179,8513,0,8838,8703 limpio + 8704 pickups livianos; segmento=leve; BEV/PHEV/HEV/OTHERS=mild; ICE=TOTAL-electrified; electrified=325; 8704_light=1394
2024-10,monthly,LightVehicles,recreativo,Aduana PY datos abiertos (HS 8703+8704),0,0,0,12,0,12,8703 recreativo (mismo universo); segmento=recreativo; BEV/PHEV/HEV/OTHERS=mild; ICE=TOTAL-electrified; electrified=0
2024-10,monthly,LightVehicles,pesado,Aduana PY datos abiertos (HS 8703+8704),0,0,0,167,0,167,8704 camiones pesados (no livianos); segmento=pesado; BEV/PHEV/HEV/OTHERS=mild; ICE=TOTAL-electrified; electrified=0
2024-11,monthly,Whole,leve,Aduana PY datos abiertos (HS 8703),90,36,302,5910,24,6362,8703 limpio (sin recreativo); segmento=leve; BEV/PHEV/HEV/OTHERS=mild; ICE=TOTAL-electrified; electrified=452
2024-11,monthly,Whole,recreativo,Aduana PY datos abiertos (HS 8703),0,0,0,25,0,25,8703 golf/ATV/UTV/snow; segmento=recreativo; BEV/PHEV/HEV/OTHERS=mild; ICE=TOTAL-electrified; electrified=0
2024-11,monthly,LightVehicles,leve,Aduana PY datos abiertos (HS 8703+8704),92,36,302,7461,24,7915,8703 limpio + 8704 pickups livianos; segmento=leve; BEV/PHEV/HEV/OTHERS=mild; ICE=TOTAL-electrified; electrified=454; 8704_light=1553
2024-11,monthly,LightVehicles,recreativo,Aduana PY datos abiertos (HS 8703+8704),0,0,0,25,0,25,8703 recreativo (mismo universo); segmento=recreativo; BEV/PHEV/HEV/OTHERS=mild; ICE=TOTAL-electrified; electrified=0
2024-11,monthly,LightVehicles,pesado,Aduana PY datos abiertos (HS 8703+8704),0,0,0,81,0,81,8704 camiones pesados (no livianos); segmento=pesado; BEV/PHEV/HEV/OTHERS=mild; ICE=TOTAL-electrified; electrified=0
2024-12,monthly,Whole,leve,Aduana PY datos abiertos (HS 8703),147,66,107,6506,0,6826,8703 limpio (sin recreativo); segmento=leve; BEV/PHEV/HEV/OTHERS=mild; ICE=TOTAL-electrified; electrified=320
2024-12,monthly,Whole,recreativo,Aduana PY datos abiertos (HS 8703),0,0,0,63,0,63,8703 golf/ATV/UTV/snow; segmento=recreativo; BEV/PHEV/HEV/OTHERS=mild; ICE=TOTAL-electrified; electrified=0
2024-12,monthly,LightVehicles,leve,Aduana PY datos abiertos (HS 8703+8704),166,66,107,7983,0,8322,8703 limpio + 8704 pickups livianos; segmento=leve; BEV/PHEV/HEV/OTHERS=mild; ICE=TOTAL-electrified; electrified=339; 8704_light=1496
2024-12,monthly,LightVehicles,recreativo,Aduana PY datos abiertos (HS 8703+8704),0,0,0,63,0,63,8703 recreativo (mismo universo); segmento=recreativo; BEV/PHEV/HEV/OTHERS=mild; ICE=TOTAL-electrified; electrified=0
2024-12,monthly,LightVehicles,pesado,Aduana PY datos abiertos (HS 8703+8704),0,0,0,99,0,99,8704 camiones pesados (no livianos); segmento=pesado; BEV/PHEV/HEV/OTHERS=mild; ICE=TOTAL-electrified; electrified=0
2025-01,monthly,Whole,leve,Aduana PY datos abiertos (HS 8703),44,36,116,4825,1,5022,8703 limpio (sin recreativo); segmento=leve; BEV/PHEV/HEV/OTHERS=mild; ICE=TOTAL-electrified; electrified=197
2025-01,monthly,Whole,recreativo,Aduana PY datos abiertos (HS 8703),0,0,0,29,0,29,8703 golf/ATV/UTV/snow; segmento=recreativo; BEV/PHEV/HEV/OTHERS=mild; ICE=TOTAL-electrified; electrified=0
2025-01,monthly,LightVehicles,leve,Aduana PY datos abiertos (HS 8703+8704),46,36,116,5971,1,6170,8703 limpio + 8704 pickups livianos; segmento=leve; BEV/PHEV/HEV/OTHERS=mild; ICE=TOTAL-electrified; electrified=199; 8704_light=1148
2025-01,monthly,LightVehicles,recreativo,Aduana PY datos abiertos (HS 8703+8704),0,0,0,29,0,29,8703 recreativo (mismo universo); segmento=recreativo; BEV/PHEV/HEV/OTHERS=mild; ICE=TOTAL-electrified; electrified=0
2025-01,monthly,LightVehicles,pesado,Aduana PY datos abiertos (HS 8703+8704),0,0,0,138,0,138,8704 camiones pesados (no livianos); segmento=pesado; BEV/PHEV/HEV/OTHERS=mild; ICE=TOTAL-electrified; electrified=0
2025-02,monthly,Whole,leve,Aduana PY datos abiertos (HS 8703),41,87,95,5785,0,6008,8703 limpio (sin recreativo); segmento=leve; BEV/PHEV/HEV/OTHERS=mild; ICE=TOTAL-electrified; electrified=223
2025-02,monthly,Whole,recreativo,Aduana PY datos abiertos (HS 8703),0,0,0,23,0,23,8703 golf/ATV/UTV/snow; segmento=recreativo; BEV/PHEV/HEV/OTHERS=mild; ICE=TOTAL-electrified; electrified=0
2025-02,monthly,LightVehicles,leve,Aduana PY datos abiertos (HS 8703+8704),44,87,95,6672,0,6898,8703 limpio + 8704 pickups livianos; segmento=leve; BEV/PHEV/HEV/OTHERS=mild; ICE=TOTAL-electrified; electrified=226; 8704_light=890
2025-02,monthly,LightVehicles,recreativo,Aduana PY datos abiertos (HS 8703+8704),0,0,0,23,0,23,8703 recreativo (mismo universo); segmento=recreativo; BEV/PHEV/HEV/OTHERS=mild; ICE=TOTAL-electrified; electrified=0
2025-02,monthly,LightVehicles,pesado,Aduana PY datos abiertos (HS 8703+8704),0,0,0,160,0,160,8704 camiones pesados (no livianos); segmento=pesado; BEV/PHEV/HEV/OTHERS=mild; ICE=TOTAL-electrified; electrified=0
2025-03,monthly,Whole,leve,Aduana PY datos abiertos (HS 8703),154,128,127,6761,0,7170,8703 limpio (sin recreativo); segmento=leve; BEV/PHEV/HEV/OTHERS=mild; ICE=TOTAL-electrified; electrified=409
2025-03,monthly,Whole,recreativo,Aduana PY datos abiertos (HS 8703),0,0,0,25,0,25,8703 golf/ATV/UTV/snow; segmento=recreativo; BEV/PHEV/HEV/OTHERS=mild; ICE=TOTAL-electrified; electrified=0
2025-03,monthly,LightVehicles,leve,Aduana PY datos abiertos (HS 8703+8704),156,128,127,7812,0,8223,8703 limpio + 8704 pickups livianos; segmento=leve; BEV/PHEV/HEV/OTHERS=mild; ICE=TOTAL-electrified; electrified=411; 8704_light=1053
2025-03,monthly,LightVehicles,recreativo,Aduana PY datos abiertos (HS 8703+8704),0,0,0,25,0,25,8703 recreativo (mismo universo); segmento=recreativo; BEV/PHEV/HEV/OTHERS=mild; ICE=TOTAL-electrified; electrified=0
2025-03,monthly,LightVehicles,pesado,Aduana PY datos abiertos (HS 8703+8704),0,0,0,169,0,169,8704 camiones pesados (no livianos); segmento=pesado; BEV/PHEV/HEV/OTHERS=mild; ICE=TOTAL-electrified; electrified=0
2025-04,monthly,Whole,leve,Aduana PY datos abiertos (HS 8703),44,23,155,6457,6,6685,8703 limpio (sin recreativo); segmento=leve; BEV/PHEV/HEV/OTHERS=mild; ICE=TOTAL-electrified; electrified=228
2025-04,monthly,Whole,recreativo,Aduana PY datos abiertos (HS 8703),0,0,0,7,0,7,8703 golf/ATV/UTV/snow; segmento=recreativo; BEV/PHEV/HEV/OTHERS=mild; ICE=TOTAL-electrified; electrified=0
2025-04,monthly,LightVehicles,leve,Aduana PY datos abiertos (HS 8703+8704),44,23,156,7395,6,7624,8703 limpio + 8704 pickups livianos; segmento=leve; BEV/PHEV/HEV/OTHERS=mild; ICE=TOTAL-electrified; electrified=229; 8704_light=939
2025-04,monthly,LightVehicles,recreativo,Aduana PY datos abiertos (HS 8703+8704),0,0,0,7,0,7,8703 recreativo (mismo universo); segmento=recreativo; BEV/PHEV/HEV/OTHERS=mild; ICE=TOTAL-electrified; electrified=0
2025-04,monthly,LightVehicles,pesado,Aduana PY datos abiertos (HS 8703+8704),0,0,0,161,0,161,8704 camiones pesados (no livianos); segmento=pesado; BEV/PHEV/HEV/OTHERS=mild; ICE=TOTAL-electrified; electrified=0
2025-05,monthly,Whole,leve,Aduana PY datos abiertos (HS 8703),27,58,114,6762,6,6967,8703 limpio (sin recreativo); segmento=leve; BEV/PHEV/HEV/OTHERS=mild; ICE=TOTAL-electrified; electrified=205
2025-05,monthly,Whole,recreativo,Aduana PY datos abiertos (HS 8703),0,0,0,32,0,32,8703 golf/ATV/UTV/snow; segmento=recreativo; BEV/PHEV/HEV/OTHERS=mild; ICE=TOTAL-electrified; electrified=0
2025-05,monthly,LightVehicles,leve,Aduana PY datos abiertos (HS 8703+8704),27,58,115,7992,6,8198,8703 limpio + 8704 pickups livianos; segmento=leve; BEV/PHEV/HEV/OTHERS=mild; ICE=TOTAL-electrified; electrified=206; 8704_light=1231
2025-05,monthly,LightVehicles,recreativo,Aduana PY datos abiertos (HS 8703+8704),0,0,0,32,0,32,8703 recreativo (mismo universo); segmento=recreativo; BEV/PHEV/HEV/OTHERS=mild; ICE=TOTAL-electrified; electrified=0
2025-05,monthly,LightVehicles,pesado,Aduana PY datos abiertos (HS 8703+8704),0,0,0,169,0,169,8704 camiones pesados (no livianos); segmento=pesado; BEV/PHEV/HEV/OTHERS=mild; ICE=TOTAL-electrified; electrified=0
2025-06,monthly,Whole,leve,Aduana PY datos abiertos (HS 8703),56,69,219,6262,5,6611,8703 limpio (sin recreativo); segmento=leve; BEV/PHEV/HEV/OTHERS=mild; ICE=TOTAL-electrified; electrified=349
2025-06,monthly,Whole,recreativo,Aduana PY datos abiertos (HS 8703),0,0,0,8,0,8,8703 golf/ATV/UTV/snow; segmento=recreativo; BEV/PHEV/HEV/OTHERS=mild; ICE=TOTAL-electrified; electrified=0
2025-06,monthly,LightVehicles,leve,Aduana PY datos abiertos (HS 8703+8704),60,71,219,7405,5,7760,8703 limpio + 8704 pickups livianos; segmento=leve; BEV/PHEV/HEV/OTHERS=mild; ICE=TOTAL-electrified; electrified=355; 8704_light=1149
2025-06,monthly,LightVehicles,recreativo,Aduana PY datos abiertos (HS 8703+8704),0,0,0,8,0,8,8703 recreativo (mismo universo); segmento=recreativo; BEV/PHEV/HEV/OTHERS=mild; ICE=TOTAL-electrified; electrified=0
2025-06,monthly,LightVehicles,pesado,Aduana PY datos abiertos (HS 8703+8704),0,0,0,121,0,121,8704 camiones pesados (no livianos); segmento=pesado; BEV/PHEV/HEV/OTHERS=mild; ICE=TOTAL-electrified; electrified=0
2025-07,monthly,Whole,leve,Aduana PY datos abiertos (HS 8703),58,66,168,7175,7,7474,8703 limpio (sin recreativo); segmento=leve; BEV/PHEV/HEV/OTHERS=mild; ICE=TOTAL-electrified; electrified=299
2025-07,monthly,Whole,recreativo,Aduana PY datos abiertos (HS 8703),0,0,0,58,0,58,8703 golf/ATV/UTV/snow; segmento=recreativo; BEV/PHEV/HEV/OTHERS=mild; ICE=TOTAL-electrified; electrified=0
2025-07,monthly,LightVehicles,leve,Aduana PY datos abiertos (HS 8703+8704),58,67,168,8525,7,8825,8703 limpio + 8704 pickups livianos; segmento=leve; BEV/PHEV/HEV/OTHERS=mild; ICE=TOTAL-electrified; electrified=300; 8704_light=1351
2025-07,monthly,LightVehicles,recreativo,Aduana PY datos abiertos (HS 8703+8704),0,0,0,58,0,58,8703 recreativo (mismo universo); segmento=recreativo; BEV/PHEV/HEV/OTHERS=mild; ICE=TOTAL-electrified; electrified=0
2025-07,monthly,LightVehicles,pesado,Aduana PY datos abiertos (HS 8703+8704),0,0,0,220,0,220,8704 camiones pesados (no livianos); segmento=pesado; BEV/PHEV/HEV/OTHERS=mild; ICE=TOTAL-electrified; electrified=0
2025-08,monthly,Whole,leve,Aduana PY datos abiertos (HS 8703),33,96,154,5962,5,6250,8703 limpio (sin recreativo); segmento=leve; BEV/PHEV/HEV/OTHERS=mild; ICE=TOTAL-electrified; electrified=288
2025-08,monthly,Whole,recreativo,Aduana PY datos abiertos (HS 8703),0,0,0,26,0,26,8703 golf/ATV/UTV/snow; segmento=recreativo; BEV/PHEV/HEV/OTHERS=mild; ICE=TOTAL-electrified; electrified=0
2025-08,monthly,LightVehicles,leve,Aduana PY datos abiertos (HS 8703+8704),65,96,156,7138,5,7460,8703 limpio + 8704 pickups livianos; segmento=leve; BEV/PHEV/HEV/OTHERS=mild; ICE=TOTAL-electrified; electrified=322; 8704_light=1210
2025-08,monthly,LightVehicles,recreativo,Aduana PY datos abiertos (HS 8703+8704),0,0,0,26,0,26,8703 recreativo (mismo universo); segmento=recreativo; BEV/PHEV/HEV/OTHERS=mild; ICE=TOTAL-electrified; electrified=0
2025-08,monthly,LightVehicles,pesado,Aduana PY datos abiertos (HS 8703+8704),0,0,0,118,0,118,8704 camiones pesados (no livianos); segmento=pesado; BEV/PHEV/HEV/OTHERS=mild; ICE=TOTAL-electrified; electrified=0
2025-09,monthly,Whole,leve,Aduana PY datos abiertos (HS 8703),31,172,300,6992,8,7503,8703 limpio (sin recreativo); segmento=leve; BEV/PHEV/HEV/OTHERS=mild; ICE=TOTAL-electrified; electrified=511
2025-09,monthly,Whole,recreativo,Aduana PY datos abiertos (HS 8703),0,0,0,16,0,16,8703 golf/ATV/UTV/snow; segmento=recreativo; BEV/PHEV/HEV/OTHERS=mild; ICE=TOTAL-electrified; electrified=0
2025-09,monthly,LightVehicles,leve,Aduana PY datos abiertos (HS 8703+8704),36,175,306,8421,8,8946,8703 limpio + 8704 pickups livianos; segmento=leve; BEV/PHEV/HEV/OTHERS=mild; ICE=TOTAL-electrified; electrified=525; 8704_light=1443
2025-09,monthly,LightVehicles,recreativo,Aduana PY datos abiertos (HS 8703+8704),0,0,0,16,0,16,8703 recreativo (mismo universo); segmento=recreativo; BEV/PHEV/HEV/OTHERS=mild; ICE=TOTAL-electrified; electrified=0
2025-09,monthly,LightVehicles,pesado,Aduana PY datos abiertos (HS 8703+8704),0,0,0,104,0,104,8704 camiones pesados (no livianos); segmento=pesado; BEV/PHEV/HEV/OTHERS=mild; ICE=TOTAL-electrified; electrified=0
2025-10,monthly,Whole,leve,Aduana PY datos abiertos (HS 8703),110,172,186,9716,0,10184,8703 limpio (sin recreativo); segmento=leve; BEV/PHEV/HEV/OTHERS=mild; ICE=TOTAL-electrified; electrified=468
2025-10,monthly,Whole,recreativo,Aduana PY datos abiertos (HS 8703),0,0,0,48,0,48,8703 golf/ATV/UTV/snow; segmento=recreativo; BEV/PHEV/HEV/OTHERS=mild; ICE=TOTAL-electrified; electrified=0
2025-10,monthly,LightVehicles,leve,Aduana PY datos abiertos (HS 8703+8704),111,172,192,11537,0,12012,8703 limpio + 8704 pickups livianos; segmento=leve; BEV/PHEV/HEV/OTHERS=mild; ICE=TOTAL-electrified; electrified=475; 8704_light=1828
2025-10,monthly,LightVehicles,recreativo,Aduana PY datos abiertos (HS 8703+8704),0,0,0,48,0,48,8703 recreativo (mismo universo); segmento=recreativo; BEV/PHEV/HEV/OTHERS=mild; ICE=TOTAL-electrified; electrified=0
2025-10,monthly,LightVehicles,pesado,Aduana PY datos abiertos (HS 8703+8704),0,0,0,225,0,225,8704 camiones pesados (no livianos); segmento=pesado; BEV/PHEV/HEV/OTHERS=mild; ICE=TOTAL-electrified; electrified=0
2025-11,monthly,Whole,leve,Aduana PY datos abiertos (HS 8703),67,113,256,7408,1,7845,8703 limpio (sin recreativo); segmento=leve; BEV/PHEV/HEV/OTHERS=mild; ICE=TOTAL-electrified; electrified=437
2025-11,monthly,Whole,recreativo,Aduana PY datos abiertos (HS 8703),0,0,0,47,0,47,8703 golf/ATV/UTV/snow; segmento=recreativo; BEV/PHEV/HEV/OTHERS=mild; ICE=TOTAL-electrified; electrified=0
2025-11,monthly,LightVehicles,leve,Aduana PY datos abiertos (HS 8703+8704),78,115,258,8805,1,9257,8703 limpio + 8704 pickups livianos; segmento=leve; BEV/PHEV/HEV/OTHERS=mild; ICE=TOTAL-electrified; electrified=452; 8704_light=1412
2025-11,monthly,LightVehicles,recreativo,Aduana PY datos abiertos (HS 8703+8704),0,0,0,47,0,47,8703 recreativo (mismo universo); segmento=recreativo; BEV/PHEV/HEV/OTHERS=mild; ICE=TOTAL-electrified; electrified=0
2025-11,monthly,LightVehicles,pesado,Aduana PY datos abiertos (HS 8703+8704),0,0,0,218,0,218,8704 camiones pesados (no livianos); segmento=pesado; BEV/PHEV/HEV/OTHERS=mild; ICE=TOTAL-electrified; electrified=0
2025-12,monthly,Whole,leve,Aduana PY datos abiertos (HS 8703),91,155,336,7658,0,8240,8703 limpio (sin recreativo); segmento=leve; BEV/PHEV/HEV/OTHERS=mild; ICE=TOTAL-electrified; electrified=582
2025-12,monthly,Whole,recreativo,Aduana PY datos abiertos (HS 8703),0,0,0,120,0,120,8703 golf/ATV/UTV/snow; segmento=recreativo; BEV/PHEV/HEV/OTHERS=mild; ICE=TOTAL-electrified; electrified=0
2025-12,monthly,LightVehicles,leve,Aduana PY datos abiertos (HS 8703+8704),95,170,338,9123,0,9726,8703 limpio + 8704 pickups livianos; segmento=leve; BEV/PHEV/HEV/OTHERS=mild; ICE=TOTAL-electrified; electrified=603; 8704_light=1486
2025-12,monthly,LightVehicles,recreativo,Aduana PY datos abiertos (HS 8703+8704),0,0,0,120,0,120,8703 recreativo (mismo universo); segmento=recreativo; BEV/PHEV/HEV/OTHERS=mild; ICE=TOTAL-electrified; electrified=0
2025-12,monthly,LightVehicles,pesado,Aduana PY datos abiertos (HS 8703+8704),0,0,0,198,0,198,8704 camiones pesados (no livianos); segmento=pesado; BEV/PHEV/HEV/OTHERS=mild; ICE=TOTAL-electrified; electrified=0
2026-01,monthly,Whole,leve,Aduana PY datos abiertos (HS 8703),40,185,250,6441,0,6916,8703 limpio (sin recreativo); segmento=leve; BEV/PHEV/HEV/OTHERS=mild; ICE=TOTAL-electrified; electrified=475
2026-01,monthly,Whole,recreativo,Aduana PY datos abiertos (HS 8703),0,0,0,87,0,87,8703 golf/ATV/UTV/snow; segmento=recreativo; BEV/PHEV/HEV/OTHERS=mild; ICE=TOTAL-electrified; electrified=0
2026-01,monthly,LightVehicles,leve,Aduana PY datos abiertos (HS 8703+8704),42,205,251,7373,0,7871,8703 limpio + 8704 pickups livianos; segmento=leve; BEV/PHEV/HEV/OTHERS=mild; ICE=TOTAL-electrified; electrified=498; 8704_light=955
2026-01,monthly,LightVehicles,recreativo,Aduana PY datos abiertos (HS 8703+8704),0,0,0,87,0,87,8703 recreativo (mismo universo); segmento=recreativo; BEV/PHEV/HEV/OTHERS=mild; ICE=TOTAL-electrified; electrified=0
2026-01,monthly,LightVehicles,pesado,Aduana PY datos abiertos (HS 8703+8704),0,0,0,208,0,208,8704 camiones pesados (no livianos); segmento=pesado; BEV/PHEV/HEV/OTHERS=mild; ICE=TOTAL-electrified; electrified=0
2026-02,monthly,Whole,leve,Aduana PY datos abiertos (HS 8703),84,129,268,6818,0,7299,8703 limpio (sin recreativo); segmento=leve; BEV/PHEV/HEV/OTHERS=mild; ICE=TOTAL-electrified; electrified=481
2026-02,monthly,Whole,recreativo,Aduana PY datos abiertos (HS 8703),0,0,0,55,0,55,8703 golf/ATV/UTV/snow; segmento=recreativo; BEV/PHEV/HEV/OTHERS=mild; ICE=TOTAL-electrified; electrified=0
2026-02,monthly,LightVehicles,leve,Aduana PY datos abiertos (HS 8703+8704),113,131,279,7987,0,8510,8703 limpio + 8704 pickups livianos; segmento=leve; BEV/PHEV/HEV/OTHERS=mild; ICE=TOTAL-electrified; electrified=523; 8704_light=1211
2026-02,monthly,LightVehicles,recreativo,Aduana PY datos abiertos (HS 8703+8704),0,0,0,55,0,55,8703 recreativo (mismo universo); segmento=recreativo; BEV/PHEV/HEV/OTHERS=mild; ICE=TOTAL-electrified; electrified=0
2026-02,monthly,LightVehicles,pesado,Aduana PY datos abiertos (HS 8703+8704),0,0,1,183,0,184,8704 camiones pesados (no livianos); segmento=pesado; BEV/PHEV/HEV/OTHERS=mild; ICE=TOTAL-electrified; electrified=1
2026-03,monthly,Whole,leve,Aduana PY datos abiertos (HS 8703),157,295,377,8487,1,9317,8703 limpio (sin recreativo); segmento=leve; BEV/PHEV/HEV/OTHERS=mild; ICE=TOTAL-electrified; electrified=830
2026-03,monthly,Whole,recreativo,Aduana PY datos abiertos (HS 8703),0,0,0,86,0,86,8703 golf/ATV/UTV/snow; segmento=recreativo; BEV/PHEV/HEV/OTHERS=mild; ICE=TOTAL-electrified; electrified=0
2026-03,monthly,LightVehicles,leve,Aduana PY datos abiertos (HS 8703+8704),184,295,380,9939,1,10799,8703 limpio + 8704 pickups livianos; segmento=leve; BEV/PHEV/HEV/OTHERS=mild; ICE=TOTAL-electrified; electrified=860; 8704_light=1482
2026-03,monthly,LightVehicles,recreativo,Aduana PY datos abiertos (HS 8703+8704),0,0,0,86,0,86,8703 recreativo (mismo universo); segmento=recreativo; BEV/PHEV/HEV/OTHERS=mild; ICE=TOTAL-electrified; electrified=0
2026-03,monthly,LightVehicles,pesado,Aduana PY datos abiertos (HS 8703+8704),0,0,0,135,0,135,8704 camiones pesados (no livianos); segmento=pesado; BEV/PHEV/HEV/OTHERS=mild; ICE=TOTAL-electrified; electrified=0
2026-04,monthly,Whole,leve,Aduana PY datos abiertos (HS 8703),83,281,442,7844,1,8651,8703 limpio (sin recreativo); segmento=leve; BEV/PHEV/HEV/OTHERS=mild; ICE=TOTAL-electrified; electrified=807
2026-04,monthly,Whole,recreativo,Aduana PY datos abiertos (HS 8703),0,0,0,6,0,6,8703 golf/ATV/UTV/snow; segmento=recreativo; BEV/PHEV/HEV/OTHERS=mild; ICE=TOTAL-electrified; electrified=0
2026-04,monthly,LightVehicles,leve,Aduana PY datos abiertos (HS 8703+8704),84,283,442,9761,1,10571,8703 limpio + 8704 pickups livianos; segmento=leve; BEV/PHEV/HEV/OTHERS=mild; ICE=TOTAL-electrified; electrified=810; 8704_light=1920
2026-04,monthly,LightVehicles,recreativo,Aduana PY datos abiertos (HS 8703+8704),0,0,0,6,0,6,8703 recreativo (mismo universo); segmento=recreativo; BEV/PHEV/HEV/OTHERS=mild; ICE=TOTAL-electrified; electrified=0
2026-04,monthly,LightVehicles,pesado,Aduana PY datos abiertos (HS 8703+8704),0,0,0,171,0,171,8704 camiones pesados (no livianos); segmento=pesado; BEV/PHEV/HEV/OTHERS=mild; ICE=TOTAL-electrified; electrified=0
2026-05,monthly,Whole,leve,Aduana PY datos abiertos (HS 8703),148,181,504,8148,1,8982,8703 limpio (sin recreativo); segmento=leve; BEV/PHEV/HEV/OTHERS=mild; ICE=TOTAL-electrified; electrified=834
2026-05,monthly,Whole,recreativo,Aduana PY datos abiertos (HS 8703),0,0,0,35,0,35,8703 golf/ATV/UTV/snow; segmento=recreativo; BEV/PHEV/HEV/OTHERS=mild; ICE=TOTAL-electrified; electrified=0
2026-05,monthly,LightVehicles,leve,Aduana PY datos abiertos (HS 8703+8704),155,187,508,9770,1,10621,8703 limpio + 8704 pickups livianos; segmento=leve; BEV/PHEV/HEV/OTHERS=mild; ICE=TOTAL-electrified; electrified=851; 8704_light=1639
2026-05,monthly,LightVehicles,recreativo,Aduana PY datos abiertos (HS 8703+8704),0,0,0,35,0,35,8703 recreativo (mismo universo); segmento=recreativo; BEV/PHEV/HEV/OTHERS=mild; ICE=TOTAL-electrified; electrified=0
2026-05,monthly,LightVehicles,pesado,Aduana PY datos abiertos (HS 8703+8704),0,0,0,182,0,182,8704 camiones pesados (no livianos); segmento=pesado; BEV/PHEV/HEV/OTHERS=mild; ICE=TOTAL-electrified; electrified=0
2026-06,monthly,Whole,leve,Aduana PY datos abiertos (HS 8703),106,92,562,8170,15,8945,8703 limpio (sin recreativo); segmento=leve; BEV/PHEV/HEV/OTHERS=mild; ICE=TOTAL-electrified; electrified=775
2026-06,monthly,Whole,recreativo,Aduana PY datos abiertos (HS 8703),0,0,0,40,0,40,8703 golf/ATV/UTV/snow; segmento=recreativo; BEV/PHEV/HEV/OTHERS=mild; ICE=TOTAL-electrified; electrified=0
2026-06,monthly,LightVehicles,leve,Aduana PY datos abiertos (HS 8703+8704),112,92,564,9452,15,10235,8703 limpio + 8704 pickups livianos; segmento=leve; BEV/PHEV/HEV/OTHERS=mild; ICE=TOTAL-electrified; electrified=783; 8704_light=1290
2026-06,monthly,LightVehicles,recreativo,Aduana PY datos abiertos (HS 8703+8704),0,0,0,40,0,40,8703 recreativo (mismo universo); segmento=recreativo; BEV/PHEV/HEV/OTHERS=mild; ICE=TOTAL-electrified; electrified=0
2026-06,monthly,LightVehicles,pesado,Aduana PY datos abiertos (HS 8703+8704),0,0,0,240,0,240,8704 camiones pesados (no livianos); segmento=pesado; BEV/PHEV/HEV/OTHERS=mild; ICE=TOTAL-electrified; electrified=0
2026-07,monthly,Whole,leve,Aduana PY datos abiertos (HS 8703),192,238,462,8833,15,9740,8703 limpio (sin recreativo); segmento=leve; BEV/PHEV/HEV/OTHERS=mild; ICE=TOTAL-electrified; electrified=907
2026-07,monthly,Whole,recreativo,Aduana PY datos abiertos (HS 8703),0,0,0,87,0,87,8703 golf/ATV/UTV/snow; segmento=recreativo; BEV/PHEV/HEV/OTHERS=mild; ICE=TOTAL-electrified; electrified=0
2026-07,monthly,LightVehicles,leve,Aduana PY datos abiertos (HS 8703+8704),208,244,472,10619,16,11559,8703 limpio + 8704 pickups livianos; segmento=leve; BEV/PHEV/HEV/OTHERS=mild; ICE=TOTAL-electrified; electrified=940; 8704_light=1819
2026-07,monthly,LightVehicles,recreativo,Aduana PY datos abiertos (HS 8703+8704),0,0,0,87,0,87,8703 recreativo (mismo universo); segmento=recreativo; BEV/PHEV/HEV/OTHERS=mild; ICE=TOTAL-electrified; electrified=0
2026-07,monthly,LightVehicles,pesado,Aduana PY datos abiertos (HS 8703+8704),0,0,0,234,0,234,8704 camiones pesados (no livianos); segmento=pesado; BEV/PHEV/HEV/OTHERS=mild; ICE=TOTAL-electrified; electrified=0
2026-08,monthly,Whole,leve,Aduana PY datos abiertos (HS 8703),154,649,680,6136,12,7631,8703 limpio (sin recreativo); segmento=leve; BEV/PHEV/HEV/OTHERS=mild; ICE=TOTAL-electrified; electrified=1495
2026-08,monthly,Whole,recreativo,Aduana PY datos abiertos (HS 8703),0,0,0,36,0,36,8703 golf/ATV/UTV/snow; segmento=recreativo; BEV/PHEV/HEV/OTHERS=mild; ICE=TOTAL-electrified; electrified=0
2026-08,monthly,LightVehicles,leve,Aduana PY datos abiertos (HS 8703+8704),156,659,680,7264,12,8771,8703 limpio + 8704 pickups livianos; segmento=leve; BEV/PHEV/HEV/OTHERS=mild; ICE=TOTAL-electrified; electrified=1507; 8704_light=1140
2026-08,monthly,LightVehicles,recreativo,Aduana PY datos abiertos (HS 8703+8704),0,0,0,36,0,36,8703 recreativo (mismo universo); segmento=recreativo; BEV/PHEV/HEV/OTHERS=mild; ICE=TOTAL-electrified; electrified=0
2026-08,monthly,LightVehicles,pesado,Aduana PY datos abiertos (HS 8703+8704),0,0,0,167,0,167,8704 camiones pesados (no livianos); segmento=pesado; BEV/PHEV/HEV/OTHERS=mild; ICE=TOTAL-electrified; electrified=0
2026-09,monthly,Whole,leve,Aduana PY datos abiertos (HS 8703),297,477,489,8288,6,9557,8703 limpio (sin recreativo); segmento=leve; BEV/PHEV/HEV/OTHERS=mild; ICE=TOTAL-electrified; electrified=1269
2026-09,monthly,Whole,recreativo,Aduana PY datos abiertos (HS 8703),0,0,0,55,0,55,8703 golf/ATV/UTV/snow; segmento=recreativo; BEV/PHEV/HEV/OTHERS=mild; ICE=TOTAL-electrified; electrified=0
2026-09,monthly,LightVehicles,leve,Aduana PY datos abiertos (HS 8703+8704),307,481,499,9940,6,11233,8703 limpio + 8704 pickups livianos; segmento=leve; BEV/PHEV/HEV/OTHERS=mild; ICE=TOTAL-electrified; electrified=1293; 8704_light=1676
2026-09,monthly,LightVehicles,recreativo,Aduana PY datos abiertos (HS 8703+8704),0,0,0,55,0,55,8703 recreativo (mismo universo); segmento=recreativo; BEV/PHEV/HEV/OTHERS=mild; ICE=TOTAL-electrified; electrified=0
2026-09,monthly,LightVehicles,pesado,Aduana PY datos abiertos (HS 8703+8704),0,31,0,218,0,249,8704 camiones pesados (no livianos); segmento=pesado; BEV/PHEV/HEV/OTHERS=mild; ICE=TOTAL-electrified; electrified=31
