period,variant,segmento,lines,units_aduana,units_counted,qty7_lines,qty7_units_aduana,qty7_units_counted,ofi_other_month_lines,ofi_other_month_units,hs8704_60_lines,hs8704_60_units
2022-01,LightVehicles,leve,5306,5306,5306,0,0,0,251,251,0,0
2022-01,LightVehicles,pesado,150,150,150,0,0,0,0,0,0,0
2022-01,LightVehicles,recreativo,14,14,14,0,0,0,0,0,0,0
2022-02,LightVehicles,leve,6571,6571,6571,0,0,0,419,419,0,0
2022-02,LightVehicles,pesado,121,121,121,0,0,0,1,1,0,0
2022-02,LightVehicles,recreativo,21,21,21,0,0,0,0,0,0,0
2022-03,LightVehicles,leve,7082,7082,7082,0,0,0,163,163,0,0
2022-03,LightVehicles,pesado,147,147,147,0,0,0,0,0,0,0
2022-03,LightVehicles,recreativo,21,21,21,0,0,0,0,0,0,0
2022-04,LightVehicles,leve,6519,6519,6519,0,0,0,339,339,0,0
2022-04,LightVehicles,pesado,161,161,161,0,0,0,6,6,0,0
2022-04,LightVehicles,recreativo,9,9,9,0,0,0,0,0,0,0
2022-05,LightVehicles,leve,6610,6610,6610,0,0,0,404,404,0,0
2022-05,LightVehicles,pesado,126,126,126,0,0,0,3,3,0,0
2022-05,LightVehicles,recreativo,17,17,17,0,0,0,0,0,0,0
2022-06,LightVehicles,leve,6552,6552,6552,0,0,0,292,292,0,0
2022-06,LightVehicles,pesado,146,146,146,0,0,0,5,5,0,0
2022-06,LightVehicles,recreativo,46,46,46,0,0,0,0,0,0,0
2022-07,LightVehicles,leve,6928,6928,6928,0,0,0,678,678,0,0
2022-07,LightVehicles,pesado,123,123,123,0,0,0,11,11,0,0
2022-07,LightVehicles,recreativo,22,22,22,0,0,0,4,4,0,0
2022-08,LightVehicles,leve,6305,6305,6305,0,0,0,257,257,0,0
2022-08,LightVehicles,pesado,91,91,91,0,0,0,0,0,0,0
2022-08,LightVehicles,recreativo,9,9,9,0,0,0,2,2,0,0
2022-09,LightVehicles,leve,5794,5794,5794,0,0,0,225,225,0,0
2022-09,LightVehicles,pesado,120,120,120,0,0,0,7,7,1,1
2022-09,LightVehicles,recreativo,25,25,25,0,0,0,0,0,0,0
2022-10,LightVehicles,leve,4942,4942,4942,0,0,0,329,329,0,0
2022-10,LightVehicles,pesado,96,96,96,0,0,0,1,1,0,0
2022-10,LightVehicles,recreativo,19,19,19,0,0,0,0,0,0,0
2022-11,LightVehicles,leve,6631,6631,6631,0,0,0,210,210,0,0
2022-11,LightVehicles,pesado,80,80,80,0,0,0,5,5,0,0
2022-11,LightVehicles,recreativo,24,24,24,0,0,0,0,0,0,0
2022-12,LightVehicles,leve,6099,6099,6099,0,0,0,336,336,24,24
2022-12,LightVehicles,pesado,156,156,156,0,0,0,1,1,3,3
2022-12,LightVehicles,recreativo,13,13,13,0,0,0,0,0,0,0
2023-01,LightVehicles,leve,4858,4858,4858,0,0,0,238,238,14,14
2023-01,LightVehicles,pesado,124,124,124,0,0,0,8,8,2,2
2023-01,LightVehicles,recreativo,44,44,44,0,0,0,36,36,0,0
2023-02,LightVehicles,leve,4903,4903,4903,0,0,0,392,392,15,15
2023-02,LightVehicles,pesado,93,93,93,0,0,0,2,2,0,0
2023-02,LightVehicles,recreativo,30,30,30,0,0,0,2,2,2,2
2023-03,LightVehicles,leve,7053,7053,7053,0,0,0,921,921,0,0
2023-03,LightVehicles,pesado,205,205,205,0,0,0,56,56,0,0
2023-03,LightVehicles,recreativo,28,28,28,0,0,0,0,0,0,0
2023-04,LightVehicles,leve,5356,5356,5356,0,0,0,511,511,9,9
2023-04,LightVehicles,pesado,113,113,113,0,0,0,16,16,0,0
2023-04,LightVehicles,recreativo,4,4,4,0,0,0,0,0,0,0
2023-05,LightVehicles,leve,6356,6356,6356,0,0,0,487,487,0,0
2023-05,LightVehicles,pesado,149,149,149,0,0,0,6,6,2,2
2023-05,LightVehicles,recreativo,10,10,10,0,0,0,0,0,0,0
2023-06,LightVehicles,leve,5963,5963,5963,0,0,0,517,517,0,0
2023-06,LightVehicles,pesado,143,143,143,0,0,0,81,81,0,0
2023-06,LightVehicles,recreativo,19,19,19,0,0,0,0,0,0,0
2023-07,LightVehicles,leve,5891,5891,5891,0,0,0,365,365,2,2
2023-07,LightVehicles,pesado,83,83,83,0,0,0,7,7,0,0
2023-07,LightVehicles,recreativo,11,11,11,0,0,0,0,0,4,4
2023-08,LightVehicles,leve,6348,6348,6348,0,0,0,504,504,0,0
2023-08,LightVehicles,pesado,108,108,108,0,0,0,11,11,0,0
2023-08,LightVehicles,recreativo,23,23,23,0,0,0,0,0,0,0
2023-09,LightVehicles,leve,5482,5482,5482,0,0,0,326,326,2,2
2023-09,LightVehicles,pesado,117,117,117,0,0,0,6,6,0,0
2023-09,LightVehicles,recreativo,10,10,10,0,0,0,1,1,0,0
2023-10,LightVehicles,leve,5935,5935,5935,0,0,0,142,142,0,0
2023-10,LightVehicles,pesado,112,112,112,0,0,0,4,4,0,0
2023-10,LightVehicles,recreativo,23,23,23,0,0,0,10,10,0,0
2023-11,LightVehicles,leve,6140,6140,6140,0,0,0,456,456,0,0
2023-11,LightVehicles,pesado,125,125,125,0,0,0,6,6,0,0
2023-11,LightVehicles,recreativo,51,51,51,0,0,0,18,18,0,0
2023-12,LightVehicles,leve,6456,6456,6456,0,0,0,578,578,0,0
2023-12,LightVehicles,pesado,84,84,84,0,0,0,2,2,0,0
2023-12,LightVehicles,recreativo,58,58,58,0,0,0,0,0,0,0
2024-01,LightVehicles,leve,6017,6017,6017,0,0,0,475,475,0,0
2024-01,LightVehicles,pesado,124,124,124,0,0,0,0,0,0,0
2024-01,LightVehicles,recreativo,13,13,13,0,0,0,0,0,0,0
2024-02,LightVehicles,leve,7518,7518,7518,0,0,0,826,826,0,0
2024-02,LightVehicles,pesado,190,190,190,0,0,0,2,2,0,0
2024-02,LightVehicles,recreativo,44,44,44,0,0,0,3,3,0,0
2024-03,LightVehicles,leve,6328,6328,6328,0,0,0,790,790,0,0
2024-03,LightVehicles,pesado,113,113,113,0,0,0,2,2,0,0
2024-03,LightVehicles,recreativo,39,39,39,0,0,0,15,15,0,0
2024-04,LightVehicles,leve,7493,7493,7493,0,0,0,488,488,29,29
2024-04,LightVehicles,pesado,107,107,107,0,0,0,0,0,0,0
2024-04,LightVehicles,recreativo,15,15,15,0,0,0,0,0,0,0
2024-05,LightVehicles,leve,7004,7004,7004,0,0,0,956,956,2,2
2024-05,LightVehicles,pesado,196,196,196,0,0,0,4,4,0,0
2024-05,LightVehicles,recreativo,52,52,52,0,0,0,0,0,0,0
2024-06,LightVehicles,leve,6387,6387,6387,0,0,0,584,584,1,1
2024-06,LightVehicles,pesado,129,129,129,0,0,0,0,0,0,0
2024-06,LightVehicles,recreativo,31,31,31,0,0,0,5,5,0,0
2024-07,LightVehicles,leve,8080,8080,8080,0,0,0,983,983,2,2
2024-07,LightVehicles,pesado,135,135,135,0,0,0,0,0,0,0
2024-07,LightVehicles,recreativo,34,34,34,0,0,0,6,6,0,0
2024-08,LightVehicles,leve,7553,7553,7553,0,0,0,787,787,0,0
2024-08,LightVehicles,pesado,101,101,101,0,0,0,0,0,0,0
2024-08,LightVehicles,recreativo,74,74,74,0,0,0,6,6,0,0
2024-09,LightVehicles,leve,6348,6348,6348,0,0,0,600,600,0,0
2024-09,LightVehicles,pesado,94,94,94,0,0,0,5,5,0,0
2024-09,LightVehicles,recreativo,24,24,24,0,0,0,7,7,0,0
2024-10,LightVehicles,leve,8720,8720,8720,0,0,0,712,712,0,0
2024-10,LightVehicles,pesado,167,167,167,0,0,0,0,0,0,0
2024-10,LightVehicles,recreativo,12,12,12,0,0,0,8,8,0,0
2024-11,LightVehicles,leve,7797,7797,7797,0,0,0,799,799,2,2
2024-11,LightVehicles,pesado,81,81,81,0,0,0,7,7,0,0
2024-11,LightVehicles,recreativo,25,25,25,0,0,0,6,6,0,0
2024-12,LightVehicles,leve,8201,8201,8201,0,0,0,888,888,17,17
2024-12,LightVehicles,pesado,99,99,99,0,0,0,1,1,0,0
2024-12,LightVehicles,recreativo,65,65,65,0,0,0,0,0,2,2
2025-01,LightVehicles,leve,6052,6052,6052,0,0,0,561,561,2,2
2025-01,LightVehicles,pesado,138,138,138,0,0,0,10,10,0,0
2025-01,LightVehicles,recreativo,29,29,29,0,0,0,0,0,0,0
2025-02,LightVehicles,leve,6896,6896,6896,0,0,0,906,906,0,0
2025-02,LightVehicles,pesado,162,162,162,0,0,0,6,6,2,2
2025-02,LightVehicles,recreativo,23,23,23,0,0,0,0,0,0,0
2025-03,LightVehicles,leve,8221,8221,8221,0,0,0,990,990,0,0
2025-03,LightVehicles,pesado,171,171,171,0,0,0,1,1,2,2
2025-03,LightVehicles,recreativo,25,25,25,0,0,0,0,0,0,0
2025-04,LightVehicles,leve,7565,7565,7565,0,0,0,1003,1003,0,0
2025-04,LightVehicles,pesado,161,161,161,0,0,0,14,14,0,0
2025-04,LightVehicles,recreativo,7,7,7,0,0,0,0,0,0,0
2025-05,LightVehicles,leve,8198,8198,8198,0,0,0,920,920,0,0
2025-05,LightVehicles,pesado,169,169,169,0,0,0,21,21,0,0
2025-05,LightVehicles,recreativo,32,32,32,0,0,0,0,0,0,0
2025-06,LightVehicles,leve,7760,7760,7760,0,0,0,1157,1157,4,4
2025-06,LightVehicles,pesado,121,121,121,0,0,0,2,2,0,0
2025-06,LightVehicles,recreativo,8,8,8,0,0,0,0,0,0,0
2025-07,LightVehicles,leve,8767,23485,8767,2453,17171,2453,826,826,0,0
2025-07,LightVehicles,pesado,220,454,220,39,273,39,5,5,0,0
2025-07,LightVehicles,recreativo,58,64,58,1,7,1,0,0,0,0
2025-08,LightVehicles,leve,7340,10400,7340,510,3570,510,897,897,32,32
2025-08,LightVehicles,pesado,118,142,118,4,28,4,6,6,0,0
2025-08,LightVehicles,recreativo,26,26,26,0,0,0,0,0,0,0
2025-09,LightVehicles,leve,8946,10056,8946,185,1295,185,1109,1109,5,5
2025-09,LightVehicles,pesado,104,104,104,0,0,0,1,1,0,0
2025-09,LightVehicles,recreativo,16,16,16,0,0,0,0,0,0,0
2025-10,LightVehicles,leve,11952,11952,11952,0,0,0,875,875,1,1
2025-10,LightVehicles,pesado,225,225,225,0,0,0,3,3,0,0
2025-10,LightVehicles,recreativo,48,48,48,0,0,0,0,0,0,0
2025-11,LightVehicles,leve,9246,9246,9246,0,0,0,1086,1086,0,0
2025-11,LightVehicles,pesado,229,229,229,0,0,0,12,12,11,11
2025-11,LightVehicles,recreativo,47,47,47,0,0,0,0,0,0,0
2025-12,LightVehicles,leve,9725,9725,9725,0,0,0,1035,1035,3,3
2025-12,LightVehicles,pesado,198,198,198,0,0,0,4,4,0,0
2025-12,LightVehicles,recreativo,121,121,121,0,0,0,31,31,1,1
2026-01,LightVehicles,leve,7871,35297,7871,4571,31997,4571,852,852,2,2
2026-01,LightVehicles,pesado,208,706,208,83,581,83,1,1,0,0
2026-01,LightVehicles,recreativo,87,165,87,13,91,13,8,8,0,0
2026-02,LightVehicles,leve,8509,37777,8509,4878,34146,4878,1148,1148,28,28
2026-02,LightVehicles,pesado,184,718,184,89,623,89,3,3,0,0
2026-02,LightVehicles,recreativo,56,158,56,17,119,17,0,0,1,1
2026-03,LightVehicles,leve,10780,49300,10780,6420,44940,6420,1247,1247,8,8
2026-03,LightVehicles,pesado,154,364,154,35,245,35,1,1,19,19
2026-03,LightVehicles,recreativo,86,98,86,2,14,2,2,2,0,0
2026-04,LightVehicles,leve,10571,44609,10571,5673,39711,5673,1367,1367,1,1
2026-04,LightVehicles,pesado,171,543,171,62,434,62,0,0,0,0
2026-04,LightVehicles,recreativo,6,12,6,1,7,1,0,0,0,0
2026-05,LightVehicles,leve,10619,46847,10619,6038,42266,6038,946,946,5,5
2026-05,LightVehicles,pesado,184,628,184,74,518,74,0,0,2,2
2026-05,LightVehicles,recreativo,35,35,35,0,0,0,0,0,0,0
2026-06,LightVehicles,leve,10231,44395,10233,5694,39858,5696,184,184,4,4
2026-06,LightVehicles,pesado,242,836,242,99,693,99,0,0,2,2
2026-06,LightVehicles,recreativo,40,46,40,1,7,1,0,0,0,0
2026-07,LightVehicles,leve,11544,48486,11544,6157,43099,6157,363,363,1,1
2026-07,LightVehicles,pesado,249,813,249,94,658,94,0,0,15,15
2026-07,LightVehicles,recreativo,87,189,87,17,119,17,0,0,0,0
2026-08,LightVehicles,leve,8771,30479,8771,3618,25326,3618,257,257,2,2
2026-08,LightVehicles,pesado,167,515,167,58,406,58,1,1,0,0
2026-08,LightVehicles,recreativo,36,54,36,3,21,3,0,0,0,0
2026-09,LightVehicles,leve,11229,43509,11229,5380,37660,5380,223,223,6,6
2026-09,LightVehicles,pesado,253,673,253,70,490,70,12,12,4,4
2026-09,LightVehicles,recreativo,55,163,55,18,126,18,0,0,0,0
