period,despacho,item,ncm,marca_declared,modelo,segmento,brand_in_text,mercaderia
2023-05,23DA000000212234,2,8704.21.90.000T,TOYOTA,CANTER,pesado,MITSUBISHI,"1) UNA UNIDAD CAMION USADO, DE LA MARCA MITSUBISHI, MODELO CANTER, A¿O 2001.-"
2023-09,23DA000000743275,1,8704.21.90.000T,TOYOTA,CANTER GUTS,pesado,MITSUIBISHI,1- UNA UNIDAD DE CAMION USADO DE LA MARCA MITSUIBISHI MODELO CANTER GUTS A¿O 2003 COLOR BLANCO
2024-05,24DA000000190101,1,8704.21.90.000T,NISSAN,CANTER,pesado,NISSAN,01 VEHICULO USADO TIPO CAMION DOBLE CABINA DE LA MARCA NISSAN MODELO CANTER A¿O 2009 MOVIDO A DIESEL
2024-06,24DA000000258951,3,8704.21.90.000T,TOYOTA,CANTER,pesado,MITSUBISHI,01 UNA UNIDAD CAMION TUMBAR USADO MITSUBISHI TOYOTA MODELO CANTER A¿O 1994 COLOR BLANCO
2024-12,24DA000000556363,2,8704.21.30.000J,TOYOTA,CANTER DIESEL,pesado,MITSUBISHI,01- UNID CAMION FRIGORIFICO MARCA MITSUBISHI MODELO CANTER DIESEL DE 2970 C.C. A¿O 2008.-
2025-02,25DA000000094537,9,8704.21.90.000T,NISSAN,CANTER,pesado,MITSUBISHI,1- UNA UNIDAD DE CAMION TOLVA USADO DE LA MARCA MITSUBISHI MODELO CANTER AO 1994
2025-05,25DA000000223518,9,8704.21.90.000T,TOYOTA,CANTER,pesado,MITSUBISHI,1 UNA UNIDAD DE CAMION USADO MARCA MITSUBISHI MODELO CANTER AO 2003 COLOR BLANCO
2026-03,26DA000000122223,4,8704.21.90.000T,TOYOTA,CANTER T,pesado,MITSUBISHI,01 UNIDAD DE CAMION USADO MARCA:MITSUBISHI MODELO:CANTER T ANHO MOD. 1994 ANHO DE FAB. 1994 COLOR BLANCO
2026-05,26DA000000228895,7,8704.21.20.000Z,TOYOTA,CANTER,pesado,MITSUBISHI,01 VEHICULO USADO TIPO CAMION TUMBA MARCA MITSUBISHI MODELO CANTER AO 2008 MOVIDO A DIESEL
2026-05,26DA000000253400,7,8704.21.90.000T,TOYOTA,CANTER,pesado,MITSUBISHI,CAMION USADO MARCA MITSUBISHI MODELO CANTER AO 2001 MOVIDO A DIESEL
2026-07,26DA000000346095,2,8704.21.90.000T,TOYOTA,CANTER,pesado,MITSUBISHI,UN CAMION USADO MARCA MITSUBISHI MODELO CANTER ANIO 2000
2026-07,26DA000000387160,3,8703.23.90.900X,TOYOTA,CANTER,leve,TOYOTA,"UNA UNIDAD DE STATION WAGON USADO, MARCA:TOYOTA MODELO:CANTER A¿O:2005.-"
