status,period,despacho,item,ncm,condicion,powertrain,units,modelo_before,modelo_after,edicion_after,mercaderia
merged,2025-09,25DA000000471078,1,8703.80.00.000J,nuevo,BEV,1,CAPTIVA EV,CAPTIVA EV,PREMIER RWD,"(1) UNA UNIDAD VEHICULO, MARCA CHEVROLET, MODELO CAPTIVA EV PREMIER RWD T, LV1AS6H, ANIO DE FABRICACION 2025, MODELO ANIO 2026, MOTOR ELECTRICO, CON SUS CORRESPONDIENTES ACCESORIOS."
merged,2025-12,25DA000000623346,6,8703.80.00.000J,nuevo,BEV,1,CAPTIVA EV,CAPTIVA EV,PREMIER RWD,"(1) UNA UNIDAD VEHICULO, MARCA CHEVROLET, MODELO CAPTIVA EV PREMIER RWD T, LZW6470 , ANIO DE FABRICACION 2025, MODELO ANIO 2026, MOTOR ELECTRICO, CON SUS CORRESPONDIENTES ACCESORIOS.-"
merged,2025-12,25DA000000623346,8,8703.80.00.000J,nuevo,BEV,1,CAPTIVA EV,CAPTIVA EV,PREMIER RWD,"(1) UNA UNIDAD VEHICULO, MARCA CHEVROLET, MODELO CAPTIVA EV PREMIER RWD T, LZW6470 , ANIO DE FABRICACION 2025, MODELO ANIO 2026, MOTOR ELECTRICO, CON SUS CORRESPONDIENTES ACCESORIOS.-"
merged,2025-12,25DA000000623346,7,8703.80.00.000J,nuevo,BEV,1,CAPTIVA EV,CAPTIVA EV,PREMIER RWD,"(1) UNA UNIDAD VEHICULO, MARCA CHEVROLET, MODELO CAPTIVA EV PREMIER RWD T, LZW6470 , ANIO DE FABRICACION 2025, MODELO ANIO 2026, MOTOR ELECTRICO, CON SUS CORRESPONDIENTES ACCESORIOS.-"
merged,2025-12,25DA000000658125,4,8703.80.00.000J,nuevo,BEV,1,CAPTIVA EV,CAPTIVA EV,PREMIER RWD,"CAMIONETA PARA EL TRANSPORTE DE PERSONAS MARCA CHEVROLET CAPTIVA EV PREMIER RWD T , CON SUS ACCESORIOS CORRESPONDIENTES"
merged,2025-12,25DA000000658125,6,8703.80.00.000J,nuevo,BEV,1,CAPTIVA EV,CAPTIVA EV,PREMIER RWD,"CAMIONETA PARA EL TRANSPORTE DE PERSONAS MARCA CHEVROLET CAPTIVA EV PREMIER RWD T , CON SUS ACCESORIOS CORRESPONDIENTES"
merged,2025-12,25DA000000658125,5,8703.80.00.000J,nuevo,BEV,1,CAPTIVA EV,CAPTIVA EV,PREMIER RWD,"CAMIONETA PARA EL TRANSPORTE DE PERSONAS MARCA CHEVROLET CAPTIVA EV PREMIER RWD T , CON SUS ACCESORIOS CORRESPONDIENTES"
merged,2026-03,26DA000000154871,10,8703.80.00.000J,nuevo,BEV,1,CAPTIVA EV,CAPTIVA EV,PREMIER RWD,"CAMIONETA PARA EL TRANSPORTE DE PERSONAS MARCA CHEVROLET CAPTIVA EV PREMIER RWD T , CON SUS ACCESORIOS CORRESPONDIENTES"
merged,2026-03,26DA000000154871,14,8703.80.00.000J,nuevo,BEV,1,CAPTIVA EV,CAPTIVA EV,PREMIER RWD,"CAMIONETA PARA EL TRANSPORTE DE PERSONAS MARCA CHEVROLET CAPTIVA EV PREMIER RWD T , CON SUS ACCESORIOS CORRESPONDIENTES"
merged,2026-03,26DA000000154871,13,8703.80.00.000J,nuevo,BEV,1,CAPTIVA EV,CAPTIVA EV,PREMIER RWD,"CAMIONETA PARA EL TRANSPORTE DE PERSONAS MARCA CHEVROLET CAPTIVA EV PREMIER RWD T , CON SUS ACCESORIOS CORRESPONDIENTES"
merged,2026-03,26DA000000154871,9,8703.80.00.000J,nuevo,BEV,1,CAPTIVA EV,CAPTIVA EV,PREMIER RWD,"CAMIONETA PARA EL TRANSPORTE DE PERSONAS MARCA CHEVROLET CAPTIVA EV PREMIER RWD T , CON SUS ACCESORIOS CORRESPONDIENTES"
merged,2026-03,26DA000000154871,11,8703.80.00.000J,nuevo,BEV,1,CAPTIVA EV,CAPTIVA EV,PREMIER RWD,"CAMIONETA PARA EL TRANSPORTE DE PERSONAS MARCA CHEVROLET CAPTIVA EV PREMIER RWD T , CON SUS ACCESORIOS CORRESPONDIENTES"
merged,2026-03,26DA000000154871,12,8703.80.00.000J,nuevo,BEV,1,CAPTIVA EV,CAPTIVA EV,PREMIER RWD,"CAMIONETA PARA EL TRANSPORTE DE PERSONAS MARCA CHEVROLET CAPTIVA EV PREMIER RWD T , CON SUS ACCESORIOS CORRESPONDIENTES"
merged,2026-03,26DA000000153777,9,8703.80.00.000J,nuevo,BEV,1,CAPTIVA EV,CAPTIVA EV,PREMIER RWD,"(1) UNA UNIDAD VEHICULO, MARCA CHEVROLET, MODELO CAPTIVA EV PREMIER RWD T, LZW6470 , ANIO DE FABRICACION 2026, MODELO ANIO 2026, MOTOR ELECTRICO, CON SUS CORRESPONDIENTES ACCESORIOS.-"
merged,2026-03,26DA000000153777,10,8703.80.00.000J,nuevo,BEV,1,CAPTIVA EV,CAPTIVA EV,PREMIER RWD,"(1) UNA UNIDAD VEHICULO, MARCA CHEVROLET, MODELO CAPTIVA EV PREMIER RWD T, LZW6470 , ANIO DE FABRICACION 2026, MODELO ANIO 2026, MOTOR ELECTRICO, CON SUS CORRESPONDIENTES ACCESORIOS.-"
merged,2026-03,26DA000000153777,12,8703.80.00.000J,nuevo,BEV,1,CAPTIVA EV,CAPTIVA EV,PREMIER RWD,"(1) UNA UNIDAD VEHICULO, MARCA CHEVROLET, MODELO CAPTIVA EV PREMIER RWD T, LZW6470 , ANIO DE FABRICACION 2026, MODELO ANIO 2026, MOTOR ELECTRICO, CON SUS CORRESPONDIENTES ACCESORIOS.-"
merged,2026-03,26DA000000153777,11,8703.80.00.000J,nuevo,BEV,1,CAPTIVA EV,CAPTIVA EV,PREMIER RWD,"(1) UNA UNIDAD VEHICULO, MARCA CHEVROLET, MODELO CAPTIVA EV PREMIER RWD T, LZW6470 , ANIO DE FABRICACION 2026, MODELO ANIO 2026, MOTOR ELECTRICO, CON SUS CORRESPONDIENTES ACCESORIOS.-"
merged,2026-03,26DA000000153777,13,8703.80.00.000J,nuevo,BEV,1,CAPTIVA EV,CAPTIVA EV,PREMIER RWD,"(1) UNA UNIDAD VEHICULO, MARCA CHEVROLET, MODELO CAPTIVA EV PREMIER RWD T, LZW6470 , ANIO DE FABRICACION 2026, MODELO ANIO 2026, MOTOR ELECTRICO, CON SUS CORRESPONDIENTES ACCESORIOS.-"
merged,2026-03,26DA000000153777,14,8703.80.00.000J,nuevo,BEV,1,CAPTIVA EV,CAPTIVA EV,PREMIER RWD,"(1) UNA UNIDAD VEHICULO, MARCA CHEVROLET, MODELO CAPTIVA EV PREMIER RWD T, LZW6470 , ANIO DE FABRICACION 2026, MODELO ANIO 2026, MOTOR ELECTRICO, CON SUS CORRESPONDIENTES ACCESORIOS.-"
merged,2026-03,26DA000000160439,11,8703.80.00.000J,nuevo,BEV,1,CAPTIVA PREMIER EV AT,CAPTIVA EV,PREMIER RWD,01 UN DE VEHICULO TIPO STATION WAGON DE LA MARCA CHEVROLET MODELO CAPTIVA PREMIER EV AT MOTOR ELECTRICO ANIO DE FABRICACION 2026 MODELO ANIO 2026 CON SUS ACCESORIOS NORMALES Y OPCIONALES
merged,2026-03,26DA000000160439,12,8703.80.00.000J,nuevo,BEV,1,CAPTIVA PREMIER EV AT,CAPTIVA EV,PREMIER RWD,01 UN DE VEHICULO TIPO STATION WAGON DE LA MARCA CHEVROLET MODELO CAPTIVA PREMIER EV AT MOTOR ELECTRICO ANIO DE FABRICACION 2026 MODELO ANIO 2026 CON SUS ACCESORIOS NORMALES Y OPCIONALES
merged,2026-03,26DA000000160439,13,8703.80.00.000J,nuevo,BEV,1,CAPTIVA PREMIER EV AT,CAPTIVA EV,PREMIER RWD,01 UN DE VEHICULO TIPO STATION WAGON DE LA MARCA CHEVROLET MODELO CAPTIVA PREMIER EV AT MOTOR ELECTRICO ANIO DE FABRICACION 2026 MODELO ANIO 2026 CON SUS ACCESORIOS NORMALES Y OPCIONALES
merged,2026-03,26DA000000160439,9,8703.80.00.000J,nuevo,BEV,1,CAPTIVA PREMIER EV AT,CAPTIVA EV,PREMIER RWD,01 UN DE VEHICULO TIPO STATION WAGON DE LA MARCA CHEVROLET MODELO CAPTIVA PREMIER EV AT MOTOR ELECTRICO ANIO DE FABRICACION 2026 MODELO ANIO 2026 CON SUS ACCESORIOS NORMALES Y OPCIONALES
merged,2026-03,26DA000000160439,14,8703.80.00.000J,nuevo,BEV,1,CAPTIVA PREMIER EV AT,CAPTIVA EV,PREMIER RWD,01 UN DE VEHICULO TIPO STATION WAGON DE LA MARCA CHEVROLET MODELO CAPTIVA PREMIER EV AT MOTOR ELECTRICO ANIO DE FABRICACION 2026 MODELO ANIO 2026 CON SUS ACCESORIOS NORMALES Y OPCIONALES
merged,2026-03,26DA000000160439,10,8703.80.00.000J,nuevo,BEV,1,CAPTIVA PREMIER EV AT,CAPTIVA EV,PREMIER RWD,01 UN DE VEHICULO TIPO STATION WAGON DE LA MARCA CHEVROLET MODELO CAPTIVA PREMIER EV AT MOTOR ELECTRICO ANIO DE FABRICACION 2026 MODELO ANIO 2026 CON SUS ACCESORIOS NORMALES Y OPCIONALES
merged,2026-05,26DA000000222062,9,8703.80.00.000J,nuevo,BEV,1,CAPTIVA PREMIER EV AT,CAPTIVA EV,PREMIER RWD,01 UN DE VEHICULO TIPO STATION WAGON DE LA MARCA CHEVROLET MODELO CAPTIVA PREMIER EV AT MOTOR ELECTRICO ANIO DE FABRICACION 2026 MODELO ANIO 2026 CON SUS ACCESORIOS NORMALES Y OPCIONALES
merged,2026-05,26DA000000222062,13,8703.80.00.000J,nuevo,BEV,1,CAPTIVA PREMIER EV AT,CAPTIVA EV,PREMIER RWD,01 UN DE VEHICULO TIPO STATION WAGON DE LA MARCA CHEVROLET MODELO CAPTIVA PREMIER EV AT MOTOR ELECTRICO ANIO DE FABRICACION 2026 MODELO ANIO 2026 CON SUS ACCESORIOS NORMALES Y OPCIONALES
merged,2026-05,26DA000000222062,12,8703.80.00.000J,nuevo,BEV,1,CAPTIVA PREMIER EV AT,CAPTIVA EV,PREMIER RWD,01 UN DE VEHICULO TIPO STATION WAGON DE LA MARCA CHEVROLET MODELO CAPTIVA PREMIER EV AT MOTOR ELECTRICO ANIO DE FABRICACION 2026 MODELO ANIO 2026 CON SUS ACCESORIOS NORMALES Y OPCIONALES
merged,2026-05,26DA000000222062,14,8703.80.00.000J,nuevo,BEV,1,CAPTIVA PREMIER EV AT,CAPTIVA EV,PREMIER RWD,01 UN DE VEHICULO TIPO STATION WAGON DE LA MARCA CHEVROLET MODELO CAPTIVA PREMIER EV AT MOTOR ELECTRICO ANIO DE FABRICACION 2026 MODELO ANIO 2026 CON SUS ACCESORIOS NORMALES Y OPCIONALES
merged,2026-05,26DA000000222062,10,8703.80.00.000J,nuevo,BEV,1,CAPTIVA PREMIER EV AT,CAPTIVA EV,PREMIER RWD,01 UN DE VEHICULO TIPO STATION WAGON DE LA MARCA CHEVROLET MODELO CAPTIVA PREMIER EV AT MOTOR ELECTRICO ANIO DE FABRICACION 2026 MODELO ANIO 2026 CON SUS ACCESORIOS NORMALES Y OPCIONALES
merged,2026-05,26DA000000222062,11,8703.80.00.000J,nuevo,BEV,1,CAPTIVA PREMIER EV AT,CAPTIVA EV,PREMIER RWD,01 UN DE VEHICULO TIPO STATION WAGON DE LA MARCA CHEVROLET MODELO CAPTIVA PREMIER EV AT MOTOR ELECTRICO ANIO DE FABRICACION 2026 MODELO ANIO 2026 CON SUS ACCESORIOS NORMALES Y OPCIONALES
merged,2026-06,26DA000000281224,14,8703.80.00.000J,nuevo,BEV,1,CAPTIVA EV,CAPTIVA EV,PREMIER RWD,"CAMIONETA PARA EL TRANSPORTE DE PERSONAS MARCA CHEVROLET CAPTIVA EV PREMIER RWD T , CON SUS ACCESORIOS CORRESPONDIENTES"
merged,2026-06,26DA000000281224,9,8703.80.00.000J,nuevo,BEV,1,CAPTIVA EV,CAPTIVA EV,PREMIER RWD,"CAMIONETA PARA EL TRANSPORTE DE PERSONAS MARCA CHEVROLET CAPTIVA EV PREMIER RWD T , CON SUS ACCESORIOS CORRESPONDIENTES"
merged,2026-06,26DA000000281224,10,8703.80.00.000J,nuevo,BEV,1,CAPTIVA EV,CAPTIVA EV,PREMIER RWD,"CAMIONETA PARA EL TRANSPORTE DE PERSONAS MARCA CHEVROLET CAPTIVA EV PREMIER RWD T , CON SUS ACCESORIOS CORRESPONDIENTES"
merged,2026-06,26DA000000281224,13,8703.80.00.000J,nuevo,BEV,1,CAPTIVA EV,CAPTIVA EV,PREMIER RWD,"CAMIONETA PARA EL TRANSPORTE DE PERSONAS MARCA CHEVROLET CAPTIVA EV PREMIER RWD T , CON SUS ACCESORIOS CORRESPONDIENTES"
merged,2026-06,26DA000000281224,12,8703.80.00.000J,nuevo,BEV,1,CAPTIVA EV,CAPTIVA EV,PREMIER RWD,"CAMIONETA PARA EL TRANSPORTE DE PERSONAS MARCA CHEVROLET CAPTIVA EV PREMIER RWD T , CON SUS ACCESORIOS CORRESPONDIENTES"
merged,2026-06,26DA000000281224,11,8703.80.00.000J,nuevo,BEV,1,CAPTIVA EV,CAPTIVA EV,PREMIER RWD,"CAMIONETA PARA EL TRANSPORTE DE PERSONAS MARCA CHEVROLET CAPTIVA EV PREMIER RWD T , CON SUS ACCESORIOS CORRESPONDIENTES"
merged,2026-06,26DA000000282240,18,8703.80.00.000J,nuevo,BEV,1,CAPTIVA EV,CAPTIVA EV,PREMIER RWD,"1 UNID. VEHICULO MARCA CHEVROLET, MODELO CAPTIVA EV PREMIER RWD T, LZW6470, MOTOR ELECTRICO, ANIO DE FABRICACION 2026, MODELO ANIO 2026, C/ACC, NORMALES Y OPCIONALES.-"
merged,2026-06,26DA000000282240,21,8703.80.00.000J,nuevo,BEV,1,CAPTIVA EV,CAPTIVA EV,PREMIER RWD,"1 UNID. VEHICULO MARCA CHEVROLET, MODELO CAPTIVA EV PREMIER RWD T, LZW6470, MOTOR ELECTRICO, ANIO DE FABRICACION 2026, MODELO ANIO 2026, C/ACC, NORMALES Y OPCIONALES.-"
merged,2026-06,26DA000000282240,19,8703.80.00.000J,nuevo,BEV,1,CAPTIVA EV,CAPTIVA EV,PREMIER RWD,"1 UNID. VEHICULO MARCA CHEVROLET, MODELO CAPTIVA EV PREMIER RWD T, LZW6470, MOTOR ELECTRICO, ANIO DE FABRICACION 2026, MODELO ANIO 2026, C/ACC, NORMALES Y OPCIONALES.-"
merged,2026-06,26DA000000282240,20,8703.80.00.000J,nuevo,BEV,1,CAPTIVA EV,CAPTIVA EV,PREMIER RWD,"1 UNID. VEHICULO MARCA CHEVROLET, MODELO CAPTIVA EV PREMIER RWD T, LZW6470, MOTOR ELECTRICO, ANIO DE FABRICACION 2026, MODELO ANIO 2026, C/ACC, NORMALES Y OPCIONALES.-"
merged,2026-06,26DA000000282240,17,8703.80.00.000J,nuevo,BEV,1,CAPTIVA EV,CAPTIVA EV,PREMIER RWD,"1 UNID. VEHICULO MARCA CHEVROLET, MODELO CAPTIVA EV PREMIER RWD T, LZW6470, MOTOR ELECTRICO, ANIO DE FABRICACION 2026, MODELO ANIO 2026, C/ACC, NORMALES Y OPCIONALES.-"
merged,2026-06,26DA000000282240,22,8703.80.00.000J,nuevo,BEV,1,CAPTIVA EV,CAPTIVA EV,PREMIER RWD,"1 UNID. VEHICULO MARCA CHEVROLET, MODELO CAPTIVA EV PREMIER RWD T, LZW6470, MOTOR ELECTRICO, ANIO DE FABRICACION 2026, MODELO ANIO 2026, C/ACC, NORMALES Y OPCIONALES.-"
merged,2026-07,26DA000000343943,34,8703.80.00.000J,nuevo,BEV,1,CAPTIVA EV,CAPTIVA EV,PREMIER RWD,"(1) UNA UNIDAD VEHICULO, MARCA CHEVROLET, MODELO CAPTIVA EV PREMIER RWD T, LZW6470, ANIO DE FABRICACION 2026, MODELO ANIO 2026, MOTOR ELECTRICO, CON SUS CORRESPONDIENTES ACCESORIOS.-"
merged,2026-07,26DA000000343943,25,8703.80.00.000J,nuevo,BEV,1,CAPTIVA EV,CAPTIVA EV,PREMIER RWD,"(1) UNA UNIDAD VEHICULO, MARCA CHEVROLET, MODELO CAPTIVA EV PREMIER RWD T, LZW6470, ANIO DE FABRICACION 2026, MODELO ANIO 2026, MOTOR ELECTRICO, CON SUS CORRESPONDIENTES ACCESORIOS.-"
merged,2026-07,26DA000000343943,31,8703.80.00.000J,nuevo,BEV,1,CAPTIVA EV,CAPTIVA EV,PREMIER RWD,"(1) UNA UNIDAD VEHICULO, MARCA CHEVROLET, MODELO CAPTIVA EV PREMIER RWD T, LZW6470, ANIO DE FABRICACION 2026, MODELO ANIO 2026, MOTOR ELECTRICO, CON SUS CORRESPONDIENTES ACCESORIOS.-"
merged,2026-07,26DA000000343943,33,8703.80.00.000J,nuevo,BEV,1,CAPTIVA EV,CAPTIVA EV,PREMIER RWD,"(1) UNA UNIDAD VEHICULO, MARCA CHEVROLET, MODELO CAPTIVA EV PREMIER RWD T, LZW6470, ANIO DE FABRICACION 2026, MODELO ANIO 2026, MOTOR ELECTRICO, CON SUS CORRESPONDIENTES ACCESORIOS.-"
merged,2026-07,26DA000000343943,26,8703.80.00.000J,nuevo,BEV,1,CAPTIVA EV,CAPTIVA EV,PREMIER RWD,"(1) UNA UNIDAD VEHICULO, MARCA CHEVROLET, MODELO CAPTIVA EV PREMIER RWD T, LZW6470, ANIO DE FABRICACION 2026, MODELO ANIO 2026, MOTOR ELECTRICO, CON SUS CORRESPONDIENTES ACCESORIOS.-"
merged,2026-07,26DA000000343943,27,8703.80.00.000J,nuevo,BEV,1,CAPTIVA EV,CAPTIVA EV,PREMIER RWD,"(1) UNA UNIDAD VEHICULO, MARCA CHEVROLET, MODELO CAPTIVA EV PREMIER RWD T, LZW6470, ANIO DE FABRICACION 2026, MODELO ANIO 2026, MOTOR ELECTRICO, CON SUS CORRESPONDIENTES ACCESORIOS.-"
merged,2026-07,26DA000000343943,30,8703.80.00.000J,nuevo,BEV,1,CAPTIVA EV,CAPTIVA EV,PREMIER RWD,"(1) UNA UNIDAD VEHICULO, MARCA CHEVROLET, MODELO CAPTIVA EV PREMIER RWD T, LZW6470, ANIO DE FABRICACION 2026, MODELO ANIO 2026, MOTOR ELECTRICO, CON SUS CORRESPONDIENTES ACCESORIOS.-"
merged,2026-07,26DA000000343943,35,8703.80.00.000J,nuevo,BEV,1,CAPTIVA EV,CAPTIVA EV,PREMIER RWD,"(1) UNA UNIDAD VEHICULO, MARCA CHEVROLET, MODELO CAPTIVA EV PREMIER RWD T, LZW6470, ANIO DE FABRICACION 2026, MODELO ANIO 2026, MOTOR ELECTRICO, CON SUS CORRESPONDIENTES ACCESORIOS.-"
merged,2026-07,26DA000000343943,28,8703.80.00.000J,nuevo,BEV,1,CAPTIVA EV,CAPTIVA EV,PREMIER RWD,"(1) UNA UNIDAD VEHICULO, MARCA CHEVROLET, MODELO CAPTIVA EV PREMIER RWD T, LZW6470, ANIO DE FABRICACION 2026, MODELO ANIO 2026, MOTOR ELECTRICO, CON SUS CORRESPONDIENTES ACCESORIOS.-"
merged,2026-07,26DA000000343943,29,8703.80.00.000J,nuevo,BEV,1,CAPTIVA EV,CAPTIVA EV,PREMIER RWD,"(1) UNA UNIDAD VEHICULO, MARCA CHEVROLET, MODELO CAPTIVA EV PREMIER RWD T, LZW6470, ANIO DE FABRICACION 2026, MODELO ANIO 2026, MOTOR ELECTRICO, CON SUS CORRESPONDIENTES ACCESORIOS.-"
merged,2026-07,26DA000000343943,32,8703.80.00.000J,nuevo,BEV,1,CAPTIVA EV,CAPTIVA EV,PREMIER RWD,"(1) UNA UNIDAD VEHICULO, MARCA CHEVROLET, MODELO CAPTIVA EV PREMIER RWD T, LZW6470, ANIO DE FABRICACION 2026, MODELO ANIO 2026, MOTOR ELECTRICO, CON SUS CORRESPONDIENTES ACCESORIOS.-"
merged,2026-07,26DA000000343943,36,8703.80.00.000J,nuevo,BEV,1,CAPTIVA EV,CAPTIVA EV,PREMIER RWD,"(1) UNA UNIDAD VEHICULO, MARCA CHEVROLET, MODELO CAPTIVA EV PREMIER RWD T, LZW6470, ANIO DE FABRICACION 2026, MODELO ANIO 2026, MOTOR ELECTRICO, CON SUS CORRESPONDIENTES ACCESORIOS.-"
merged,2026-07,26DA000000393394,9,8703.80.00.000J,nuevo,BEV,1,CAPTIVA PREMIER EV AT,CAPTIVA EV,PREMIER RWD,"STATION WAGON,MODELO CAPTIVA PREMIER EV AT, MOTOR ELECTRICO;  CON SUS ACCESORIOS CORRESPONDIENTES"
merged,2026-07,26DA000000393394,10,8703.80.00.000J,nuevo,BEV,1,CAPTIVA PREMIER EV AT,CAPTIVA EV,PREMIER RWD,"STATION WAGON,MODELO CAPTIVA PREMIER EV AT, MOTOR ELECTRICO;  CON SUS ACCESORIOS CORRESPONDIENTES"
merged,2026-07,26DA000000393394,11,8703.80.00.000J,nuevo,BEV,1,CAPTIVA PREMIER EV AT,CAPTIVA EV,PREMIER RWD,"STATION WAGON,MODELO CAPTIVA PREMIER EV AT, MOTOR ELECTRICO;  CON SUS ACCESORIOS CORRESPONDIENTES"
merged,2026-07,26DA000000393394,14,8703.80.00.000J,nuevo,BEV,1,CAPTIVA PREMIER EV AT,CAPTIVA EV,PREMIER RWD,"STATION WAGON,MODELO CAPTIVA PREMIER EV AT, MOTOR ELECTRICO;  CON SUS ACCESORIOS CORRESPONDIENTES"
merged,2026-07,26DA000000393394,13,8703.80.00.000J,nuevo,BEV,1,CAPTIVA PREMIER EV AT,CAPTIVA EV,PREMIER RWD,"STATION WAGON,MODELO CAPTIVA PREMIER EV AT, MOTOR ELECTRICO;  CON SUS ACCESORIOS CORRESPONDIENTES"
merged,2026-07,26DA000000393394,12,8703.80.00.000J,nuevo,BEV,1,CAPTIVA PREMIER EV AT,CAPTIVA EV,PREMIER RWD,"STATION WAGON,MODELO CAPTIVA PREMIER EV AT, MOTOR ELECTRICO;  CON SUS ACCESORIOS CORRESPONDIENTES"
merged,2026-07,26DA000000392843,20,8703.80.00.000J,nuevo,BEV,1,CAPTIVA EV,CAPTIVA EV,PREMIER RWD,"(1) UNA UNIDAD VEHICULO, MARCA CHEVROLET, MODELO CAPTIVA EV PREMIER RWD T, LZW6470, ANIO DE FABRICACION 2026, MODELO ANIO 2026, MOTOR ELECTRICO, CON SUS CORRESPONDIENTES ACCESORIOS.-"
merged,2026-07,26DA000000392843,18,8703.80.00.000J,nuevo,BEV,1,CAPTIVA EV,CAPTIVA EV,PREMIER RWD,"(1) UNA UNIDAD VEHICULO, MARCA CHEVROLET, MODELO CAPTIVA EV PREMIER RWD T, LZW6470, ANIO DE FABRICACION 2026, MODELO ANIO 2026, MOTOR ELECTRICO, CON SUS CORRESPONDIENTES ACCESORIOS.-"
merged,2026-07,26DA000000392843,17,8703.80.00.000J,nuevo,BEV,1,CAPTIVA EV,CAPTIVA EV,PREMIER RWD,"(1) UNA UNIDAD VEHICULO, MARCA CHEVROLET, MODELO CAPTIVA EV PREMIER RWD T, LZW6470, ANIO DE FABRICACION 2026, MODELO ANIO 2026, MOTOR ELECTRICO, CON SUS CORRESPONDIENTES ACCESORIOS.-"
merged,2026-07,26DA000000392843,19,8703.80.00.000J,nuevo,BEV,1,CAPTIVA EV,CAPTIVA EV,PREMIER RWD,"(1) UNA UNIDAD VEHICULO, MARCA CHEVROLET, MODELO CAPTIVA EV PREMIER RWD T, LZW6470, ANIO DE FABRICACION 2026, MODELO ANIO 2026, MOTOR ELECTRICO, CON SUS CORRESPONDIENTES ACCESORIOS.-"
merged,2026-07,26DA000000392843,22,8703.80.00.000J,nuevo,BEV,1,CAPTIVA EV,CAPTIVA EV,PREMIER RWD,"(1) UNA UNIDAD VEHICULO, MARCA CHEVROLET, MODELO CAPTIVA EV PREMIER RWD T, LZW6470, ANIO DE FABRICACION 2026, MODELO ANIO 2026, MOTOR ELECTRICO, CON SUS CORRESPONDIENTES ACCESORIOS.-"
merged,2026-07,26DA000000392843,21,8703.80.00.000J,nuevo,BEV,1,CAPTIVA EV,CAPTIVA EV,PREMIER RWD,"(1) UNA UNIDAD VEHICULO, MARCA CHEVROLET, MODELO CAPTIVA EV PREMIER RWD T, LZW6470, ANIO DE FABRICACION 2026, MODELO ANIO 2026, MOTOR ELECTRICO, CON SUS CORRESPONDIENTES ACCESORIOS.-"
merged,2026-08,26DA000000413744,25,8703.80.00.000J,nuevo,BEV,1,CAPTIVA EV,CAPTIVA EV,PREMIER RWD,"CAMIONETA PARA EL TRANSPORTE DE PERSONAS MARCA CHEVROLET CAPTIVA EV PREMIER RWD T , CON SUS ACCESORIOS CORRESPONDIENTES"
merged,2026-08,26DA000000413744,18,8703.80.00.000J,nuevo,BEV,1,CAPTIVA EV,CAPTIVA EV,PREMIER RWD,"CAMIONETA PARA EL TRANSPORTE DE PERSONAS MARCA CHEVROLET CAPTIVA EV PREMIER RWD T , CON SUS ACCESORIOS CORRESPONDIENTES"
merged,2026-08,26DA000000413744,27,8703.80.00.000J,nuevo,BEV,1,CAPTIVA EV,CAPTIVA EV,PREMIER RWD,"CAMIONETA PARA EL TRANSPORTE DE PERSONAS MARCA CHEVROLET CAPTIVA EV PREMIER RWD T , CON SUS ACCESORIOS CORRESPONDIENTES"
merged,2026-08,26DA000000413744,21,8703.80.00.000J,nuevo,BEV,1,CAPTIVA EV,CAPTIVA EV,PREMIER RWD,"CAMIONETA PARA EL TRANSPORTE DE PERSONAS MARCA CHEVROLET CAPTIVA EV PREMIER RWD T , CON SUS ACCESORIOS CORRESPONDIENTES"
merged,2026-08,26DA000000413744,23,8703.80.00.000J,nuevo,BEV,1,CAPTIVA EV,CAPTIVA EV,PREMIER RWD,"CAMIONETA PARA EL TRANSPORTE DE PERSONAS MARCA CHEVROLET CAPTIVA EV PREMIER RWD T , CON SUS ACCESORIOS CORRESPONDIENTES"
merged,2026-08,26DA000000413744,28,8703.80.00.000J,nuevo,BEV,1,CAPTIVA EV,CAPTIVA EV,PREMIER RWD,"CAMIONETA PARA EL TRANSPORTE DE PERSONAS MARCA CHEVROLET CAPTIVA EV PREMIER RWD T , CON SUS ACCESORIOS CORRESPONDIENTES"
merged,2026-08,26DA000000413744,17,8703.80.00.000J,nuevo,BEV,1,CAPTIVA EV,CAPTIVA EV,PREMIER RWD,"CAMIONETA PARA EL TRANSPORTE DE PERSONAS MARCA CHEVROLET CAPTIVA EV PREMIER RWD T , CON SUS ACCESORIOS CORRESPONDIENTES"
merged,2026-08,26DA000000413744,20,8703.80.00.000J,nuevo,BEV,1,CAPTIVA EV,CAPTIVA EV,PREMIER RWD,"CAMIONETA PARA EL TRANSPORTE DE PERSONAS MARCA CHEVROLET CAPTIVA EV PREMIER RWD T , CON SUS ACCESORIOS CORRESPONDIENTES"
merged,2026-08,26DA000000413744,22,8703.80.00.000J,nuevo,BEV,1,CAPTIVA EV,CAPTIVA EV,PREMIER RWD,"CAMIONETA PARA EL TRANSPORTE DE PERSONAS MARCA CHEVROLET CAPTIVA EV PREMIER RWD T , CON SUS ACCESORIOS CORRESPONDIENTES"
merged,2026-08,26DA000000413744,26,8703.80.00.000J,nuevo,BEV,1,CAPTIVA EV,CAPTIVA EV,PREMIER RWD,"CAMIONETA PARA EL TRANSPORTE DE PERSONAS MARCA CHEVROLET CAPTIVA EV PREMIER RWD T , CON SUS ACCESORIOS CORRESPONDIENTES"
merged,2026-08,26DA000000413744,24,8703.80.00.000J,nuevo,BEV,1,CAPTIVA EV,CAPTIVA EV,PREMIER RWD,"CAMIONETA PARA EL TRANSPORTE DE PERSONAS MARCA CHEVROLET CAPTIVA EV PREMIER RWD T , CON SUS ACCESORIOS CORRESPONDIENTES"
merged,2026-08,26DA000000413744,19,8703.80.00.000J,nuevo,BEV,1,CAPTIVA EV,CAPTIVA EV,PREMIER RWD,"CAMIONETA PARA EL TRANSPORTE DE PERSONAS MARCA CHEVROLET CAPTIVA EV PREMIER RWD T , CON SUS ACCESORIOS CORRESPONDIENTES"
merged,2026-08,26DA000000451104,12,8703.80.00.000J,nuevo,BEV,1,CAPTIVA EV,CAPTIVA EV,PREMIER RWD,"(1) UNA UNIDAD VEHICULO, MARCA CHEVROLET, MODELO CAPTIVA EV PREMIER RWD T, LZW6470, ANIO DE FABRICACION 2026, MODELO ANIO 2026, MOTOR ELECTRICO, CON SUS CORRESPONDIENTES ACCESORIOS.-"
merged,2026-08,26DA000000451104,3,8703.80.00.000J,nuevo,BEV,1,CAPTIVA EV,CAPTIVA EV,PREMIER RWD,"(1) UNA UNIDAD VEHICULO, MARCA CHEVROLET, MODELO CAPTIVA EV PREMIER RWD T, LZW6470, ANIO DE FABRICACION 2026, MODELO ANIO 2026, MOTOR ELECTRICO, CON SUS CORRESPONDIENTES ACCESORIOS.-"
merged,2026-08,26DA000000451104,7,8703.80.00.000J,nuevo,BEV,1,CAPTIVA EV,CAPTIVA EV,PREMIER RWD,"(1) UNA UNIDAD VEHICULO, MARCA CHEVROLET, MODELO CAPTIVA EV PREMIER RWD T, LZW6470, ANIO DE FABRICACION 2026, MODELO ANIO 2026, MOTOR ELECTRICO, CON SUS CORRESPONDIENTES ACCESORIOS.-"
merged,2026-08,26DA000000451104,8,8703.80.00.000J,nuevo,BEV,1,CAPTIVA EV,CAPTIVA EV,PREMIER RWD,"(1) UNA UNIDAD VEHICULO, MARCA CHEVROLET, MODELO CAPTIVA EV PREMIER RWD T, LZW6470, ANIO DE FABRICACION 2026, MODELO ANIO 2026, MOTOR ELECTRICO, CON SUS CORRESPONDIENTES ACCESORIOS.-"
merged,2026-08,26DA000000451104,11,8703.80.00.000J,nuevo,BEV,1,CAPTIVA EV,CAPTIVA EV,PREMIER RWD,"(1) UNA UNIDAD VEHICULO, MARCA CHEVROLET, MODELO CAPTIVA EV PREMIER RWD T, LZW6470, ANIO DE FABRICACION 2026, MODELO ANIO 2026, MOTOR ELECTRICO, CON SUS CORRESPONDIENTES ACCESORIOS.-"
merged,2026-08,26DA000000451104,5,8703.80.00.000J,nuevo,BEV,1,CAPTIVA EV,CAPTIVA EV,PREMIER RWD,"(1) UNA UNIDAD VEHICULO, MARCA CHEVROLET, MODELO CAPTIVA EV PREMIER RWD T, LZW6470, ANIO DE FABRICACION 2026, MODELO ANIO 2026, MOTOR ELECTRICO, CON SUS CORRESPONDIENTES ACCESORIOS.-"
merged,2026-08,26DA000000451104,6,8703.80.00.000J,nuevo,BEV,1,CAPTIVA EV,CAPTIVA EV,PREMIER RWD,"(1) UNA UNIDAD VEHICULO, MARCA CHEVROLET, MODELO CAPTIVA EV PREMIER RWD T, LZW6470, ANIO DE FABRICACION 2026, MODELO ANIO 2026, MOTOR ELECTRICO, CON SUS CORRESPONDIENTES ACCESORIOS.-"
merged,2026-08,26DA000000451104,1,8703.80.00.000J,nuevo,BEV,1,CAPTIVA EV,CAPTIVA EV,PREMIER RWD,"(1) UNA UNIDAD VEHICULO, MARCA CHEVROLET, MODELO CAPTIVA EV PREMIER RWD T, LZW6470, ANIO DE FABRICACION 2026, MODELO ANIO 2026, MOTOR ELECTRICO, CON SUS CORRESPONDIENTES ACCESORIOS.-"
merged,2026-08,26DA000000451104,2,8703.80.00.000J,nuevo,BEV,1,CAPTIVA EV,CAPTIVA EV,PREMIER RWD,"(1) UNA UNIDAD VEHICULO, MARCA CHEVROLET, MODELO CAPTIVA EV PREMIER RWD T, LZW6470, ANIO DE FABRICACION 2026, MODELO ANIO 2026, MOTOR ELECTRICO, CON SUS CORRESPONDIENTES ACCESORIOS.-"
merged,2026-08,26DA000000451104,4,8703.80.00.000J,nuevo,BEV,1,CAPTIVA EV,CAPTIVA EV,PREMIER RWD,"(1) UNA UNIDAD VEHICULO, MARCA CHEVROLET, MODELO CAPTIVA EV PREMIER RWD T, LZW6470, ANIO DE FABRICACION 2026, MODELO ANIO 2026, MOTOR ELECTRICO, CON SUS CORRESPONDIENTES ACCESORIOS.-"
merged,2026-08,26DA000000451104,9,8703.80.00.000J,nuevo,BEV,1,CAPTIVA EV,CAPTIVA EV,PREMIER RWD,"(1) UNA UNIDAD VEHICULO, MARCA CHEVROLET, MODELO CAPTIVA EV PREMIER RWD T, LZW6470, ANIO DE FABRICACION 2026, MODELO ANIO 2026, MOTOR ELECTRICO, CON SUS CORRESPONDIENTES ACCESORIOS.-"
merged,2026-08,26DA000000451104,10,8703.80.00.000J,nuevo,BEV,1,CAPTIVA EV,CAPTIVA EV,PREMIER RWD,"(1) UNA UNIDAD VEHICULO, MARCA CHEVROLET, MODELO CAPTIVA EV PREMIER RWD T, LZW6470, ANIO DE FABRICACION 2026, MODELO ANIO 2026, MOTOR ELECTRICO, CON SUS CORRESPONDIENTES ACCESORIOS.-"
merged,2026-09,26DA000000483498,5,8703.80.00.000J,nuevo,BEV,1,CAPTIVA PREMIER EV AT,CAPTIVA EV,PREMIER RWD,01 UN DE VEHICULO TIPO STATION WAGON DE LA MARCA CHEVROLET MODELO CAPTIVA PREMIER EV AT MOTOR ELECTRICO ANIO DE FABRICACION 2026 MODELO ANIO 2026 CON SUS ACCESORIOS NORMALES Y OPCIONALES
merged,2026-09,26DA000000483498,2,8703.80.00.000J,nuevo,BEV,1,CAPTIVA PREMIER EV AT,CAPTIVA EV,PREMIER RWD,01 UN DE VEHICULO TIPO STATION WAGON DE LA MARCA CHEVROLET MODELO CAPTIVA PREMIER EV AT MOTOR ELECTRICO ANIO DE FABRICACION 2026 MODELO ANIO 2026 CON SUS ACCESORIOS NORMALES Y OPCIONALES
merged,2026-09,26DA000000483498,3,8703.80.00.000J,nuevo,BEV,1,CAPTIVA PREMIER EV AT,CAPTIVA EV,PREMIER RWD,01 UN DE VEHICULO TIPO STATION WAGON DE LA MARCA CHEVROLET MODELO CAPTIVA PREMIER EV AT MOTOR ELECTRICO ANIO DE FABRICACION 2026 MODELO ANIO 2026 CON SUS ACCESORIOS NORMALES Y OPCIONALES
merged,2026-09,26DA000000483498,6,8703.80.00.000J,nuevo,BEV,1,CAPTIVA PREMIER EV AT,CAPTIVA EV,PREMIER RWD,01 UN DE VEHICULO TIPO STATION WAGON DE LA MARCA CHEVROLET MODELO CAPTIVA PREMIER EV AT MOTOR ELECTRICO ANIO DE FABRICACION 2026 MODELO ANIO 2026 CON SUS ACCESORIOS NORMALES Y OPCIONALES
merged,2026-09,26DA000000483498,1,8703.80.00.000J,nuevo,BEV,1,CAPTIVA PREMIER EV AT,CAPTIVA EV,PREMIER RWD,01 UN DE VEHICULO TIPO STATION WAGON DE LA MARCA CHEVROLET MODELO CAPTIVA PREMIER EV AT MOTOR ELECTRICO ANIO DE FABRICACION 2026 MODELO ANIO 2026 CON SUS ACCESORIOS NORMALES Y OPCIONALES
merged,2026-09,26DA000000483498,4,8703.80.00.000J,nuevo,BEV,1,CAPTIVA PREMIER EV AT,CAPTIVA EV,PREMIER RWD,01 UN DE VEHICULO TIPO STATION WAGON DE LA MARCA CHEVROLET MODELO CAPTIVA PREMIER EV AT MOTOR ELECTRICO ANIO DE FABRICACION 2026 MODELO ANIO 2026 CON SUS ACCESORIOS NORMALES Y OPCIONALES
merged,2026-09,26DA000000515782,1,8703.80.00.000J,nuevo,BEV,1,CAPTIVA EV,CAPTIVA EV,PREMIER RWD,"1 UNID. VEHICULO MARCA CHEVROLET, MODELO CAPTIVA EV PREMIER RWD T, LZW6470, MOTOR ELECTRICO, ANIO DE FABRICACION 2026, MODELO ANIO 2026, C/ACC, NORMALES Y OPCIONALES.-"
merged,2026-09,26DA000000515782,2,8703.80.00.000J,nuevo,BEV,1,CAPTIVA EV,CAPTIVA EV,PREMIER RWD,"1 UNID. VEHICULO MARCA CHEVROLET, MODELO CAPTIVA EV PREMIER RWD T, LZW6470, MOTOR ELECTRICO, ANIO DE FABRICACION 2026, MODELO ANIO 2026, C/ACC, NORMALES Y OPCIONALES.-"
merged,2026-09,26DA000000515782,5,8703.80.00.000J,nuevo,BEV,1,CAPTIVA EV,CAPTIVA EV,PREMIER RWD,"1 UNID. VEHICULO MARCA CHEVROLET, MODELO CAPTIVA EV PREMIER RWD T, LZW6470, MOTOR ELECTRICO, ANIO DE FABRICACION 2026, MODELO ANIO 2026, C/ACC, NORMALES Y OPCIONALES.-"
merged,2026-09,26DA000000515782,3,8703.80.00.000J,nuevo,BEV,1,CAPTIVA EV,CAPTIVA EV,PREMIER RWD,"1 UNID. VEHICULO MARCA CHEVROLET, MODELO CAPTIVA EV PREMIER RWD T, LZW6470, MOTOR ELECTRICO, ANIO DE FABRICACION 2026, MODELO ANIO 2026, C/ACC, NORMALES Y OPCIONALES.-"
merged,2026-09,26DA000000515782,4,8703.80.00.000J,nuevo,BEV,1,CAPTIVA EV,CAPTIVA EV,PREMIER RWD,"1 UNID. VEHICULO MARCA CHEVROLET, MODELO CAPTIVA EV PREMIER RWD T, LZW6470, MOTOR ELECTRICO, ANIO DE FABRICACION 2026, MODELO ANIO 2026, C/ACC, NORMALES Y OPCIONALES.-"
merged,2026-09,26DA000000521530,1,8703.80.00.000J,nuevo,BEV,1,CAPTIVA EV,CAPTIVA EV,PREMIER RWD,"1 UNID. VEHICULO MARCA CHEVROLET, MODELO CAPTIVA EV PREMIER RWD T, LZW6470, MOTOR ELECTRICO, ANIO DE FABRICACION 2026, MODELO ANIO 2026, C/ACC, NORMALES Y OPCIONALES.-"
