marca,modelo,powertrain,edicion_before,edicion_after,units_all_years
NISSAN,X-TRAIL E-POWER,HEV,EXCLUSIVE 4X4,EXCLUSIVE E-4ORCE,47
NISSAN,X-TRAIL E-POWER,HEV,ADVANCE 4X4,ADVANCE E-4ORCE,30
AUDI,Q8 E-TRON,BEV,55 SPORTBACK SLINE,55 SPORTBACK S LINE,6
AUDI,E-TRON,BEV,55 ADVANCED,55 ADVANCE,6
AUDI,E-TRON,BEV,55 SLINE,55 S LINE,6
NISSAN,X-TRAIL E-POWER,HEV,ADVANCE 4X4 E-4ORCE,ADVANCE E-4ORCE,6
AUDI,E-TRON,BEV,55 SPORTBACK SLINE,55 SPORTBACK S LINE,5
AUDI,Q8 E-TRON,BEV,SPORTBACK 55 S LINE,55 SPORTBACK S LINE,5
AUDI,Q8 E-TRON,BEV,50 SPORTBACK SLINE,50 SPORTBACK S LINE,4
AUDI,E-TRON,BEV,SPORTBACK SLINE,SPORTBACK S LINE,3
JAC,E30X,BEV,LUX,LUXURY,3
AUDI,Q8 E-TRON,BEV,50 SLINE,50 S LINE,2
AUDI,Q8 E-TRON,BEV,55 SLINE,55 S LINE,2
AUDI,Q6 E-TRON,BEV,QUATTRO SLINE BP,QUATTRO S LINE BP,2
AUDI,Q6 E-TRON,BEV,PERFOMANCE SLINE BP,PERFORMANCE S LINE BP,2
AUDI,Q6 E-TRON,BEV,QUATTRO SPORTBACK SLINE BP,SPORTBACK QUATTRO S LINE BP,2
AUDI,Q6 E-TRON,BEV,PERFORMANCE SP SLINE BP,PERFORMANCE S LINE SP BP,2
AUDI,Q6 E-TRON,BEV,QUATTRO SB SLINE BP,SPORTBACK QUATTRO S LINE BP,2
AUDI,Q6 E-TRON,BEV,SB PREMIUM,SPORTBACK PREMIUM,2
AUDI,E-TRON,BEV,ADVANCE 55,55 ADVANCE,1
AUDI,E-TRON,BEV,SPORTBACK SLINE 55,55 SPORTBACK S LINE,1
AUDI,E-TRON,BEV,50 SPORTBACK SLINE,50 SPORTBACK S LINE,1
AUDI,Q6 E-TRON,BEV,PERFORMANCE SLINE BP,PERFORMANCE S LINE BP,1
AUDI,Q6 E-TRON,BEV,PERMORMANCE SLINE BP,PERFORMANCE S LINE BP,1
AUDI,Q6 E-TRON,BEV,SB SLINE BP,SPORTBACK S LINE BP,1
