period,despacho,item,posicion,segmento_before,marca,uso,qty_aduana,units_removed,mercaderia
2022-02,22DA000000038231,1,8704.31.90.900F,leve,KENTON,NUEVO,232,232,KITS INCOMPLETOS EN CKS PARA FABRICACION Y ENSAMBLE DE TRICICLOS DE CARGA HASTA 5 TONELADAS.
2022-02,22DA000000038231,2,8704.31.90.900F,leve,KENTON,NUEVO,52,52,KITS INCOMPLETOS EN CKS PARA FABRICACION Y ENSAMBLE DE TRICICLOS DE CARGA HASTA 5 TONELADAS.
2022-06,22DA000000171019,1,8704.21.90.000T,leve,JMC,NUEVO,20,20,"LOS DEMAS, EN: KITS INCOMPLETOS PARA ENSAMBLE DE VEHICULOS AUTOMOVILES JMC"
2022-06,22DA000000175811,1,8704.21.10.000P,leve,JMC,NUEVO,20,20,"CHASIS CON MOTOR Y CABINA, EN: KITS INCOMPLETOS PARA ENSAMBLE DE VEHICULOS AUTOMOVILES JMC"
2023-05,23DA000000214945,1,8704.21.10.900N,leve,JMC,NUEVO,20,20,"LOS DEMAS, EN: KITS INCOMPLETOS PARA ENSAMBLE DE VEHICULOS AUTOMOVILES JMC"
2024-05,24DA000000218136,1,8704.31.90.000G,leve,TAIGA,NUEVO,59,59,KITS PARA ENSAMBLE DE TRICICLO
2024-09,24DA000000401960,1,8704.31.90.000G,leve,TAIGA,NUEVO,59,59,KITS PARA ENSAMBLE DE TRICICLOS
2024-09,24DA000000434402,1,8704.31.90.000G,leve,TAIGA,NUEVO,118,118,KITS PARA ENSAMBLE DE TRICICLO
2024-10,24DA000000446976,1,8704.31.90.000G,leve,TAIGA,NUEVO,59,59,KITS PARA ENSAMBLE DE TRICICLO
2024-10,24DA000000449979,1,8704.31.90.000G,leve,TAIGA,NUEVO,59,59,KITS PARA ENSAMBLE DE TRICICLOS
2024-11,24DA000000501120,1,8704.31.90.000G,leve,TAIGA,NUEVO,118,118,KITS PARA ENSAMBLE DE TRICICLO
2024-12,24DA000000576266,1,8704.31.90.000G,leve,TAIGA,NUEVO,119,119,KITS PARA ENSAMBLE DE TRICICLO
2025-01,25DA000000013956,1,8704.31.90.000G,leve,TAIGA,NUEVO,59,59,KITS PARA ENSAMBLE DE TRICICLOS
2025-01,25DA000000046987,1,8704.31.90.000G,leve,TAIGA,NUEVO,59,59,KITS PARA ENSAMBLE DE TRICICLO
2025-04,25DA000000155550,1,8704.31.90.000G,leve,TAIGA,NUEVO,59,59,KITS PARA ENSAMBLE DE TRICICLOS
2025-07,25DA000000306410,1,8704.31.90.000G,leve,TAIGA,NUEVO,58,58,KITS PARA ENSAMBLE DE TRICICLO
2025-08,25DA000000372751,1,8704.31.90.000G,leve,TAIGA,NUEVO,120,120,KIT PARA EMSAMBLE DE TRICICLO
2025-10,25DA000000489644,1,8704.31.90.000G,leve,TAIGA,NUEVO,60,60,KITS PARA ENSAMBLE DE TRICICLOS
