period,despacho,item,ncm,modelo,powertrain,segmento_before,segmento_after,units,check,mercaderia
2022-12,22DA000000344447,1,8704.60.00.000Z,(sin modelo),BEV,leve,leve,1,electric: 8704.60,"1.-UNIDAD CAMIONETA ELECTRICA DOBLE CABINA, 4X2"
2022-12,22DA000000344447,10,8704.60.00.000Z,(sin modelo),BEV,leve,leve,1,electric: 8704.60,"1.-UNIDAD CAMIONETA ELECTRICA DOBLE CABINA, 4X2"
2022-12,22DA000000344447,11,8704.60.00.000Z,(sin modelo),BEV,leve,leve,1,electric: 8704.60,"1.-UNIDAD CAMIONETA ELECTRICA DOBLE CABINA, 4X2"
2022-12,22DA000000344447,12,8704.60.00.000Z,(sin modelo),BEV,leve,leve,1,electric: 8704.60,"1.-UNIDAD CAMIONETA ELECTRICA DOBLE CABINA, 4X2"
2022-12,22DA000000344447,13,8704.60.00.000Z,(sin modelo),BEV,leve,leve,1,electric: 8704.60,"1.-UNIDAD CAMIONETA ELECTRICA DOBLE CABINA, 4X2"
2022-12,22DA000000344447,14,8704.60.00.000Z,(sin modelo),BEV,leve,leve,1,electric: 8704.60,"1.-UNIDAD CAMIONETA ELECTRICA DOBLE CABINA, 4X2"
2022-12,22DA000000344447,15,8704.60.00.000Z,(sin modelo),BEV,leve,leve,1,electric: 8704.60,"1.-UNIDAD CAMIONETA ELECTRICA DOBLE CABINA, 4X2"
2022-12,22DA000000344447,16,8704.60.00.000Z,(sin modelo),BEV,leve,leve,1,electric: 8704.60,"1.-UNIDAD CAMIONETA ELECTRICA DOBLE CABINA, 4X2"
2022-12,22DA000000344447,17,8704.60.00.000Z,(sin modelo),BEV,leve,leve,1,electric: 8704.60,"1.-UNIDAD CAMIONETA ELECTRICA DOBLE CABINA, 4X2"
2022-12,22DA000000344447,18,8704.60.00.000Z,(sin modelo),BEV,leve,leve,1,electric: 8704.60,"1.-UNIDAD CAMIONETA ELECTRICA DOBLE CABINA, 4X2"
2022-12,22DA000000344447,19,8704.60.00.000Z,(sin modelo),BEV,leve,leve,1,electric: 8704.60,"1.-UNIDAD CAMIONETA ELECTRICA DOBLE CABINA, 4X2"
2022-12,22DA000000344447,2,8704.60.00.000Z,(sin modelo),BEV,leve,leve,1,electric: 8704.60,"1.-UNIDAD CAMIONETA ELECTRICA DOBLE CABINA, 4X2"
2022-12,22DA000000344447,20,8704.60.00.000Z,(sin modelo),BEV,leve,leve,1,electric: 8704.60,"1.-UNIDAD CAMIONETA ELECTRICA DOBLE CABINA, 4X2"
2022-12,22DA000000344447,3,8704.60.00.000Z,(sin modelo),BEV,leve,leve,1,electric: 8704.60,"1.-UNIDAD CAMIONETA ELECTRICA DOBLE CABINA, 4X2"
2022-12,22DA000000344447,4,8704.60.00.000Z,(sin modelo),BEV,leve,leve,1,electric: 8704.60,"1.-UNIDAD CAMIONETA ELECTRICA DOBLE CABINA, 4X2"
2022-12,22DA000000344447,5,8704.60.00.000Z,(sin modelo),BEV,leve,leve,1,electric: 8704.60,"1.-UNIDAD CAMIONETA ELECTRICA DOBLE CABINA, 4X2"
2022-12,22DA000000344447,6,8704.60.00.000Z,(sin modelo),BEV,leve,leve,1,electric: 8704.60,"1.-UNIDAD CAMIONETA ELECTRICA DOBLE CABINA, 4X2"
2022-12,22DA000000344447,7,8704.60.00.000Z,(sin modelo),BEV,leve,leve,1,electric: 8704.60,"1.-UNIDAD CAMIONETA ELECTRICA DOBLE CABINA, 4X2"
2022-12,22DA000000344447,8,8704.60.00.000Z,(sin modelo),BEV,leve,leve,1,electric: 8704.60,"1.-UNIDAD CAMIONETA ELECTRICA DOBLE CABINA, 4X2"
2022-12,22DA000000344447,9,8704.60.00.000Z,(sin modelo),BEV,leve,leve,1,electric: 8704.60,"1.-UNIDAD CAMIONETA ELECTRICA DOBLE CABINA, 4X2"
2023-01,23DA000000031108,1,8704.60.00.000Z,(sin modelo),BEV,pesado,pesado,1,electric: 8704.60,"1.-UNIDAD CAMION MARCA: FOTON, ELECTRICO CON SUS ACCESORIOS"
2023-01,23DA000000031108,2,8704.60.00.000Z,(sin modelo),BEV,pesado,pesado,1,electric: 8704.60,"1.-UNIDAD CAMION MARCA: FOTON, ELECTRICO CON SUS ACCESORIOS"
2023-02,23DA000000120550,1,8704.60.00.000Z,(sin modelo),BEV,leve,leve,1,electric: 8704.60,"1.-UNIDAD CAMIONETA ELECTRICA DOBLE CABINA, 4X2"
2023-02,23DA000000120550,10,8704.60.00.000Z,(sin modelo),BEV,leve,leve,1,electric: 8704.60,"1.-UNIDAD CAMIONETA ELECTRICA DOBLE CABINA, 4X2"
2023-02,23DA000000120550,11,8704.60.00.000Z,(sin modelo),BEV,leve,leve,1,electric: 8704.60,"1.-UNIDAD CAMIONETA ELECTRICA DOBLE CABINA, 4X2"
2023-02,23DA000000120550,12,8704.60.00.000Z,(sin modelo),BEV,leve,leve,1,electric: 8704.60,"1.-UNIDAD CAMIONETA ELECTRICA DOBLE CABINA, 4X2"
2023-02,23DA000000120550,13,8704.60.00.000Z,(sin modelo),BEV,leve,leve,1,electric: 8704.60,"1.-UNIDAD CAMIONETA ELECTRICA DOBLE CABINA, 4X2"
2023-02,23DA000000120550,14,8704.60.00.000Z,(sin modelo),BEV,leve,leve,1,electric: 8704.60,"1.-UNIDAD CAMIONETA ELECTRICA DOBLE CABINA, 4X2"
2023-02,23DA000000120550,15,8704.60.00.000Z,(sin modelo),BEV,leve,leve,1,electric: 8704.60,"1.-UNIDAD CAMIONETA ELECTRICA DOBLE CABINA, 4X2"
2023-02,23DA000000120550,2,8704.60.00.000Z,(sin modelo),BEV,leve,leve,1,electric: 8704.60,"1.-UNIDAD CAMIONETA ELECTRICA DOBLE CABINA, 4X2"
2023-02,23DA000000120550,3,8704.60.00.000Z,(sin modelo),BEV,leve,leve,1,electric: 8704.60,"1.-UNIDAD CAMIONETA ELECTRICA DOBLE CABINA, 4X2"
2023-02,23DA000000120550,4,8704.60.00.000Z,(sin modelo),BEV,leve,leve,1,electric: 8704.60,"1.-UNIDAD CAMIONETA ELECTRICA DOBLE CABINA, 4X2"
2023-02,23DA000000120550,5,8704.60.00.000Z,(sin modelo),BEV,leve,leve,1,electric: 8704.60,"1.-UNIDAD CAMIONETA ELECTRICA DOBLE CABINA, 4X2"
2023-02,23DA000000120550,6,8704.60.00.000Z,(sin modelo),BEV,leve,leve,1,electric: 8704.60,"1.-UNIDAD CAMIONETA ELECTRICA DOBLE CABINA, 4X2"
2023-02,23DA000000120550,7,8704.60.00.000Z,(sin modelo),BEV,leve,leve,1,electric: 8704.60,"1.-UNIDAD CAMIONETA ELECTRICA DOBLE CABINA, 4X2"
2023-02,23DA000000120550,8,8704.60.00.000Z,(sin modelo),BEV,leve,leve,1,electric: 8704.60,"1.-UNIDAD CAMIONETA ELECTRICA DOBLE CABINA, 4X2"
2023-02,23DA000000120550,9,8704.60.00.000Z,(sin modelo),BEV,leve,leve,1,electric: 8704.60,"1.-UNIDAD CAMIONETA ELECTRICA DOBLE CABINA, 4X2"
2023-07,23DA000000326833,1,8704.60.00.000Z,(sin modelo),BEV,leve,leve,1,electric: 8704.60,1.-UNIDAD CAMIONETA ELECTRICA DOBLE CABINA 4X2
2023-07,23DA000000326833,2,8704.60.00.000Z,(sin modelo),BEV,leve,leve,1,electric: 8704.60,1.-UNIDAD CAMIONETA ELECTRICA DOBLE CABINA 4X2
2023-09,23DA000000751990,1,8704.60.00.000Z,(sin modelo),BEV,leve,leve,1,electric: 8704.60,"01 - UNIDAD DE MINI VAN ELECTRICA FOTON, CON SUS CORRESPONDIENTES ACCESORIOS Y CARGADORES.-"
2023-09,23DA000000751990,2,8704.60.00.000Z,(sin modelo),BEV,leve,leve,1,electric: 8704.60,"01 - UNIDAD DE MINI VAN ELECTRICA FOTON, CON SUS CORRESPONDIENTES ACCESORIOS Y CARGADORES.-"
2024-04,24DA000000162417,1,8704.60.00.000Z,(sin modelo),BEV,leve,leve,1,electric: 8704.60,1.-UNIDAD CAMIONETA ELECTRICA DOBLE CABINA 4X2
2024-04,24DA000000162417,10,8704.60.00.000Z,(sin modelo),BEV,leve,leve,1,electric: 8704.60,1.-UNIDAD CAMIONETA ELECTRICA DOBLE CABINA 4X2
2024-04,24DA000000162417,11,8704.60.00.000Z,(sin modelo),BEV,leve,leve,1,electric: 8704.60,1.-UNIDAD CAMIONETA ELECTRICA DOBLE CABINA 4X2
2024-04,24DA000000162417,12,8704.60.00.000Z,(sin modelo),BEV,leve,leve,1,electric: 8704.60,1.-UNIDAD CAMIONETA ELECTRICA DOBLE CABINA 4X2
2024-04,24DA000000162417,13,8704.60.00.000Z,(sin modelo),BEV,leve,leve,1,electric: 8704.60,1.-UNIDAD CAMIONETA ELECTRICA DOBLE CABINA 4X2
2024-04,24DA000000162417,14,8704.60.00.000Z,(sin modelo),BEV,leve,leve,1,electric: 8704.60,1.-UNIDAD CAMIONETA ELECTRICA DOBLE CABINA 4X2
2024-04,24DA000000162417,15,8704.60.00.000Z,(sin modelo),BEV,leve,leve,1,electric: 8704.60,1.-UNIDAD CAMIONETA ELECTRICA DOBLE CABINA 4X2
2024-04,24DA000000162417,2,8704.60.00.000Z,(sin modelo),BEV,leve,leve,1,electric: 8704.60,1.-UNIDAD CAMIONETA ELECTRICA DOBLE CABINA 4X2
2024-04,24DA000000162417,3,8704.60.00.000Z,(sin modelo),BEV,leve,leve,1,electric: 8704.60,1.-UNIDAD CAMIONETA ELECTRICA DOBLE CABINA 4X2
2024-04,24DA000000162417,4,8704.60.00.000Z,(sin modelo),BEV,leve,leve,1,electric: 8704.60,1.-UNIDAD CAMIONETA ELECTRICA DOBLE CABINA 4X2
2024-04,24DA000000162417,5,8704.60.00.000Z,(sin modelo),BEV,leve,leve,1,electric: 8704.60,1.-UNIDAD CAMIONETA ELECTRICA DOBLE CABINA 4X2
2024-04,24DA000000162417,6,8704.60.00.000Z,(sin modelo),BEV,leve,leve,1,electric: 8704.60,1.-UNIDAD CAMIONETA ELECTRICA DOBLE CABINA 4X2
2024-04,24DA000000162417,7,8704.60.00.000Z,(sin modelo),BEV,leve,leve,1,electric: 8704.60,1.-UNIDAD CAMIONETA ELECTRICA DOBLE CABINA 4X2
2024-04,24DA000000162417,8,8704.60.00.000Z,(sin modelo),BEV,leve,leve,1,electric: 8704.60,1.-UNIDAD CAMIONETA ELECTRICA DOBLE CABINA 4X2
2024-04,24DA000000162417,9,8704.60.00.000Z,(sin modelo),BEV,leve,leve,1,electric: 8704.60,1.-UNIDAD CAMIONETA ELECTRICA DOBLE CABINA 4X2
2024-04,24DA000000163052,1,8704.60.00.000Z,(sin modelo),BEV,leve,leve,1,electric: 8704.60,1.-UNIDAD CAMIONETA ELECTRICA DOBLE CABINA 4X2
2024-04,24DA000000163052,10,8704.60.00.000Z,(sin modelo),BEV,leve,leve,1,electric: 8704.60,1.-UNIDAD CAMIONETA ELECTRICA DOBLE CABINA 4X2
2024-04,24DA000000163052,11,8704.60.00.000Z,(sin modelo),BEV,leve,leve,1,electric: 8704.60,1.-UNIDAD CAMIONETA ELECTRICA DOBLE CABINA 4X2
2024-04,24DA000000163052,12,8704.60.00.000Z,(sin modelo),BEV,leve,leve,1,electric: 8704.60,1.-UNIDAD CAMIONETA ELECTRICA DOBLE CABINA 4X2
2024-04,24DA000000163052,13,8704.60.00.000Z,(sin modelo),BEV,leve,leve,1,electric: 8704.60,1.-UNIDAD CAMIONETA ELECTRICA DOBLE CABINA 4X2
2024-04,24DA000000163052,2,8704.60.00.000Z,(sin modelo),BEV,leve,leve,1,electric: 8704.60,1.-UNIDAD CAMIONETA ELECTRICA DOBLE CABINA 4X2
2024-04,24DA000000163052,3,8704.60.00.000Z,(sin modelo),BEV,leve,leve,1,electric: 8704.60,1.-UNIDAD CAMIONETA ELECTRICA DOBLE CABINA 4X2
2024-04,24DA000000163052,4,8704.60.00.000Z,(sin modelo),BEV,leve,leve,1,electric: 8704.60,1.-UNIDAD CAMIONETA ELECTRICA DOBLE CABINA 4X2
2024-04,24DA000000163052,5,8704.60.00.000Z,(sin modelo),BEV,leve,leve,1,electric: 8704.60,1.-UNIDAD CAMIONETA ELECTRICA DOBLE CABINA 4X2
2024-04,24DA000000163052,6,8704.60.00.000Z,(sin modelo),BEV,leve,leve,1,electric: 8704.60,1.-UNIDAD CAMIONETA ELECTRICA DOBLE CABINA 4X2
2024-04,24DA000000163052,7,8704.60.00.000Z,(sin modelo),BEV,leve,leve,1,electric: 8704.60,1.-UNIDAD CAMIONETA ELECTRICA DOBLE CABINA 4X2
2024-04,24DA000000163052,8,8704.60.00.000Z,(sin modelo),BEV,leve,leve,1,electric: 8704.60,1.-UNIDAD CAMIONETA ELECTRICA DOBLE CABINA 4X2
2024-04,24DA000000163052,9,8704.60.00.000Z,(sin modelo),BEV,leve,leve,1,electric: 8704.60,1.-UNIDAD CAMIONETA ELECTRICA DOBLE CABINA 4X2
2025-01,25DA000000002429,1,8704.60.00.000Z,BJ1108EVJA2,BEV,leve,pesado,1,absurd text: MOTOR DIESEL on 8704.60 (powertrain not changed; for Max),"VEHICULO MARCA FOTON, MODELO BJ1108EVJA2, TIPO CHASIS CON MOTOR Y CABINA, CON MOTOR DIESEL, CON SUS ACCESORIOS CORRESPONDIENTES"
