period,despacho,item,marca,modelo,segmento_before,segmento_after,powertrain_before_2026_10_07,powertrain_after,uso,qty_aduana,units_counted,not_a_pickup_hint,segment_doubtful,mercaderia
2022-09,22DA000000318135,1,VOLKSWAGEN,E-DELIVERY 14 TON,leve,pesado,BEV,BEV,NUEVO,1.0,1.0,1,0,"1.-UNIDAD DE CAMION ELECTRICO, MARCA VOLKSWAGEN, MODELO E-DELIVERY 14 TON, A¿O FABRICACION 2022, A¿O MODELO 2023, CON SUS ACCESORIOS CORRESPONDIENTES. -"
2022-12,22DA000000344447,14,FOTON,(sin modelo),leve,leve,ICE,BEV,NUEVO,1.0,1.0,0,0,"1.-UNIDAD CAMIONETA ELECTRICA DOBLE CABINA, 4X2"
2022-12,22DA000000344447,15,FOTON,(sin modelo),leve,leve,ICE,BEV,NUEVO,1.0,1.0,0,0,"1.-UNIDAD CAMIONETA ELECTRICA DOBLE CABINA, 4X2"
2022-12,22DA000000344447,8,FOTON,(sin modelo),leve,leve,ICE,BEV,NUEVO,1.0,1.0,0,0,"1.-UNIDAD CAMIONETA ELECTRICA DOBLE CABINA, 4X2"
2022-12,22DA000000344447,10,FOTON,(sin modelo),leve,leve,ICE,BEV,NUEVO,1.0,1.0,0,0,"1.-UNIDAD CAMIONETA ELECTRICA DOBLE CABINA, 4X2"
2022-12,22DA000000344447,16,FOTON,(sin modelo),leve,leve,ICE,BEV,NUEVO,1.0,1.0,0,0,"1.-UNIDAD CAMIONETA ELECTRICA DOBLE CABINA, 4X2"
2022-12,22DA000000344447,18,FOTON,(sin modelo),leve,leve,ICE,BEV,NUEVO,1.0,1.0,0,0,"1.-UNIDAD CAMIONETA ELECTRICA DOBLE CABINA, 4X2"
2022-12,22DA000000344447,9,FOTON,(sin modelo),leve,leve,ICE,BEV,NUEVO,1.0,1.0,0,0,"1.-UNIDAD CAMIONETA ELECTRICA DOBLE CABINA, 4X2"
2022-12,22DA000000344447,17,FOTON,(sin modelo),leve,leve,ICE,BEV,NUEVO,1.0,1.0,0,0,"1.-UNIDAD CAMIONETA ELECTRICA DOBLE CABINA, 4X2"
2022-12,22DA000000344447,19,FOTON,(sin modelo),leve,leve,ICE,BEV,NUEVO,1.0,1.0,0,0,"1.-UNIDAD CAMIONETA ELECTRICA DOBLE CABINA, 4X2"
2022-12,22DA000000344447,11,FOTON,(sin modelo),leve,leve,ICE,BEV,NUEVO,1.0,1.0,0,0,"1.-UNIDAD CAMIONETA ELECTRICA DOBLE CABINA, 4X2"
2022-12,22DA000000344447,13,FOTON,(sin modelo),leve,leve,ICE,BEV,NUEVO,1.0,1.0,0,0,"1.-UNIDAD CAMIONETA ELECTRICA DOBLE CABINA, 4X2"
2022-12,22DA000000344447,2,FOTON,(sin modelo),leve,leve,ICE,BEV,NUEVO,1.0,1.0,0,0,"1.-UNIDAD CAMIONETA ELECTRICA DOBLE CABINA, 4X2"
2022-12,22DA000000344447,7,FOTON,(sin modelo),leve,leve,ICE,BEV,NUEVO,1.0,1.0,0,0,"1.-UNIDAD CAMIONETA ELECTRICA DOBLE CABINA, 4X2"
2022-12,22DA000000344447,20,FOTON,(sin modelo),leve,leve,ICE,BEV,NUEVO,1.0,1.0,0,0,"1.-UNIDAD CAMIONETA ELECTRICA DOBLE CABINA, 4X2"
2022-12,22DA000000344447,4,FOTON,(sin modelo),leve,leve,ICE,BEV,NUEVO,1.0,1.0,0,0,"1.-UNIDAD CAMIONETA ELECTRICA DOBLE CABINA, 4X2"
2022-12,22DA000000344447,5,FOTON,(sin modelo),leve,leve,ICE,BEV,NUEVO,1.0,1.0,0,0,"1.-UNIDAD CAMIONETA ELECTRICA DOBLE CABINA, 4X2"
2022-12,22DA000000344447,6,FOTON,(sin modelo),leve,leve,ICE,BEV,NUEVO,1.0,1.0,0,0,"1.-UNIDAD CAMIONETA ELECTRICA DOBLE CABINA, 4X2"
2022-12,22DA000000344447,1,FOTON,(sin modelo),leve,leve,ICE,BEV,NUEVO,1.0,1.0,0,0,"1.-UNIDAD CAMIONETA ELECTRICA DOBLE CABINA, 4X2"
2022-12,22DA000000344447,3,FOTON,(sin modelo),leve,leve,ICE,BEV,NUEVO,1.0,1.0,0,0,"1.-UNIDAD CAMIONETA ELECTRICA DOBLE CABINA, 4X2"
2022-12,22DA000000344447,12,FOTON,(sin modelo),leve,leve,ICE,BEV,NUEVO,1.0,1.0,0,0,"1.-UNIDAD CAMIONETA ELECTRICA DOBLE CABINA, 4X2"
2022-12,22DA000000351079,1,JAC,HFC1063EV1-X5017,leve,pesado,ICE,BEV,NUEVO,1.0,1.0,1,0,"LOS DEMAS VEHICULOS PROPULSADOS UNICAMENTE CON MOTOR ELECTRICOS EN: 1 UNIDAD CAMION FURGON REFRIGERADO MARCA: JAC MODELO HFC1063EV1-X5017, A¿O DE FABRICACION 2022 MODELO A¿O 2023 CON CARGADOR Y ACCES"
2022-12,22DA000000351079,2,JAC,HFC1063EV1-X5017,leve,pesado,ICE,BEV,NUEVO,1.0,1.0,1,0,"LOS DEMAS VEHICULOS PROPULSADOS UNICAMENTE CON MOTOR ELECTRICOS EN: 1 UNIDAD CAMION FURGON REFRIGERADO MARCA: JAC MODELO HFC1063EV1-X5017, A¿O DE FABRICACION 2022 MODELO A¿O 2023 CON CARGADOR Y ACCES"
2022-12,22DA000000351079,3,JAC,HFC1063EV1-X5017,leve,pesado,ICE,BEV,NUEVO,1.0,1.0,1,0,"LOS DEMAS VEHICULOS PROPULSADOS UNICAMENTE CON MOTOR ELECTRICOS EN: 1 UNIDAD CAMION FURGON REFRIGERADO MARCA: JAC MODELO HFC1063EV1-X5017, A¿O DE FABRICACION 2022 MODELO A¿O 2023 CON CARGADOR Y ACCES"
2022-12,22DA000000375182,2,PICKMAN,YNKY1137D5,leve,leve,BEV,BEV,NUEVO,1.0,1.0,0,0,"VEHICULO PARA EL TRANSPORTE DE MERCANCIAS,EN: CAMIONETA CABINA SIMPLE CON MOTOR ELECTRICO MARCA PICKMAN MODELO YNKY1137D5, A¿O FABRIC.2022, A¿O MODELO 2022, CON SUS ACCESORIOS."
2022-12,22DA000000375182,1,PICKMAN,KK1121D10,leve,leve,BEV,BEV,NUEVO,1.0,1.0,0,0,"VEHICULO PARA EL TRANSPORTE DE MERCANCIAS,EN: CAMIONETA CABINA SIMPLE CON MOTOR ELECTRICO MARCA PICKMAN MODELO KK1121D10 ,A¿O FABRIC.2022, A¿O MODELO 2022, CON SUS ACCESORIOS."
2022-12,22DA000000375182,3,PICKMAN,2022,leve,leve,BEV,BEV,NUEVO,1.0,1.0,0,0,"VEHICULO PARA EL TRANSPORTE DE MERCANCIAS,EN: CAMIONETA DOBLE CABINA CON MOTOR ELECTRICO MARCA PICKMAN MODELO KY10231 A¿O FABRIC.2022, A¿O MODELO 2022 CON SUS ACCESORIOS."
2022-12,22DA000000375182,4,PICKMAN,KY10230,leve,leve,BEV,BEV,NUEVO,1.0,1.0,0,0,"VEHICULO PARA EL TRANSPORTE DE MERCANCIAS,EN: CAMIONETA CABINA SIMPLE CON MOTOR ELECTRICO MARCA PICKMAN MODELO KY10230, A¿O FABRIC.2022, A¿O MODELO 2022, CON SUS ACCESORIOS."
2023-01,23DA000000029919,7,RENAULT,KANGOO MAXI ZE,leve,leve,ICE,BEV,NUEVO,1.0,1.0,0,0,1)UNA UNIDAD FURGON OKM;MARCA RENAULT;MODELO KANGOO MAXI ZE
2023-01,23DA000000029919,8,RENAULT,KANGOO MAXI ZE,leve,leve,ICE,BEV,NUEVO,1.0,1.0,0,0,1)UNA UNIDAD FURGON OKM;MARCA RENAULT;MODELO KANGOO MAXI ZE
2023-01,23DA000000029919,11,RENAULT,KANGOO MAXI ZE,leve,leve,ICE,BEV,NUEVO,1.0,1.0,0,0,1)UNA UNIDAD FURGON OKM;MARCA RENAULT;MODELO KANGOO MAXI ZE
2023-01,23DA000000029919,1,RENAULT,KANGOO MAXI ZE,leve,leve,ICE,BEV,NUEVO,1.0,1.0,0,0,1)UNA UNIDAD FURGON OKM;MARCA RENAULT;MODELO KANGOO MAXI ZE
2023-01,23DA000000029919,14,RENAULT,KANGOO MAXI ZE,leve,leve,ICE,BEV,NUEVO,1.0,1.0,0,0,1)UNA UNIDAD FURGON OKM;MARCA RENAULT;MODELO KANGOO MAXI ZE
2023-01,23DA000000029919,5,RENAULT,KANGOO MAXI ZE,leve,leve,ICE,BEV,NUEVO,1.0,1.0,0,0,1)UNA UNIDAD FURGON OKM;MARCA RENAULT;MODELO KANGOO MAXI ZE
2023-01,23DA000000029919,6,RENAULT,KANGOO MAXI ZE,leve,leve,ICE,BEV,NUEVO,1.0,1.0,0,0,1)UNA UNIDAD FURGON OKM;MARCA RENAULT;MODELO KANGOO MAXI ZE
2023-01,23DA000000029919,3,RENAULT,KANGOO MAXI ZE,leve,leve,ICE,BEV,NUEVO,1.0,1.0,0,0,1)UNA UNIDAD FURGON OKM;MARCA RENAULT;MODELO KANGOO MAXI ZE
2023-01,23DA000000029919,9,RENAULT,KANGOO MAXI ZE,leve,leve,ICE,BEV,NUEVO,1.0,1.0,0,0,1)UNA UNIDAD FURGON OKM;MARCA RENAULT;MODELO KANGOO MAXI ZE
2023-01,23DA000000029919,10,RENAULT,KANGOO MAXI ZE,leve,leve,ICE,BEV,NUEVO,1.0,1.0,0,0,1)UNA UNIDAD FURGON OKM;MARCA RENAULT;MODELO KANGOO MAXI ZE
2023-01,23DA000000029919,12,RENAULT,KANGOO MAXI ZE,leve,leve,ICE,BEV,NUEVO,1.0,1.0,0,0,1)UNA UNIDAD FURGON OKM;MARCA RENAULT;MODELO KANGOO MAXI ZE
2023-01,23DA000000029919,13,RENAULT,KANGOO MAXI ZE,leve,leve,ICE,BEV,NUEVO,1.0,1.0,0,0,1)UNA UNIDAD FURGON OKM;MARCA RENAULT;MODELO KANGOO MAXI ZE
2023-01,23DA000000029919,2,RENAULT,KANGOO MAXI ZE,leve,leve,ICE,BEV,NUEVO,1.0,1.0,0,0,1)UNA UNIDAD FURGON OKM;MARCA RENAULT;MODELO KANGOO MAXI ZE
2023-01,23DA000000029919,4,RENAULT,KANGOO MAXI ZE,leve,leve,ICE,BEV,NUEVO,1.0,1.0,0,0,1)UNA UNIDAD FURGON OKM;MARCA RENAULT;MODELO KANGOO MAXI ZE
2023-01,23DA000000031108,2,FOTON,(sin modelo),leve,pesado,BEV,BEV,NUEVO,1.0,1.0,1,0,"1.-UNIDAD CAMION MARCA: FOTON, ELECTRICO CON SUS ACCESORIOS"
2023-01,23DA000000031108,1,FOTON,(sin modelo),leve,pesado,BEV,BEV,NUEVO,1.0,1.0,1,0,"1.-UNIDAD CAMION MARCA: FOTON, ELECTRICO CON SUS ACCESORIOS"
2023-02,23DA000000120550,7,FOTON,(sin modelo),leve,leve,ICE,BEV,NUEVO,1.0,1.0,0,0,"1.-UNIDAD CAMIONETA ELECTRICA DOBLE CABINA, 4X2"
2023-02,23DA000000120550,14,FOTON,(sin modelo),leve,leve,ICE,BEV,NUEVO,1.0,1.0,0,0,"1.-UNIDAD CAMIONETA ELECTRICA DOBLE CABINA, 4X2"
2023-02,23DA000000120550,1,FOTON,(sin modelo),leve,leve,ICE,BEV,NUEVO,1.0,1.0,0,0,"1.-UNIDAD CAMIONETA ELECTRICA DOBLE CABINA, 4X2"
2023-02,23DA000000120550,8,FOTON,(sin modelo),leve,leve,ICE,BEV,NUEVO,1.0,1.0,0,0,"1.-UNIDAD CAMIONETA ELECTRICA DOBLE CABINA, 4X2"
2023-02,23DA000000120550,10,FOTON,(sin modelo),leve,leve,ICE,BEV,NUEVO,1.0,1.0,0,0,"1.-UNIDAD CAMIONETA ELECTRICA DOBLE CABINA, 4X2"
2023-02,23DA000000120550,3,FOTON,(sin modelo),leve,leve,ICE,BEV,NUEVO,1.0,1.0,0,0,"1.-UNIDAD CAMIONETA ELECTRICA DOBLE CABINA, 4X2"
2023-02,23DA000000120550,5,FOTON,(sin modelo),leve,leve,ICE,BEV,NUEVO,1.0,1.0,0,0,"1.-UNIDAD CAMIONETA ELECTRICA DOBLE CABINA, 4X2"
2023-02,23DA000000120550,15,FOTON,(sin modelo),leve,leve,ICE,BEV,NUEVO,1.0,1.0,0,0,"1.-UNIDAD CAMIONETA ELECTRICA DOBLE CABINA, 4X2"
2023-02,23DA000000120550,6,FOTON,(sin modelo),leve,leve,ICE,BEV,NUEVO,1.0,1.0,0,0,"1.-UNIDAD CAMIONETA ELECTRICA DOBLE CABINA, 4X2"
2023-02,23DA000000120550,9,FOTON,(sin modelo),leve,leve,ICE,BEV,NUEVO,1.0,1.0,0,0,"1.-UNIDAD CAMIONETA ELECTRICA DOBLE CABINA, 4X2"
2023-02,23DA000000120550,2,FOTON,(sin modelo),leve,leve,ICE,BEV,NUEVO,1.0,1.0,0,0,"1.-UNIDAD CAMIONETA ELECTRICA DOBLE CABINA, 4X2"
2023-02,23DA000000120550,4,FOTON,(sin modelo),leve,leve,ICE,BEV,NUEVO,1.0,1.0,0,0,"1.-UNIDAD CAMIONETA ELECTRICA DOBLE CABINA, 4X2"
2023-02,23DA000000120550,12,FOTON,(sin modelo),leve,leve,ICE,BEV,NUEVO,1.0,1.0,0,0,"1.-UNIDAD CAMIONETA ELECTRICA DOBLE CABINA, 4X2"
2023-02,23DA000000120550,13,FOTON,(sin modelo),leve,leve,ICE,BEV,NUEVO,1.0,1.0,0,0,"1.-UNIDAD CAMIONETA ELECTRICA DOBLE CABINA, 4X2"
2023-02,23DA000000120550,11,FOTON,(sin modelo),leve,leve,ICE,BEV,NUEVO,1.0,1.0,0,0,"1.-UNIDAD CAMIONETA ELECTRICA DOBLE CABINA, 4X2"
2023-02,23DA000000131413,9,EXCAR,(sin modelo),leve,recreativo,BEV,BEV,NUEVO,1.0,1.0,1,0,CARRITO DE GOLF ELECTRICO A1S2-2FF BASIC
2023-02,23DA000000147578,9,EXCAR,(sin modelo),leve,recreativo,BEV,BEV,NUEVO,1.0,1.0,1,0,CARRITO DE GOLF ELECTRICO A1S2-2FF BASIC
2023-04,23DA000000036728,3,MAXUS,EV30 FURGON,leve,leve,ICE,BEV,NUEVO,1.0,1.0,0,0,"1) UNIDAD DE VEHICULO MARCA MAXUS MODELO: EV30 FURGON, CON CHASIS N: LSH14C4C6RA040136 Y MOTOR N: 910851P00044NA166176, A¿O FABRICAION:2022, MODELO  A¿O:2024.-"
2023-04,23DA000000036728,5,MAXUS,EV30 FURGON,leve,leve,ICE,BEV,NUEVO,1.0,1.0,0,0,"1) UNIDAD DE VEHICULO MARCA MAXUS MODELO: EV30 FURGON, CON CHASIS N: LSH14C4C8RA040140  Y MOTOR N: 910851P00044NB086134 , A¿O FABRICAION:2022, MODELO  A¿O:2024.-"
2023-04,23DA000000036728,6,MAXUS,EV90 FURGON,leve,leve,ICE,BEV,NUEVO,1.0,1.0,0,0,"1) UNIDAD DE VEHICULO MARCA MAXUS MODELO: EV90 FURGON, CON CHASIS N: LSH14J4C3RA040213  Y MOTOR N: 914600P00034NC290080 , A¿O FABRICAION:2023, MODELO  A¿O:2024.-"
2023-04,23DA000000036728,2,MAXUS,EV30 FURGON,leve,leve,ICE,BEV,NUEVO,1.0,1.0,0,0,"1) UNIDAD DE VEHICULO MARCA MAXUS MODELO: EV30 FURGON, CON CHASIS N: LSH14C4CXRA040138 Y MOTOR N: 910851P00044NB086159, A¿O FABRICAION:2022, MODELO  A¿O:2024.-"
2023-04,23DA000000036728,7,MAXUS,EV90 FURGON,leve,leve,ICE,BEV,NUEVO,1.0,1.0,0,0,"1) UNIDAD DE VEHICULO MARCA MAXUS MODELO: EV90 FURGON, CON CHASIS N: LSH14J4C1RA040212  Y MOTOR N: 914600P00034NC290027 , A¿O FABRICAION:2023, MODELO  A¿O:2024.-"
2023-04,23DA000000036728,4,MAXUS,EV30 FURGON,leve,leve,ICE,BEV,NUEVO,1.0,1.0,0,0,"1) UNIDAD DE VEHICULO MARCA MAXUS MODELO: EV30 FURGON, CON CHASIS N: LSH14C4C1RA040139 Y MOTOR N: 910851P00044NB086133, A¿O FABRICAION:2022, MODELO  A¿O:2024.-"
2023-04,23DA000000036728,1,MAXUS,EV30 FURGON,leve,leve,ICE,BEV,NUEVO,1.0,1.0,0,0,"1) UNIDAD DE VEHICULO MARCA MAXUS MODELO: EV30 FURGON, CON CHASIS N: LSH14C4C8RA040137 Y MOTOR N: 910851P00044NB086161, A¿O FABRICAION:2022, MODELO  A¿O:2024.-"
2023-04,23DA000000036728,9,MAXUS,T90 EV,leve,leve,BEV,BEV,NUEVO,1.0,1.0,0,0,"1) UNIDAD DE VEHICULO MARCA MAXUS MODELO: T90 EV 4X2, CON CHASIS N: LSFAM1202RA040172  Y MOTOR N: 917939P04016NC080232 , A¿O FABRICAION:2022, MODELO  A¿O:2024.-"
2023-04,23DA000000036728,8,MAXUS,T90 EV,leve,leve,BEV,BEV,NUEVO,1.0,1.0,0,0,"1) UNIDAD DE VEHICULO MARCA MAXUS MODELO: T90 EV 4X2, CON CHASIS N: LSFAM1200RA040171  Y MOTOR N: 917939P04016NC010126 , A¿O FABRICAION:2022, MODELO  A¿O:2024.-"
2023-05,23DA000000226913,2,JMC,CONQUER N801 EV,leve,pesado,BEV,BEV,NUEVO,1.0,1.0,1,0,"1)UNIDAD DE CAMION (CHASIS CON MOTOR ELECTRICO Y CABINA),MARCA JMC MODELO CONQUER N801 EV,A¿O 2023"
2023-05,23DA000000226913,1,JMC,CONQUER N801 EV,leve,pesado,BEV,BEV,NUEVO,1.0,1.0,1,0,"1)UNIDAD DE CAMION (CHASIS CON MOTOR ELECTRICO Y CABINA),MARCA JMC MODELO CONQUER N801 EV,A¿O 2023"
2023-07,23DA000000286709,8,QUANTUM,(sin modelo),leve,recreativo,BEV,BEV,NUEVO,1.0,1.0,1,0,01 UNA UNIDAD DE TRIMOTO ELECTRICO PARA CARGA MODELO DUKE A¿O DE FABRICACION 2020 COLOR GRIS CHASIS NRO 829UM2C33LN002029.-
2023-07,23DA000000286709,5,QUANTUM,(sin modelo),leve,recreativo,BEV,BEV,NUEVO,1.0,1.0,1,0,01 UNA UNIDAD DE TRIMOTO ELECTRICO PARA CARGA MODELO DUKE A¿O DE FABRICACION 2020 COLOR GRIS CHASIS NRO 829UM2C37LN002048.-
2023-07,23DA000000286709,6,QUANTUM,(sin modelo),leve,recreativo,BEV,BEV,NUEVO,1.0,1.0,1,0,01 UNA UNIDAD DE TRIMOTO ELECTRICO PARA CARGA MODELO DUKE A¿O DE FABRICACION 2020 COLOR GRIS CHASIS NRO 829UM2C34LN002055.-
2023-07,23DA000000286709,7,QUANTUM,(sin modelo),leve,recreativo,BEV,BEV,NUEVO,1.0,1.0,1,0,01 UNA UNIDAD DE TRIMOTO ELECTRICO PARA CARGA MODELO DUKE A¿O DE FABRICACION 2020 COLOR GRIS CHASIS NRO 829UM2C32LN002040.-
2023-07,23DA000000326833,2,FOTON,(sin modelo),leve,leve,ICE,BEV,NUEVO,1.0,1.0,0,0,1.-UNIDAD CAMIONETA ELECTRICA DOBLE CABINA 4X2
2023-07,23DA000000326833,1,FOTON,(sin modelo),leve,leve,ICE,BEV,NUEVO,1.0,1.0,0,0,1.-UNIDAD CAMIONETA ELECTRICA DOBLE CABINA 4X2
2023-09,23DA000000751990,1,FOTON,(sin modelo),leve,leve,ICE,BEV,NUEVO,1.0,1.0,0,0,"01 - UNIDAD DE MINI VAN ELECTRICA FOTON, CON SUS CORRESPONDIENTES ACCESORIOS Y CARGADORES.-"
2023-09,23DA000000751990,2,FOTON,(sin modelo),leve,leve,ICE,BEV,NUEVO,1.0,1.0,0,0,"01 - UNIDAD DE MINI VAN ELECTRICA FOTON, CON SUS CORRESPONDIENTES ACCESORIOS Y CARGADORES.-"
2024-04,24DA000000166162,1,RADAR,2025,leve,leve,ICE,BEV,NUEVO,1.0,1.0,0,0,UNA UNIDAD CAMIONETA MARCA RADAR MODELO RD6 ELECTRIC VEHICLE A¿O MODELO 2025-.
2024-04,24DA000000163052,6,FOTON,(sin modelo),leve,leve,ICE,BEV,NUEVO,1.0,1.0,0,0,1.-UNIDAD CAMIONETA ELECTRICA DOBLE CABINA 4X2
2024-04,24DA000000163052,8,FOTON,(sin modelo),leve,leve,ICE,BEV,NUEVO,1.0,1.0,0,0,1.-UNIDAD CAMIONETA ELECTRICA DOBLE CABINA 4X2
2024-04,24DA000000163052,11,FOTON,(sin modelo),leve,leve,ICE,BEV,NUEVO,1.0,1.0,0,0,1.-UNIDAD CAMIONETA ELECTRICA DOBLE CABINA 4X2
2024-04,24DA000000163052,2,FOTON,(sin modelo),leve,leve,ICE,BEV,NUEVO,1.0,1.0,0,0,1.-UNIDAD CAMIONETA ELECTRICA DOBLE CABINA 4X2
2024-04,24DA000000163052,7,FOTON,(sin modelo),leve,leve,ICE,BEV,NUEVO,1.0,1.0,0,0,1.-UNIDAD CAMIONETA ELECTRICA DOBLE CABINA 4X2
2024-04,24DA000000163052,10,FOTON,(sin modelo),leve,leve,ICE,BEV,NUEVO,1.0,1.0,0,0,1.-UNIDAD CAMIONETA ELECTRICA DOBLE CABINA 4X2
2024-04,24DA000000163052,4,FOTON,(sin modelo),leve,leve,ICE,BEV,NUEVO,1.0,1.0,0,0,1.-UNIDAD CAMIONETA ELECTRICA DOBLE CABINA 4X2
2024-04,24DA000000163052,9,FOTON,(sin modelo),leve,leve,ICE,BEV,NUEVO,1.0,1.0,0,0,1.-UNIDAD CAMIONETA ELECTRICA DOBLE CABINA 4X2
2024-04,24DA000000163052,13,FOTON,(sin modelo),leve,leve,ICE,BEV,NUEVO,1.0,1.0,0,0,1.-UNIDAD CAMIONETA ELECTRICA DOBLE CABINA 4X2
2024-04,24DA000000163052,3,FOTON,(sin modelo),leve,leve,ICE,BEV,NUEVO,1.0,1.0,0,0,1.-UNIDAD CAMIONETA ELECTRICA DOBLE CABINA 4X2
2024-04,24DA000000163052,12,FOTON,(sin modelo),leve,leve,ICE,BEV,NUEVO,1.0,1.0,0,0,1.-UNIDAD CAMIONETA ELECTRICA DOBLE CABINA 4X2
2024-04,24DA000000163052,1,FOTON,(sin modelo),leve,leve,ICE,BEV,NUEVO,1.0,1.0,0,0,1.-UNIDAD CAMIONETA ELECTRICA DOBLE CABINA 4X2
2024-04,24DA000000163052,5,FOTON,(sin modelo),leve,leve,ICE,BEV,NUEVO,1.0,1.0,0,0,1.-UNIDAD CAMIONETA ELECTRICA DOBLE CABINA 4X2
2024-04,24DA000000162417,2,FOTON,(sin modelo),leve,leve,ICE,BEV,NUEVO,1.0,1.0,0,0,1.-UNIDAD CAMIONETA ELECTRICA DOBLE CABINA 4X2
2024-04,24DA000000162417,6,FOTON,(sin modelo),leve,leve,ICE,BEV,NUEVO,1.0,1.0,0,0,1.-UNIDAD CAMIONETA ELECTRICA DOBLE CABINA 4X2
2024-04,24DA000000162417,8,FOTON,(sin modelo),leve,leve,ICE,BEV,NUEVO,1.0,1.0,0,0,1.-UNIDAD CAMIONETA ELECTRICA DOBLE CABINA 4X2
2024-04,24DA000000162417,5,FOTON,(sin modelo),leve,leve,ICE,BEV,NUEVO,1.0,1.0,0,0,1.-UNIDAD CAMIONETA ELECTRICA DOBLE CABINA 4X2
2024-04,24DA000000162417,10,FOTON,(sin modelo),leve,leve,ICE,BEV,NUEVO,1.0,1.0,0,0,1.-UNIDAD CAMIONETA ELECTRICA DOBLE CABINA 4X2
2024-04,24DA000000162417,7,FOTON,(sin modelo),leve,leve,ICE,BEV,NUEVO,1.0,1.0,0,0,1.-UNIDAD CAMIONETA ELECTRICA DOBLE CABINA 4X2
2024-04,24DA000000162417,3,FOTON,(sin modelo),leve,leve,ICE,BEV,NUEVO,1.0,1.0,0,0,1.-UNIDAD CAMIONETA ELECTRICA DOBLE CABINA 4X2
2024-04,24DA000000162417,9,FOTON,(sin modelo),leve,leve,ICE,BEV,NUEVO,1.0,1.0,0,0,1.-UNIDAD CAMIONETA ELECTRICA DOBLE CABINA 4X2
2024-04,24DA000000162417,15,FOTON,(sin modelo),leve,leve,ICE,BEV,NUEVO,1.0,1.0,0,0,1.-UNIDAD CAMIONETA ELECTRICA DOBLE CABINA 4X2
2024-04,24DA000000162417,14,FOTON,(sin modelo),leve,leve,ICE,BEV,NUEVO,1.0,1.0,0,0,1.-UNIDAD CAMIONETA ELECTRICA DOBLE CABINA 4X2
2024-04,24DA000000162417,11,FOTON,(sin modelo),leve,leve,ICE,BEV,NUEVO,1.0,1.0,0,0,1.-UNIDAD CAMIONETA ELECTRICA DOBLE CABINA 4X2
2024-04,24DA000000162417,13,FOTON,(sin modelo),leve,leve,ICE,BEV,NUEVO,1.0,1.0,0,0,1.-UNIDAD CAMIONETA ELECTRICA DOBLE CABINA 4X2
2024-04,24DA000000162417,1,FOTON,(sin modelo),leve,leve,ICE,BEV,NUEVO,1.0,1.0,0,0,1.-UNIDAD CAMIONETA ELECTRICA DOBLE CABINA 4X2
2024-04,24DA000000162417,4,FOTON,(sin modelo),leve,leve,ICE,BEV,NUEVO,1.0,1.0,0,0,1.-UNIDAD CAMIONETA ELECTRICA DOBLE CABINA 4X2
2024-04,24DA000000162417,12,FOTON,(sin modelo),leve,leve,ICE,BEV,NUEVO,1.0,1.0,0,0,1.-UNIDAD CAMIONETA ELECTRICA DOBLE CABINA 4X2
2024-05,24DA000000192292,2,KAIYUN,PICKMAN,leve,leve,BEV,BEV,NUEVO,1.0,1.0,0,0,01 UNIDAD NUEVA PICKUP ELECTRICO MARCA KAIYUN MODELO PICKMAN ANO 2023
2024-05,24DA000000197708,1,SHANDONG,J2-P,leve,leve,ICE,BEV,NUEVO,1.0,1.0,0,0,"VEHICULO PARA TRANSPORTE DE MERCANCIAS, MARCA: SHANDONG, MODELO: J2-P, A¿O: 2024"
2024-06,24DA000000230403,2,JIANGSU,(sin modelo),leve,leve,ICE,BEV,NUEVO,1.0,1.0,0,0,1 UNIDAD CAMIONETA MARCA JIANGSU MODELO RWD A¿O 2023
2024-07,24DA000000279246,2,KAIYUN,(sin modelo),leve,leve,ICE,BEV,NUEVO,1.0,1.0,0,0,"LOS DEM?S, ?NICAMENTE PROPULSADOS CON MOTOR EL?CTRICO.EN: 1)UND PICK UP MARCA: KAIYUN MOTORS A¿O 2014"
2024-07,24DA000000279246,1,KAIYUN,(sin modelo),leve,leve,ICE,BEV,NUEVO,1.0,1.0,0,0,"LOS DEM?S, ?NICAMENTE PROPULSADOS CON MOTOR EL?CTRICO.EN: 1)UND PICK UP MARCA: KAIYUN MOTORS A¿O 2024"
2024-11,24DA000000523707,1,JAC,M3 EV,leve,leve,BEV,BEV,NUEVO,1.0,1.0,0,0,FURGONETA PARA EL TRANSPORTE DE MERCANCIAS 0KM MARCA JAC MODELO M3 EV
2024-11,24DA000000539030,1,JAC,M3 EV,leve,leve,BEV,BEV,NUEVO,1.0,1.0,0,0,FURGONETA PARA EL TRANSPORTE DE MERCANCIAS 0KM MARCA JAC MODELO M3 EV
2024-12,24DA000000576652,4,RIDDARA,RD6,leve,leve,BEV,BEV,NUEVO,1.0,1.0,0,0,"01) UNA UNIDAD CAMIONETA DOBLE CABINA CON MOTOR ELECTRICO, TRANSMISION AUTOMATICA 4X2, MARCA: RIDDARA, MODELO: RD6. 63KWH ESTANDAR. A¿O FABRICACION: 2024, MODELO A¿O: 2025, CON SUS ACCESORIOS CORRESPO"
2024-12,24DA000000576652,7,RIDDARA,RD6,leve,leve,BEV,BEV,NUEVO,1.0,1.0,0,0,"01) UNA UNIDAD CAMIONETA DOBLE CABINA CON MOTOR ELECTRICO, TRANSMISION AUTOMATICA 4X2, MARCA: RIDDARA, MODELO: RD6. 63KWH ESTANDAR. A¿O FABRICACION: 2024, MODELO A¿O: 2025, CON SUS ACCESORIOS CORRESPO"
2024-12,24DA000000576652,3,RIDDARA,RD6,leve,leve,BEV,BEV,NUEVO,1.0,1.0,0,0,"01) UNA UNIDAD CAMIONETA DOBLE CABINA CON MOTOR ELECTRICO, TRANSMISION AUTOMATICA 4X2, MARCA: RIDDARA, MODELO: RD6. 63KWH ESTANDAR. A¿O FABRICACION: 2024, MODELO A¿O: 2025, CON SUS ACCESORIOS CORRESPO"
2024-12,24DA000000576652,14,RIDDARA,RD6,leve,leve,BEV,BEV,NUEVO,1.0,1.0,0,0,"01) UNA UNIDAD CAMIONETA DOBLE CABINA CON MOTOR ELECTRICO, TRANSMISION AUTOMATICA 4X2, MARCA: RIDDARA, MODELO: RD6. 86KWH LUXURY. A¿O FABRICACION: 2024, MODELO A¿O: 2025, CON SUS ACCESORIOS CORRESPOND"
2024-12,24DA000000576652,8,RIDDARA,RD6,leve,leve,BEV,BEV,NUEVO,1.0,1.0,0,0,"01) UNA UNIDAD CAMIONETA DOBLE CABINA CON MOTOR ELECTRICO, TRANSMISION AUTOMATICA 4X2, MARCA: RIDDARA, MODELO: RD6. 63KWH ESTANDAR. A¿O FABRICACION: 2024, MODELO A¿O: 2025, CON SUS ACCESORIOS CORRESPO"
2024-12,24DA000000576652,15,RIDDARA,RD6,leve,leve,BEV,BEV,NUEVO,1.0,1.0,0,0,"01) UNA UNIDAD CAMIONETA DOBLE CABINA CON MOTOR ELECTRICO, TRANSMISION AUTOMATICA 4X2, MARCA: RIDDARA, MODELO: RD6. 86KWH LUXURY. A¿O FABRICACION: 2024, MODELO A¿O: 2025, CON SUS ACCESORIOS CORRESPOND"
2024-12,24DA000000576652,1,RIDDARA,RD6,leve,leve,BEV,BEV,NUEVO,1.0,1.0,0,0,"01) UNA UNIDAD CAMIONETA DOBLE CABINA CON MOTOR ELECTRICO, TRANSMISION AUTOMATICA 4X2, MARCA: RIDDARA, MODELO: RD6. 63KWH ESTANDAR. A¿O FABRICACION: 2024, MODELO A¿O: 2025, CON SUS ACCESORIOS CORRESPO"
2024-12,24DA000000576652,10,RIDDARA,RD6,leve,leve,BEV,BEV,NUEVO,1.0,1.0,0,0,"01) UNA UNIDAD CAMIONETA DOBLE CABINA CON MOTOR ELECTRICO, TRANSMISION AUTOMATICA 4X2, MARCA: RIDDARA, MODELO: RD6. 86KWH LUXURY. A¿O FABRICACION: 2024, MODELO A¿O: 2025, CON SUS ACCESORIOS CORRESPOND"
2024-12,24DA000000576652,12,RIDDARA,RD6,leve,leve,BEV,BEV,NUEVO,1.0,1.0,0,0,"01) UNA UNIDAD CAMIONETA DOBLE CABINA CON MOTOR ELECTRICO, TRANSMISION AUTOMATICA 4X2, MARCA: RIDDARA, MODELO: RD6. 86KWH LUXURY. A¿O FABRICACION: 2024, MODELO A¿O: 2025, CON SUS ACCESORIOS CORRESPOND"
2024-12,24DA000000576652,16,RIDDARA,RD6,leve,leve,BEV,BEV,NUEVO,1.0,1.0,0,0,"01) UNA UNIDAD CAMIONETA DOBLE CABINA CON MOTOR ELECTRICO, TRANSMISION AUTOMATICA 4X2, MARCA: RIDDARA, MODELO: RD6. 86KWH LUXURY. A¿O FABRICACION: 2024, MODELO A¿O: 2025, CON SUS ACCESORIOS CORRESPOND"
2024-12,24DA000000576652,6,RIDDARA,RD6,leve,leve,BEV,BEV,NUEVO,1.0,1.0,0,0,"01) UNA UNIDAD CAMIONETA DOBLE CABINA CON MOTOR ELECTRICO, TRANSMISION AUTOMATICA 4X2, MARCA: RIDDARA, MODELO: RD6. 63KWH ESTANDAR. A¿O FABRICACION: 2024, MODELO A¿O: 2025, CON SUS ACCESORIOS CORRESPO"
2024-12,24DA000000576652,9,RIDDARA,RD6,leve,leve,BEV,BEV,NUEVO,1.0,1.0,0,0,"01) UNA UNIDAD CAMIONETA DOBLE CABINA CON MOTOR ELECTRICO, TRANSMISION AUTOMATICA 4X2, MARCA: RIDDARA, MODELO: RD6. 86KWH LUXURY. A¿O FABRICACION: 2024, MODELO A¿O: 2025, CON SUS ACCESORIOS CORRESPOND"
2024-12,24DA000000576652,13,RIDDARA,RD6,leve,leve,BEV,BEV,NUEVO,1.0,1.0,0,0,"01) UNA UNIDAD CAMIONETA DOBLE CABINA CON MOTOR ELECTRICO, TRANSMISION AUTOMATICA 4X2, MARCA: RIDDARA, MODELO: RD6. 86KWH LUXURY. A¿O FABRICACION: 2024, MODELO A¿O: 2025, CON SUS ACCESORIOS CORRESPOND"
2024-12,24DA000000576652,2,RIDDARA,RD6,leve,leve,BEV,BEV,NUEVO,1.0,1.0,0,0,"01) UNA UNIDAD CAMIONETA DOBLE CABINA CON MOTOR ELECTRICO, TRANSMISION AUTOMATICA 4X2, MARCA: RIDDARA, MODELO: RD6. 63KWH ESTANDAR. A¿O FABRICACION: 2024, MODELO A¿O: 2025, CON SUS ACCESORIOS CORRESPO"
2024-12,24DA000000576652,5,RIDDARA,RD6,leve,leve,BEV,BEV,NUEVO,1.0,1.0,0,0,"01) UNA UNIDAD CAMIONETA DOBLE CABINA CON MOTOR ELECTRICO, TRANSMISION AUTOMATICA 4X2, MARCA: RIDDARA, MODELO: RD6. 63KWH ESTANDAR. A¿O FABRICACION: 2024, MODELO A¿O: 2025, CON SUS ACCESORIOS CORRESPO"
2024-12,24DA000000576652,11,RIDDARA,RD6,leve,leve,BEV,BEV,NUEVO,1.0,1.0,0,0,"01) UNA UNIDAD CAMIONETA DOBLE CABINA CON MOTOR ELECTRICO, TRANSMISION AUTOMATICA 4X2, MARCA: RIDDARA, MODELO: RD6. 86KWH LUXURY. A¿O FABRICACION: 2024, MODELO A¿O: 2025, CON SUS ACCESORIOS CORRESPOND"
2024-12,24DA000000587994,1,JAC,M3 EV,leve,leve,BEV,BEV,NUEVO,1.0,1.0,0,0,FURGONETA PARA EL TRANSPORTE DE MERCANCIAS 0KM MARCA JAC MODELO M3 EV
2024-12,24DA000000598424,31,KENTON,(sin modelo),leve,recreativo,BEV,BEV,NUEVO,1.0,1.0,1,0,VEHICULOS AUTOMOVILES PARA EL TRANSPORTE DE MERCANCIAS. LOS DEMAS UNICAMENTE PROPULSADOS CON MOTOR ELECTRICO. TRICICLO MUESTRA ELECTRICO
2024-12,24DA000000614107,52,PEPPI,ZH,leve,recreativo,ICE,BEV,NUEVO,1.0,1.0,1,0,MOTOCARRO ELECTRICA MODELO ZH COLOR GRIS
2025-01,25DA000000002429,1,FOTON,BJ1108EVJA2,leve,leve,ICE,BEV,NUEVO,1.0,1.0,0,0,"VEHICULO MARCA FOTON, MODELO BJ1108EVJA2, TIPO CHASIS CON MOTOR Y CABINA, CON MOTOR DIESEL, CON SUS ACCESORIOS CORRESPONDIENTES"
2025-01,25DA000000027737,1,FORD,F150 LIGHTNING,leve,leve,ICE,BEV,USADO,1.0,1.0,0,0,"UNA UNIDAD DE CAMIONETA, MARCA FORD, MODELO F150 LIGHTNING. A¿O 2023.-"
2025-02,25DA000000048718,1,JAC,(sin modelo),leve,pesado,BEV,BEV,NUEVO,1.0,1.0,1,0,VEHICULOS PARA EL TRANSPORTE DE MERCADERIA ELECTRICOS EN : 01) UNIDAD DE CAMION CON MOTOR ELECTRICO MARCA JAC MODELO B4X06 A¿O 2.024 COLOR AZUL
2025-02,25DA000000048718,2,JAC,(sin modelo),leve,pesado,BEV,BEV,NUEVO,1.0,1.0,1,0,"OS DEM?S, ?NICAMENTE PROPULSADOS CON MOTOR EL?CTRICO EN: (01) UNIDAD DE CAMION CON MOTOR ELECTRICO MARCA JAC MODELO B4X06 A¿O 2.024 COLOR AZUL"
2025-03,25DA000000138787,1,JMC,(sin modelo),leve,pesado,BEV,BEV,NUEVO,1.0,1.0,1,0,1 UNIDAD CAMION JMC CONQUER N801 EV
2025-03,25DA000000138787,2,JMC,(sin modelo),leve,pesado,BEV,BEV,NUEVO,1.0,1.0,1,0,1 UNIDAD CAMION JMC CONQUER N801 EV
2025-06,25DA000000276364,1,GEELY,(sin modelo),leve,leve,BEV,BEV,NUEVO,1.0,1.0,0,0,VEHICULOS AUTOMOVILES PARA EL TRANSPORTE DE MERCADERIAS UNICAMENTE PROPULSADOS CON MOTOR ELECTRICO EN: 01) UND ELECTRIC CAR RADAR KING KONG VIN: LA71CU831S0151676 ORIGEN CHINA
2025-06,25DA000000285243,2,GEELY,(sin modelo),leve,leve,BEV,BEV,NUEVO,1.0,1.0,0,0,"LOS DEM?S, ?NICAMENTE PROPULSADOS CON MOTOR EL?CTRICO,EN: 1) UND. NUEVO 2024 GEELY RADAR RD6 COLOR BLANCO 100% ELECTRICO, CHASIS N. LA71CUG31R0152354 , MOTOR N. R8CWIA040"
2025-06,25DA000000296756,2,JMC,JX5039XXYTEA-MBEV EV70,leve,leve,ICE,BEV,NUEVO,1.0,1.0,0,0,FURGONETA PARA EL TRANSPORTE DE MERCANCIAS MARCA JMC MODELO JX5039XXYTEA-MBEV EV70 CON SUS ACCESORIOS CORRESPONDIENTES
2025-06,25DA000000296756,1,JMC,JX5039XXYTEA-MBEV EV70,leve,leve,ICE,BEV,NUEVO,1.0,1.0,0,0,FURGONETA PARA EL TRANSPORTE DE MERCANCIAS MARCA JMC MODELO JX5039XXYTEA-MBEV EV70 CON SUS ACCESORIOS CORRESPONDIENTES
2025-08,25DA000000404753,11,GEELY,RIDDARA RD6 AT EV ELECTRICO 63KWH,leve,leve,BEV,BEV,NUEVO,1.0,1.0,0,0,"VEHICULOS AUTOMOVILES PARA EL TRANSPORTE DE MERCANCIAS, CAMIONETA MARCA: GEELY, MOD: RIDDARA RD6 AT  EV ELECTRICO 63KWH 4X2 ESTANDAR"
2025-08,25DA000000404753,14,GEELY,RIDDARA RD6 AT EV ELECTRICO 63KWH,leve,leve,BEV,BEV,NUEVO,1.0,1.0,0,0,"VEHICULOS AUTOMOVILES PARA EL TRANSPORTE DE MERCANCIAS, CAMIONETA MARCA: GEELY, MOD: RIDDARA RD6 AT  EV ELECTRICO 63KWH 4X2 ESTANDAR"
2025-08,25DA000000404753,7,GEELY,RIDDARA RD6 AT EV ELECTRICO 86KWH,leve,leve,BEV,BEV,NUEVO,1.0,1.0,0,0,"VEHICULOS AUTOMOVILES PARA EL TRANSPORTE DE MERCANCIAS, CAMIONETA MARCA: GEELY, MOD: RIDDARA RD6 AT  EV ELECTRICO 86KWH 4X2 LUXURY"
2025-08,25DA000000404753,2,GEELY,RIDDARA RD6 AT EV ELECTRICO 86KWH,leve,leve,BEV,BEV,NUEVO,1.0,1.0,0,0,"VEHICULOS AUTOMOVILES PARA EL TRANSPORTE DE MERCANCIAS, CAMIONETA MARCA: GEELY, MOD: RIDDARA RD6 AT  EV ELECTRICO 86KWH 4X2 LUXURY"
2025-08,25DA000000404753,8,GEELY,RIDDARA RD6 AT EV ELECTRICO 86KWH,leve,leve,BEV,BEV,NUEVO,1.0,1.0,0,0,"VEHICULOS AUTOMOVILES PARA EL TRANSPORTE DE MERCANCIAS, CAMIONETA MARCA: GEELY, MOD: RIDDARA RD6 AT  EV ELECTRICO 86KWH 4X2 LUXURY"
2025-08,25DA000000404753,13,GEELY,RIDDARA RD6 AT EV ELECTRICO 63KWH,leve,leve,BEV,BEV,NUEVO,1.0,1.0,0,0,"VEHICULOS AUTOMOVILES PARA EL TRANSPORTE DE MERCANCIAS, CAMIONETA MARCA: GEELY, MOD: RIDDARA RD6 AT  EV ELECTRICO 63KWH 4X2 ESTANDAR"
2025-08,25DA000000404753,15,GEELY,RIDDARA RD6 AT EV ELECTRICO 63KWH,leve,leve,BEV,BEV,NUEVO,1.0,1.0,0,0,"VEHICULOS AUTOMOVILES PARA EL TRANSPORTE DE MERCANCIAS, CAMIONETA MARCA: GEELY, MOD: RIDDARA RD6 AT  EV ELECTRICO 63KWH 4X2 ESTANDAR"
2025-08,25DA000000404753,3,GEELY,RIDDARA RD6 AT EV ELECTRICO 86KWH,leve,leve,BEV,BEV,NUEVO,1.0,1.0,0,0,"VEHICULOS AUTOMOVILES PARA EL TRANSPORTE DE MERCANCIAS, CAMIONETA MARCA: GEELY, MOD: RIDDARA RD6 AT  EV ELECTRICO 86KWH 4X2 LUXURY"
2025-08,25DA000000404753,4,GEELY,RIDDARA RD6 AT EV ELECTRICO 86KWH,leve,leve,BEV,BEV,NUEVO,1.0,1.0,0,0,"VEHICULOS AUTOMOVILES PARA EL TRANSPORTE DE MERCANCIAS, CAMIONETA MARCA: GEELY, MOD: RIDDARA RD6 AT  EV ELECTRICO 86KWH 4X2 LUXURY"
2025-08,25DA000000404753,16,GEELY,RIDDARA RD6 AT EV ELECTRICO 63KWH,leve,leve,BEV,BEV,NUEVO,1.0,1.0,0,0,"VEHICULOS AUTOMOVILES PARA EL TRANSPORTE DE MERCANCIAS, CAMIONETA MARCA: GEELY, MOD: RIDDARA RD6 AT  EV ELECTRICO 63KWH 4X2 ESTANDAR"
2025-08,25DA000000404753,1,GEELY,RIDDARA RD6 AT EV ELECTRICO 86KWH,leve,leve,BEV,BEV,NUEVO,1.0,1.0,0,0,"VEHICULOS AUTOMOVILES PARA EL TRANSPORTE DE MERCANCIAS, CAMIONETA MARCA: GEELY, MOD: RIDDARA RD6 AT  EV ELECTRICO 86KWH 4X2 LUXURY"
2025-08,25DA000000404753,6,GEELY,RIDDARA RD6 AT EV ELECTRICO 86KWH,leve,leve,BEV,BEV,NUEVO,1.0,1.0,0,0,"VEHICULOS AUTOMOVILES PARA EL TRANSPORTE DE MERCANCIAS, CAMIONETA MARCA: GEELY, MOD: RIDDARA RD6 AT  EV ELECTRICO 86KWH 4X2 LUXURY"
2025-08,25DA000000404753,10,GEELY,RIDDARA RD6 AT EV ELECTRICO 63KWH,leve,leve,BEV,BEV,NUEVO,1.0,1.0,0,0,"VEHICULOS AUTOMOVILES PARA EL TRANSPORTE DE MERCANCIAS, CAMIONETA MARCA: GEELY, MOD: RIDDARA RD6 AT  EV ELECTRICO 63KWH 4X2 ESTANDAR"
2025-08,25DA000000404753,12,GEELY,RIDDARA RD6 AT EV ELECTRICO 63KWH,leve,leve,BEV,BEV,NUEVO,1.0,1.0,0,0,"VEHICULOS AUTOMOVILES PARA EL TRANSPORTE DE MERCANCIAS, CAMIONETA MARCA: GEELY, MOD: RIDDARA RD6 AT  EV ELECTRICO 63KWH 4X2 ESTANDAR"
2025-08,25DA000000404753,5,GEELY,RIDDARA RD6 AT EV ELECTRICO 86KWH,leve,leve,BEV,BEV,NUEVO,1.0,1.0,0,0,"VEHICULOS AUTOMOVILES PARA EL TRANSPORTE DE MERCANCIAS, CAMIONETA MARCA: GEELY, MOD: RIDDARA RD6 AT  EV ELECTRICO 86KWH 4X2 LUXURY"
2025-08,25DA000000404753,9,GEELY,RIDDARA RD6 AT EV ELECTRICO 63KWH,leve,leve,BEV,BEV,NUEVO,1.0,1.0,0,0,"VEHICULOS AUTOMOVILES PARA EL TRANSPORTE DE MERCANCIAS, CAMIONETA MARCA: GEELY, MOD: RIDDARA RD6 AT  EV ELECTRICO 63KWH 4X2 ESTANDAR"
2025-08,25DA000000405378,3,GEELY,RIDDARA RD6 AT EV ELECTRICO 86KWH LUXURY,leve,leve,BEV,BEV,NUEVO,1.0,1.0,0,0,"VEHICULOS AUTOMOVILES PARA EL TRANSPORTE DE MERCANCIAS, CAMIONETA MARCA: GEELY, MOD: RIDDARA RD6 AT  EV ELECTRICO 86KWH LUXURY"
2025-08,25DA000000405378,7,GEELY,RIDDARA RD6 AT EV ELECTRICO 86KWH LUXURY,leve,leve,BEV,BEV,NUEVO,1.0,1.0,0,0,"VEHICULOS AUTOMOVILES PARA EL TRANSPORTE DE MERCANCIAS, CAMIONETA MARCA: GEELY, MOD: RIDDARA RD6 AT  EV ELECTRICO 86KWH LUXURY"
2025-08,25DA000000405378,11,GEELY,RIDDARA RD6 AT EV ELECTRICO 63KWH ESTANDAR,leve,leve,BEV,BEV,NUEVO,1.0,1.0,0,0,"VEHICULOS AUTOMOVILES PARA EL TRANSPORTE DE MERCANCIAS, CAMIONETA MARCA: GEELY, MOD: RIDDARA RD6 AT  EV ELECTRICO 63KWH ESTANDAR"
2025-08,25DA000000405378,2,GEELY,RIDDARA RD6 AT EV ELECTRICO 86KWH LUXURY,leve,leve,BEV,BEV,NUEVO,1.0,1.0,0,0,"VEHICULOS AUTOMOVILES PARA EL TRANSPORTE DE MERCANCIAS, CAMIONETA MARCA: GEELY, MOD: RIDDARA RD6 AT  EV ELECTRICO 86KWH LUXURY"
2025-08,25DA000000405378,8,GEELY,RIDDARA RD6 AT EV ELECTRICO 86KWH LUXURY,leve,leve,BEV,BEV,NUEVO,1.0,1.0,0,0,"VEHICULOS AUTOMOVILES PARA EL TRANSPORTE DE MERCANCIAS, CAMIONETA MARCA: GEELY, MOD: RIDDARA RD6 AT  EV ELECTRICO 86KWH LUXURY"
2025-08,25DA000000405378,12,GEELY,RIDDARA RD6 AT EV ELECTRICO 63KWH ESTANDAR,leve,leve,BEV,BEV,NUEVO,1.0,1.0,0,0,"VEHICULOS AUTOMOVILES PARA EL TRANSPORTE DE MERCANCIAS, CAMIONETA MARCA: GEELY, MOD: RIDDARA RD6 AT  EV ELECTRICO 63KWH ESTANDAR"
2025-08,25DA000000405378,15,GEELY,RIDDARA RD6 AT EV ELECTRICO 63KWH ESTANDAR,leve,leve,BEV,BEV,NUEVO,1.0,1.0,0,0,"VEHICULOS AUTOMOVILES PARA EL TRANSPORTE DE MERCANCIAS, CAMIONETA MARCA: GEELY, MOD: RIDDARA RD6 AT  EV ELECTRICO 63KWH ESTANDAR"
2025-08,25DA000000405378,4,GEELY,RIDDARA RD6 AT EV ELECTRICO 86KWH LUXURY,leve,leve,BEV,BEV,NUEVO,1.0,1.0,0,0,"VEHICULOS AUTOMOVILES PARA EL TRANSPORTE DE MERCANCIAS, CAMIONETA MARCA: GEELY, MOD: RIDDARA RD6 AT  EV ELECTRICO 86KWH LUXURY"
2025-08,25DA000000405378,6,GEELY,RIDDARA RD6 AT EV ELECTRICO 86KWH LUXURY,leve,leve,BEV,BEV,NUEVO,1.0,1.0,0,0,"VEHICULOS AUTOMOVILES PARA EL TRANSPORTE DE MERCANCIAS, CAMIONETA MARCA: GEELY, MOD: RIDDARA RD6 AT  EV ELECTRICO 86KWH LUXURY"
2025-08,25DA000000405378,1,GEELY,RIDDARA RD6 AT EV ELECTRICO 86KWH LUXURY,leve,leve,BEV,BEV,NUEVO,1.0,1.0,0,0,"VEHICULOS AUTOMOVILES PARA EL TRANSPORTE DE MERCANCIAS, CAMIONETA MARCA: GEELY, MOD: RIDDARA RD6 AT  EV ELECTRICO 86KWH LUXURY"
2025-08,25DA000000405378,10,GEELY,RIDDARA RD6 AT EV ELECTRICO 63KWH ESTANDAR,leve,leve,BEV,BEV,NUEVO,1.0,1.0,0,0,"VEHICULOS AUTOMOVILES PARA EL TRANSPORTE DE MERCANCIAS, CAMIONETA MARCA: GEELY, MOD: RIDDARA RD6 AT  EV ELECTRICO 63KWH ESTANDAR"
2025-08,25DA000000405378,16,GEELY,RIDDARA RD6 AT EV ELECTRICO 63KWH ESTANDAR,leve,leve,BEV,BEV,NUEVO,1.0,1.0,0,0,"VEHICULOS AUTOMOVILES PARA EL TRANSPORTE DE MERCANCIAS, CAMIONETA MARCA: GEELY, MOD: RIDDARA RD6 AT  EV ELECTRICO 63KWH ESTANDAR"
2025-08,25DA000000405378,5,GEELY,RIDDARA RD6 AT EV ELECTRICO 86KWH LUXURY,leve,leve,BEV,BEV,NUEVO,1.0,1.0,0,0,"VEHICULOS AUTOMOVILES PARA EL TRANSPORTE DE MERCANCIAS, CAMIONETA MARCA: GEELY, MOD: RIDDARA RD6 AT  EV ELECTRICO 86KWH LUXURY"
2025-08,25DA000000405378,9,GEELY,RIDDARA RD6 AT EV ELECTRICO 63KWH ESTANDAR,leve,leve,BEV,BEV,NUEVO,1.0,1.0,0,0,"VEHICULOS AUTOMOVILES PARA EL TRANSPORTE DE MERCANCIAS, CAMIONETA MARCA: GEELY, MOD: RIDDARA RD6 AT  EV ELECTRICO 63KWH ESTANDAR"
2025-08,25DA000000405378,13,GEELY,RIDDARA RD6 AT EV ELECTRICO 63KWH ESTANDAR,leve,leve,BEV,BEV,NUEVO,1.0,1.0,0,0,"VEHICULOS AUTOMOVILES PARA EL TRANSPORTE DE MERCANCIAS, CAMIONETA MARCA: GEELY, MOD: RIDDARA RD6 AT  EV ELECTRICO 63KWH ESTANDAR"
2025-08,25DA000000405378,14,GEELY,RIDDARA RD6 AT EV ELECTRICO 63KWH ESTANDAR,leve,leve,BEV,BEV,NUEVO,1.0,1.0,0,0,"VEHICULOS AUTOMOVILES PARA EL TRANSPORTE DE MERCANCIAS, CAMIONETA MARCA: GEELY, MOD: RIDDARA RD6 AT  EV ELECTRICO 63KWH ESTANDAR"
2025-09,25DA000000426206,1,GEELY,RIDDARA RD6 ELECTRICO 73KWH 4WD PRO,leve,leve,BEV,BEV,NUEVO,1.0,1.0,0,0,"VEHICULOS AUTOMOVILES PARA EL TRANSPORTE DE MERCANCIAS, CAMIONETA MARCA: GEELY, MOD: RIDDARA RD6 ELECTRICO 73KWH  4WD PRO"
2025-09,25DA000000426206,3,GEELY,RIDDARA RD6 ELECTRICO 86KWH 4WD ULTRA,leve,leve,BEV,BEV,NUEVO,1.0,1.0,0,0,"VEHICULOS AUTOMOVILES PARA EL TRANSPORTE DE MERCANCIAS, CAMIONETA MARCA: GEELY, MOD: RIDDARA RD6 ELECTRICO 86KWH  4WD ULTRA"
2025-09,25DA000000426206,2,GEELY,RIDDARA RD6 ELECTRICO 73KWH 4WD PRO,leve,leve,BEV,BEV,NUEVO,1.0,1.0,0,0,"VEHICULOS AUTOMOVILES PARA EL TRANSPORTE DE MERCANCIAS, CAMIONETA MARCA: GEELY, MOD: RIDDARA RD6 ELECTRICO 73KWH  4WD PRO"
2025-09,25DA000000426206,4,GEELY,RIDDARA RD6 ELECTRICO 86KWH 4WD ULTRA,leve,leve,BEV,BEV,NUEVO,1.0,1.0,0,0,"VEHICULOS AUTOMOVILES PARA EL TRANSPORTE DE MERCANCIAS, CAMIONETA MARCA: GEELY, MOD: RIDDARA RD6 ELECTRICO 86KWH  4WD ULTRA"
2025-09,25DA000000428758,1,TOYOTA,TUNDRA,leve,leve,HEV,HEV,NUEVO,1.0,1.0,0,0,UNA CAMIONETA NUEVA HIBRIDO MARCA: TOYOTA MODELO: TUNDRA ANO: 2024 COLOR PLATEADO
2025-10,25DA000000499960,1,RUNHORSE,TEV,leve,leve,ICE,BEV,NUEVO,1.0,1.0,0,0,"VEHICULO MARCA RUNHORSE, MODELO TEV, YEAR 2025, COLOR BLANCO"
2025-11,25DA000000561055,4,JAC,HFC1043EV2N-Z,leve,pesado,BEV,BEV,NUEVO,1.0,1.0,1,0,"VEHICULOS PARA EL TRANSPORTE DE MERCADERIA ELECTRICOS EN: (01) UNIDAD DE CAMION CON MOTOR ELECTRICO MARCA JAC, MODELO HFC1043EV2N-Z, AO 2.025, COLOR AZUL"
2025-11,25DA000000561055,7,JAC,HFC1043EV2N-Z,leve,pesado,BEV,BEV,NUEVO,1.0,1.0,1,0,"VEHICULOS PARA EL TRASPORTE DE MERCADERIA EN: (01) UNIDAD DE CAMION CON MOTOR ELECTRICO MARCA JAC, MODELO HFC1043EV2N-Z, AO 2.025 COLOR AZUL"
2025-11,25DA000000561055,1,JAC,HFC1043EV2N-Z,leve,pesado,BEV,BEV,NUEVO,1.0,1.0,1,0,VEHICULOS PARA EL TRANSPORTE DE MERCADERIAS ELECTRICOS EN:  (01) UNIDAD DE CAMION CON MOTOR ELECTRICO MARCA JAC MODELO HFC1043EV2N-Z AO 2.025 COLOR AZUL
2025-11,25DA000000561055,3,JAC,HFC1043EV2N-Z,leve,pesado,ICE,BEV,NUEVO,1.0,1.0,1,0,"VEHICULOS PARA EL TRASPORTE DE MERCADERIA ELECTRICOS EN: (01) UNIDAD DE CAMION CON MOTOR ELECTRICP, MARCA JAC, MODELO HFC1043EV2N-Z, AO 2.025 COLOR AZUL"
2025-11,25DA000000561055,6,JAC,HFC1043EV2N-Z,leve,pesado,BEV,BEV,NUEVO,1.0,1.0,1,0,"VEHICULOS PARA EL TRANSPORTE DE MERCADERIA ELECTRICOS EN: (01) UNIDAD DE CAMION CON MOTOR ELECTRICO MARCA JAC, MODELO HFC1043EV2N-Z, AO 2.025, COLOR AZUL"
2025-11,25DA000000561055,8,JAC,HFC1043EV2N-Z,leve,pesado,BEV,BEV,NUEVO,1.0,1.0,1,0,"VEHICULOS PARA EL TRASPORTE DE MERCADERIA ELECTRICO EN: (01) UNIDAD DE CAMION CON MOTOR ELECTRICO MARCA JAC MODELO HFC1043EV2N-Z, AO 2.025, COLOR AZUL"
2025-11,25DA000000561055,2,JAC,HFC1043EV2N-Z,leve,pesado,BEV,BEV,NUEVO,1.0,1.0,1,0,VEHICULOS PARA EL TRANSPORTE DE MERCADERIA ELECTRICOS EN: (01) UNIDAD DE CAMION CON MOTOR ELECTRICO MARCA JAC MODELO HFC1043EV2N-Z  AO 2.025 COLOR AZUL
2025-11,25DA000000561055,5,JAC,HFC1043EV2N-Z,leve,pesado,BEV,BEV,NUEVO,1.0,1.0,1,0,"VEHICULOS PARA EL TRANSPORTE DE MERCADERIA ELECTRICOS EN: (01) UNIDAD DE CAMION CON MOTOR ELECTRICO MARCA JAC, MODELO HFC1043EV2N-Z, AO 2.025, COLOR AZUL"
2025-11,25DA000000573450,1,JMC,(sin modelo),leve,pesado,BEV,BEV,USADO,1.0,1.0,1,0,1 UNIDAD CAMION CONQUER N801 EV
2025-11,25DA000000573450,3,JMC,(sin modelo),leve,pesado,BEV,BEV,USADO,1.0,1.0,1,0,1 UNIDAD CAMION CONQUER N801 EV
2025-11,25DA000000573450,2,JMC,(sin modelo),leve,pesado,BEV,BEV,USADO,1.0,1.0,1,0,1 UNIDAD CAMION CONQUER N801 EV
2025-12,25DA000000648430,1,MOTREC,(sin modelo),leve,recreativo,BEV,BEV,NUEVO,1.0,1.0,1,1,"TRANSPORTADOR ELECTRICO, ELECTRIC CARRIER MC-480-0907 , SERIAL NO. 1279396"
2025-12,25DA000000668947,1,GEELY,RIDDARA RD6 ELECTRICO 86KWH 4WD ULTRA,leve,leve,BEV,BEV,NUEVO,1.0,1.0,0,0,"VEHICULOS AUTOMOVILES PARA EL TRANSPORTE DE MERCANCIAS, CAMIONETA MARCA: GEELY, MOD: RIDDARA RD6 ELECTRICO 86KWH  4WD ULTRA"
2025-12,25DA000000633048,1,GEELY,FARIZON V7E,leve,leve,BEV,BEV,NUEVO,1.0,1.0,0,0,"UNA UNIDAD DE VEHICULO P/ TRANSPORTE DE MERCADERIA PROPULSADOS C/ MOTOR ELECTRICO DE 90KW, MARCA GEELY, MODELO FARIZON V7E, COLOR BLANCO, ANIO DE FAB 2025"
2025-12,25DA000000633048,2,GEELY,FARIZON V7E,leve,leve,BEV,BEV,NUEVO,1.0,1.0,0,0,"UNA UNIDAD DE VEHICULO P/ TRANSPORTE DE MERCADERIA PROPULSADOS C/ MOTOR ELECTRICO DE 90KW, MARCA GEELY, MODELO FARIZON V7E, COLOR BLANCO, ANIO DE FAB 2025"
2026-01,26DA000000046736,1,GEELY,FARIZON V7E,leve,leve,BEV,BEV,NUEVO,1.0,1.0,0,0,"UNA UNIDAD DE VEHICULO P/ TRANSPORTE DE MERCADERIA PROPULSADOS C/ MOTOR ELECTRICO DE 90KW, MARCA GEELY, MODELO FARIZON V7E, COLOR BLANCO, ANIO DE FAB 2025"
2026-01,26DA000000046736,2,GEELY,FARIZON V7E,leve,leve,BEV,BEV,NUEVO,1.0,1.0,0,0,"UNA UNIDAD DE VEHICULO P/ TRANSPORTE DE MERCADERIA PROPULSADOS C/ MOTOR ELECTRICO DE 90KW, MARCA GEELY, MODELO FARIZON V7E, COLOR BLANCO, ANIO DE FAB 2025"
2026-02,26DA000000063844,1,COUNTY,D3-J-1,leve,recreativo,BEV,BEV,NUEVO,1.0,1.0,1,0,MOTOCARRO ELECTRICO MODELO D3-J-1 MOTOR 60V 1200W
2026-02,26DA000000065989,2,JAC,HFC1073EV2,leve,leve,BEV,BEV,NUEVO,1.0,1.0,0,0,LOS DEMAS VEHICULOS AUTOMOVILES CON MOTOR ELECTRICO PARA EL TRANSPORTE DE MERCANCIAS MARCA JAC MODELO HFC1073EV2
2026-02,26DA000000065989,1,JAC,HFC1073EV2,leve,leve,BEV,BEV,NUEVO,1.0,1.0,0,0,LOS DEMAS VEHICULOS AUTOMOVILES CON MOTOR ELECTRICO PARA EL TRANSPORTE DE MERCANCIAS MARCA JAC MODELO HFC1073EV2
2026-02,26DA000000078882,1,KGM,(sin modelo),leve,leve,BEV,BEV,NUEVO,1.0,1.0,0,0,CAMIONETA PICK-UP ELECTRICA MUSSO EV
2026-02,26DA000000078882,4,KGM,(sin modelo),leve,leve,BEV,BEV,NUEVO,1.0,1.0,0,0,CAMIONETA PICK-UP ELECTRICA MUSSO EV
2026-02,26DA000000078882,9,KGM,(sin modelo),leve,leve,BEV,BEV,NUEVO,1.0,1.0,0,0,CAMIONETA PICK-UP ELECTRICA MUSSO EV
2026-02,26DA000000078882,11,KGM,(sin modelo),leve,leve,BEV,BEV,NUEVO,1.0,1.0,0,0,CAMIONETA PICK-UP ELECTRICA MUSSO EV
2026-02,26DA000000078882,18,KGM,(sin modelo),leve,leve,BEV,BEV,NUEVO,1.0,1.0,0,0,CAMIONETA PICK-UP ELECTRICA MUSSO EV
2026-02,26DA000000078882,13,KGM,(sin modelo),leve,leve,BEV,BEV,NUEVO,1.0,1.0,0,0,CAMIONETA PICK-UP ELECTRICA MUSSO EV
2026-02,26DA000000078882,7,KGM,(sin modelo),leve,leve,BEV,BEV,NUEVO,1.0,1.0,0,0,CAMIONETA PICK-UP ELECTRICA MUSSO EV
2026-02,26DA000000078882,17,KGM,(sin modelo),leve,leve,BEV,BEV,NUEVO,1.0,1.0,0,0,CAMIONETA PICK-UP ELECTRICA MUSSO EV
2026-02,26DA000000078882,5,KGM,(sin modelo),leve,leve,BEV,BEV,NUEVO,1.0,1.0,0,0,CAMIONETA PICK-UP ELECTRICA MUSSO EV
2026-02,26DA000000078882,20,KGM,(sin modelo),leve,leve,BEV,BEV,NUEVO,1.0,1.0,0,0,CAMIONETA PICK-UP ELECTRICA MUSSO EV
2026-02,26DA000000078882,3,KGM,(sin modelo),leve,leve,BEV,BEV,NUEVO,1.0,1.0,0,0,CAMIONETA PICK-UP ELECTRICA MUSSO EV
2026-02,26DA000000078882,10,KGM,(sin modelo),leve,leve,BEV,BEV,NUEVO,1.0,1.0,0,0,CAMIONETA PICK-UP ELECTRICA MUSSO EV
2026-02,26DA000000078882,8,KGM,(sin modelo),leve,leve,BEV,BEV,NUEVO,1.0,1.0,0,0,CAMIONETA PICK-UP ELECTRICA MUSSO EV
2026-02,26DA000000078882,12,KGM,(sin modelo),leve,leve,BEV,BEV,NUEVO,1.0,1.0,0,0,CAMIONETA PICK-UP ELECTRICA MUSSO EV
2026-02,26DA000000078882,14,KGM,(sin modelo),leve,leve,BEV,BEV,NUEVO,1.0,1.0,0,0,CAMIONETA PICK-UP ELECTRICA MUSSO EV
2026-02,26DA000000078882,15,KGM,(sin modelo),leve,leve,BEV,BEV,NUEVO,1.0,1.0,0,0,CAMIONETA PICK-UP ELECTRICA MUSSO EV
2026-02,26DA000000078882,2,KGM,(sin modelo),leve,leve,BEV,BEV,NUEVO,1.0,1.0,0,0,CAMIONETA PICK-UP ELECTRICA MUSSO EV
2026-02,26DA000000078882,6,KGM,(sin modelo),leve,leve,BEV,BEV,NUEVO,1.0,1.0,0,0,CAMIONETA PICK-UP ELECTRICA MUSSO EV
2026-02,26DA000000078882,19,KGM,(sin modelo),leve,leve,BEV,BEV,NUEVO,1.0,1.0,0,0,CAMIONETA PICK-UP ELECTRICA MUSSO EV
2026-02,26DA000000078882,16,KGM,(sin modelo),leve,leve,BEV,BEV,NUEVO,1.0,1.0,0,0,CAMIONETA PICK-UP ELECTRICA MUSSO EV
2026-02,26DA000000079436,16,GEELY RADAR,(sin modelo),leve,leve,ICE,BEV,NUEVO,1.0,1.0,0,0,GEELY RADAR KING KONG 2025 310KM 2WD LONG BOX FORTUNE KING KONG
2026-02,26DA000000079436,12,GEELY RADAR,(sin modelo),leve,leve,ICE,BEV,NUEVO,1.0,1.0,0,0,GEELY RADAR KING KONG 2025 310KM 2WD LONG BOX FORTUNE KING KONG
2026-02,26DA000000079436,13,GEELY RADAR,(sin modelo),leve,leve,ICE,BEV,NUEVO,1.0,1.0,0,0,GEELY RADAR KING KONG 2025 310KM 2WD LONG BOX FORTUNE KING KONG
2026-02,26DA000000079436,17,GEELY RADAR,(sin modelo),leve,leve,ICE,BEV,NUEVO,1.0,1.0,0,0,GEELY RADAR KING KONG 2025 310KM 2WD LONG BOX FORTUNE KING KONG
2026-02,26DA000000079436,14,GEELY RADAR,(sin modelo),leve,leve,ICE,BEV,NUEVO,1.0,1.0,0,0,GEELY RADAR KING KONG 2025 310KM 2WD LONG BOX FORTUNE KING KONG
2026-02,26DA000000079436,15,GEELY RADAR,(sin modelo),leve,leve,ICE,BEV,NUEVO,1.0,1.0,0,0,GEELY RADAR KING KONG 2025 310KM 2WD LONG BOX FORTUNE KING KONG
2026-03,26DA000000113326,2,FARIZON,V6E-SSTA,leve,leve,ICE,BEV,NUEVO,1.0,1.0,0,0,"VEHICULOS PARA EL TRANSPORTE DE MERCANCIAS , FURG¿N EL¿CTRICO  CAPACIDAD,1000 KG  MARCA :FARIZON,  MODELO: V6E-SSTA,CON SUS ACCESORIOS"
2026-03,26DA000000113326,3,FARIZON,V6E-SSTA,leve,leve,ICE,BEV,NUEVO,1.0,1.0,0,0,"VEHICULOS PARA EL TRANSPORTE DE MERCANCIAS , FURG¿N EL¿CTRICO  CAPACIDAD,1000 KG  MARCA :FARIZON,  MODELO: V6E-SSTA,CON SUS ACCESORIOS"
2026-03,26DA000000113326,8,FARIZON,H9E-8T,leve,pesado,BEV,BEV,NUEVO,1.0,1.0,1,0,"VEHICULOS PARA EL TRANSPORTE DE MERCANCIAS , CAMI¿N CHASIS CABINA ELECTRICO CAPACIDAD 4500KG MARCA :FARIZON,  MODELO: H9E-8T,CON SUS ACCESORIOS"
2026-03,26DA000000113326,6,FARIZON,H9E-8T,leve,pesado,BEV,BEV,NUEVO,1.0,1.0,1,0,"VEHICULOS PARA EL TRANSPORTE DE MERCANCIAS , CAMI¿N CHASIS CABINA ELECTRICO CAPACIDAD 4500KG MARCA :FARIZON,  MODELO: H9E-8T,CON SUS ACCESORIOS"
2026-03,26DA000000113326,9,FARIZON,H9E-8T,leve,pesado,BEV,BEV,NUEVO,1.0,1.0,1,0,"VEHICULOS PARA EL TRANSPORTE DE MERCANCIAS , CAMI¿N CHASIS CABINA ELECTRICO CAPACIDAD 4500KG MARCA :FARIZON,  MODELO: H9E-8T,CON SUS ACCESORIOS"
2026-03,26DA000000113326,1,FARIZON,V6E-SSTA,leve,leve,ICE,BEV,NUEVO,1.0,1.0,0,0,"VEHICULOS PARA EL TRANSPORTE DE MERCANCIAS , FURG¿N EL¿CTRICO  CAPACIDAD,1000 KG  MARCA :FARIZON,  MODELO: V6E-SSTA,CON SUS ACCESORIOS"
2026-03,26DA000000113326,10,FARIZON,H9E-8T,leve,pesado,BEV,BEV,NUEVO,1.0,1.0,1,0,"VEHICULOS PARA EL TRANSPORTE DE MERCANCIAS , CAMI¿N CHASIS CABINA ELECTRICO CAPACIDAD 4500KG MARCA :FARIZON,  MODELO: H9E-8T,CON SUS ACCESORIOS"
2026-03,26DA000000113326,7,FARIZON,H9E-8T,leve,pesado,BEV,BEV,NUEVO,1.0,1.0,1,0,"VEHICULOS PARA EL TRANSPORTE DE MERCANCIAS , CAMI¿N CHASIS CABINA ELECTRICO CAPACIDAD 4500KG MARCA :FARIZON,  MODELO: H9E-8T,CON SUS ACCESORIOS"
2026-03,26DA000000113326,13,FARIZON,H9E-8T,leve,pesado,BEV,BEV,NUEVO,1.0,1.0,1,0,"VEHICULOS PARA EL TRANSPORTE DE MERCANCIAS , CAMI¿N CHASIS CABINA ELECTRICO CAPACIDAD 4500KG MARCA :FARIZON,  MODELO: H9E-8T,CON SUS ACCESORIOS"
2026-03,26DA000000113326,11,FARIZON,H9E-8T,leve,pesado,BEV,BEV,NUEVO,1.0,1.0,1,0,"VEHICULOS PARA EL TRANSPORTE DE MERCANCIAS , CAMI¿N CHASIS CABINA ELECTRICO CAPACIDAD 4500KG MARCA :FARIZON,  MODELO: H9E-8T,CON SUS ACCESORIOS"
2026-03,26DA000000113326,4,FARIZON,V6E-SSTA,leve,leve,ICE,BEV,NUEVO,1.0,1.0,0,0,"VEHICULOS PARA EL TRANSPORTE DE MERCANCIAS , FURG¿N EL¿CTRICO  CAPACIDAD,1000 KG  MARCA :FARIZON,  MODELO: V6E-SSTA,CON SUS ACCESORIOS"
2026-03,26DA000000113326,12,FARIZON,H9E-8T,leve,pesado,BEV,BEV,NUEVO,1.0,1.0,1,0,"VEHICULOS PARA EL TRANSPORTE DE MERCANCIAS , CAMI¿N CHASIS CABINA ELECTRICO CAPACIDAD 4500KG MARCA :FARIZON,  MODELO: H9E-8T,CON SUS ACCESORIOS"
2026-03,26DA000000113326,14,FARIZON,H9E-8T,leve,pesado,BEV,BEV,NUEVO,1.0,1.0,1,0,"VEHICULOS PARA EL TRANSPORTE DE MERCANCIAS , CAMI¿N CHASIS CABINA ELECTRICO CAPACIDAD 4500KG MARCA :FARIZON,  MODELO: H9E-8T,CON SUS ACCESORIOS"
2026-03,26DA000000113326,5,FARIZON,H9E-8T,leve,pesado,BEV,BEV,NUEVO,1.0,1.0,1,0,"VEHICULOS PARA EL TRANSPORTE DE MERCANCIAS , CAMI¿N CHASIS CABINA ELECTRICO CAPACIDAD 4500KG MARCA :FARIZON,  MODELO: H9E-8T,CON SUS ACCESORIOS"
2026-03,26DA000000115422,1,MAXUS,DANA V1,leve,leve,ICE,BEV,NUEVO,1.0,1.0,0,0,1) UNA UNID. DE FURGON MARCA SAIC MAXUS MODELO DANA V1 CON SUS CARGADOR Y ACCESORIOS CORRESPONDIENTE
2026-03,26DA000000115422,2,MAXUS,DANA V1,leve,leve,ICE,BEV,NUEVO,1.0,1.0,0,0,1) UNA UNID. DE FURGON MARCA SAIC MAXUS MODELO DANA V1 CON SUS CARGADOR Y ACCESORIOS CORRESPONDIENTE
2026-03,26DA000000115422,3,MAXUS,DANA V1,leve,leve,ICE,BEV,NUEVO,1.0,1.0,0,0,1) UNA UNID. DE FURGON MARCA SAIC MAXUS MODELO DANA V1 CON SUS CARGADOR Y ACCESORIOS CORRESPONDIENTE
2026-03,26DA000000115422,4,MAXUS,DANA V1,leve,leve,ICE,BEV,NUEVO,1.0,1.0,0,0,1) UNA UNID. DE FURGON MARCA SAIC MAXUS MODELO DANA V1 CON SUS CARGADOR Y ACCESORIOS CORRESPONDIENTE
2026-03,26DA000000128240,6,FARIZON,(sin modelo),leve,pesado,BEV,BEV,NUEVO,1.0,1.0,1,1,"VEHICULOS PARA EL TRANSPORTE DE MERCANCIAS , MINI TRUCK , ELECTRICO AUT. CAPACIDAD 1.500 KG."
2026-03,26DA000000128240,1,FARIZON,(sin modelo),leve,pesado,BEV,BEV,NUEVO,1.0,1.0,1,1,"VEHICULOS PARA EL TRANSPORTE DE MERCANCIAS , MINI TRUCK , ELECTRICO AUT. CAPACIDAD 1.500 KG."
2026-03,26DA000000128240,4,FARIZON,(sin modelo),leve,pesado,BEV,BEV,NUEVO,1.0,1.0,1,1,"VEHICULOS PARA EL TRANSPORTE DE MERCANCIAS , MINI TRUCK , ELECTRICO AUT. CAPACIDAD 1.500 KG."
2026-03,26DA000000128240,7,FARIZON,(sin modelo),leve,pesado,BEV,BEV,NUEVO,1.0,1.0,1,1,"VEHICULOS PARA EL TRANSPORTE DE MERCANCIAS , MINI TRUCK , ELECTRICO AUT. CAPACIDAD 1.500 KG."
2026-03,26DA000000128240,2,FARIZON,(sin modelo),leve,pesado,BEV,BEV,NUEVO,1.0,1.0,1,1,"VEHICULOS PARA EL TRANSPORTE DE MERCANCIAS , MINI TRUCK , ELECTRICO AUT. CAPACIDAD 1.500 KG."
2026-03,26DA000000128240,5,FARIZON,(sin modelo),leve,pesado,BEV,BEV,NUEVO,1.0,1.0,1,1,"VEHICULOS PARA EL TRANSPORTE DE MERCANCIAS , MINI TRUCK , ELECTRICO AUT. CAPACIDAD 1.500 KG."
2026-03,26DA000000128240,9,FARIZON,(sin modelo),leve,pesado,BEV,BEV,NUEVO,1.0,1.0,1,1,"VEHICULOS PARA EL TRANSPORTE DE MERCANCIAS , MINI TRUCK , ELECTRICO AUT. CAPACIDAD 1.500 KG."
2026-03,26DA000000128240,3,FARIZON,(sin modelo),leve,pesado,BEV,BEV,NUEVO,1.0,1.0,1,1,"VEHICULOS PARA EL TRANSPORTE DE MERCANCIAS , MINI TRUCK , ELECTRICO AUT. CAPACIDAD 1.500 KG."
2026-03,26DA000000128240,8,FARIZON,(sin modelo),leve,pesado,BEV,BEV,NUEVO,1.0,1.0,1,1,"VEHICULOS PARA EL TRANSPORTE DE MERCANCIAS , MINI TRUCK , ELECTRICO AUT. CAPACIDAD 1.500 KG."
2026-04,26DA000000181406,1,JAC,M3 EV,leve,leve,BEV,BEV,NUEVO,1.0,1.0,0,0,FURGONETA PARA EL TRANSPORTE DE MERCANCIAS 0KM MARCA JAC MODELO M3 EV
2026-05,26DA000000225865,1,CHUFENG,HQG5080TQZBEVQC,leve,pesado,BEV,BEV,NUEVO,1.0,1.0,1,0,"VEHICULOS PARA EL TRANSPORTE DE MERCADERIAS ELECTRICOS EN: (01) UNIDAD DE CAMION CON MOTOR ELECTRICO MARCA:  CHUFENG MODELO: HQG5080TQZBEVQC, AO: 2.026 COLOR AZUL"
2026-05,26DA000000225865,2,CHUFENG,HQG5080TQZBEVQC,leve,pesado,BEV,BEV,NUEVO,1.0,1.0,1,0,"VEHICULOS PARA EL TRANSPORTE DE MERCADERIAS ELECTRICOS EN: (01) UNIDAD DE CAMION CON MOTOR ELECTRICO MARCA: CHUFENG, MODELO: HQG5080TQZBEVQC AO: 2.026 COLOR AZUL"
2026-05,26DA000000254211,1,JAC,M3 EV,leve,leve,BEV,BEV,NUEVO,1.0,1.0,0,0,FURGONETA PARA EL TRANSPORTE DE MERCANCIAS 0KM MARCA JAC MODELO M3 EV
2026-05,26DA000000270087,3,FEST,PURE EV TYPE,leve,leve,BEV,BEV,USADO,1.0,1.0,0,0,"MINI VAN ELECTRICA, MODELO: PURE EV TYPE, COLOR: BLANCO, CHASSIS NRO.: LLWA2CAB4P1005184, ANO: 2023, ESTADO NUEVO, AFECTADO POR LA RESOL. DNIT 31/25.-"
2026-05,26DA000000270087,1,FEST,PURE EV TYPE,leve,leve,BEV,BEV,USADO,1.0,1.0,0,0,"MINI VAN ELECTRICA, MODELO: PURE EV TYPE, COLOR: BLANCO, CHASSIS NRO.: LLWA2CAB9P1005164, ANO: 2023, ESTADO NUEVO, AFECTADO POR LA RESOL. DNIT 31/25"
2026-05,26DA000000270087,4,FEST,PURE EV TYPE,leve,leve,BEV,BEV,USADO,1.0,1.0,0,0,"MINI VAN ELECTRICA, MODELO: PURE EV TYPE, COLOR: BLANCO, CHASSIS NRO.: LLWA2CAB8P1005155, ANO: 2023, ESTADO NUEVO, AFECTADO POR LA RESOL. DNIT 31/25.-"
2026-05,26DA000000270087,2,FEST,PURE EV TYPE,leve,leve,BEV,BEV,USADO,1.0,1.0,0,0,"MINI VAN ELECTRICA, MODELO: PURE EV TYPE, COLOR: BLANCO, CHASSIS NRO.: LLWA2CAB0P1005134, ANO: 2023, ESTADO NUEVO, AFECTADO POR LA RESOL. DNIT 31/25.-"
2026-06,26DA000000290553,4,FARIZON,V6E-SSTA,leve,leve,BEV,BEV,NUEVO,1.0,1.0,0,0,"VEHICULOS PARA EL TRANSPORTE DE MERCANCIAS, FURGON ELECTRICO AUT. CAPACIDAD, 1000 KG MARCA: FARIZON , MODELO : V6E-SSTA, CON SUS ACCESORIOS."
2026-06,26DA000000290553,2,FARIZON,V6E-SSTA,leve,leve,BEV,BEV,NUEVO,1.0,1.0,0,0,"VEHICULOS PARA EL TRANSPORTE DE MERCANCIAS, FURGON ELECTRICO AUT. CAPACIDAD, 1000 KG MARCA: FARIZON , MODELO : V6E-SSTA, CON SUS ACCESORIOS."
2026-06,26DA000000290553,1,FARIZON,V6E-SSTA,leve,leve,BEV,BEV,NUEVO,1.0,1.0,0,0,"VEHICULOS PARA EL TRANSPORTE DE MERCANCIAS, FURGON ELECTRICO AUT. CAPACIDAD, 1000 KG MARCA: FARIZON , MODELO : V6E-SSTA, CON SUS ACCESORIOS."
2026-06,26DA000000290553,3,FARIZON,V6E-SSTA,leve,leve,BEV,BEV,NUEVO,1.0,1.0,0,0,"VEHICULOS PARA EL TRANSPORTE DE MERCANCIAS, FURGON ELECTRICO AUT. CAPACIDAD, 1000 KG MARCA: FARIZON , MODELO : V6E-SSTA, CON SUS ACCESORIOS."
2026-06,26DA000000291599,1,CHUFENG,HQG5080TQZBEVQC,leve,pesado,BEV,BEV,NUEVO,1.0,1.0,1,0,VEHICULOS PARA EL TRANSPORTE DE MERCADERIAS ELECTRICOS EN: (01) UNIDAD DE CAMION CON MOTOR ELECTRICO MARCA CHUFENG MODELO: HQG5080TQZBEVQC AO 2026 COLOR AZUL CRISTAL
2026-06,26DA000000291599,2,CHUFENG,HQG5080TQZBEVQC,leve,pesado,BEV,BEV,NUEVO,1.0,1.0,1,0,"VEHICULOS PARA EL TRANSPORTE DE MERCADERIAS ELECTRICOS EN: (01) UNIDAD DE CAMION CON MOTOR ELECTRICO MARCA:  CHUFENG MODELO: HQG5080TQZBEVQC, AO: 2.026 COLOR AZUL CRISTAL"
2026-07,26DA000000345120,1,FARIZON,F1E,leve,pesado,BEV,BEV,NUEVO,1.0,1.0,1,1,"VEHICULOS PARA EL TRANSPORTE DE MERCANCIAS , MINI TRUCK , ELECTRICO,MARCA: FARIZON , MOD: F1E.  AUT. CHASIS CABINA, CAPACIDAD 1.500 KG."
2026-07,26DA000000345120,2,FARIZON,F1E,leve,pesado,BEV,BEV,NUEVO,1.0,1.0,1,1,"VEHICULOS PARA EL TRANSPORTE DE MERCANCIAS , MINI TRUCK , ELECTRICO,MARCA: FARIZON , MOD: F1E.  AUT. CHASIS CABINA, CAPACIDAD 1.500 KG."
2026-07,26DA000000345120,6,FARIZON,F1E,leve,pesado,BEV,BEV,NUEVO,1.0,1.0,1,1,"VEHICULOS PARA EL TRANSPORTE DE MERCANCIAS , MINI TRUCK , ELECTRICO,MARCA: FARIZON , MOD: F1E.  AUT. CHASIS CABINA, CAPACIDAD 1.500 KG."
2026-07,26DA000000345120,3,FARIZON,F1E,leve,pesado,BEV,BEV,NUEVO,1.0,1.0,1,1,"VEHICULOS PARA EL TRANSPORTE DE MERCANCIAS , MINI TRUCK , ELECTRICO,MARCA: FARIZON , MOD: F1E.  AUT. CHASIS CABINA, CAPACIDAD 1.500 KG."
2026-07,26DA000000345120,4,FARIZON,F1E,leve,pesado,BEV,BEV,NUEVO,1.0,1.0,1,1,"VEHICULOS PARA EL TRANSPORTE DE MERCANCIAS , MINI TRUCK , ELECTRICO,MARCA: FARIZON , MOD: F1E.  AUT. CHASIS CABINA, CAPACIDAD 1.500 KG."
2026-07,26DA000000345120,5,FARIZON,F1E,leve,pesado,BEV,BEV,NUEVO,1.0,1.0,1,1,"VEHICULOS PARA EL TRANSPORTE DE MERCANCIAS , MINI TRUCK , ELECTRICO,MARCA: FARIZON , MOD: F1E.  AUT. CHASIS CABINA, CAPACIDAD 1.500 KG."
2026-07,26DA000000381891,2,GEELY,F5E,leve,pesado,ICE,BEV,NUEVO,1.0,1.0,1,1,01-CAMION TIPO FURGON COLOR BLANCO MODELO F5E ANO 2025 CHASIS LA71AUG35S0515220
2026-07,26DA000000386465,6,CL,CL1310LDS6,leve,pesado,ICE,BEV,NUEVO,1.0,1.0,1,0,UNA UNIDAD CAMION DE CARGA MARCA CL MODELO CL1310LDS6 AO 2026 COLOR GRIS
2026-07,26DA000000386465,7,CL,CL1310LDS6,leve,pesado,ICE,BEV,NUEVO,1.0,1.0,1,0,UNA UNIDAD CAMION DE CARGA MARCA CL MODELO CL1310LDS6 AO 2026 COLOR GRIS
2026-07,26DA000000386465,4,CL,CL1030SBEV,leve,pesado,ICE,BEV,NUEVO,1.0,1.0,1,1,UNA UNIDAD CAMION DE CARGA MARCA CL MODELO CL1030SBEV AO 2026 COLOR GRIS
2026-07,26DA000000386465,1,CL,CL1030SBEV,leve,pesado,ICE,BEV,NUEVO,1.0,1.0,1,1,UNA UNIDAD CAMION DE CARGA MARCA CL MODELO CL1030SBEV AO 2026 COLOR GRIS
2026-07,26DA000000386465,8,CL,CL1310LDS6,leve,pesado,ICE,BEV,NUEVO,1.0,1.0,1,0,UNA UNIDAD CAMION DE CARGA MARCA CL MODELO CL1310LDS6 AO 2026 COLOR GRIS
2026-07,26DA000000386465,2,CL,CL1030SBEV,leve,pesado,ICE,BEV,NUEVO,1.0,1.0,1,1,UNA UNIDAD CAMION DE CARGA MARCA CL MODELO CL1030SBEV AO 2026 COLOR GRIS
2026-07,26DA000000386465,3,CL,CL1030SBEV,leve,pesado,ICE,BEV,NUEVO,1.0,1.0,1,1,UNA UNIDAD CAMION DE CARGA MARCA CL MODELO CL1030SBEV AO 2026 COLOR GRIS
2026-07,26DA000000386465,5,CL,CL1310LDS6,leve,pesado,ICE,BEV,NUEVO,1.0,1.0,1,0,UNA UNIDAD CAMION DE CARGA MARCA CL MODELO CL1310LDS6 AO 2026 COLOR GRIS
2026-07,26DA000000390747,1,XINHAMAI,(sin modelo),leve,leve,BEV,BEV,NUEVO,7.0,1.0,0,0,"LOS DEMAS, UNICAMENTE PROPULSADOS CON MOTOR ELECTRICO, EN: (1) UNIDAD DE VEHICLE BODY COLOR: BLACK MOTOR: 3000W TIRE: 175/70R13 VIN: H7BFW7Z35SC200157"
2026-08,26DA000000397563,2,WULING,G105-3,leve,leve,BEV,BEV,NUEVO,1.0,1.0,0,0,"01-UNA UNIDAD DE VEHICULO VAN ELECTRICO, MARCA WULING, MODELO G105-3, ANO FABRICACION 2026, COLOR BLANCO.-"
2026-08,26DA000000397563,1,WULING,G105-3,leve,leve,BEV,BEV,NUEVO,1.0,1.0,0,0,"01-UNA UNIDAD DE VEHICULO VAN ELECTRICO, MARCA WULING, MODELO G105-3, ANO FABRICACION 2026, COLOR BLANCO.-"
2026-09,26DA000000476654,1,CHUFENG,HQG5080TQZBEVQC,leve,pesado,BEV,BEV,NUEVO,1.0,1.0,1,0,"VEHICULOS PARA EL TRANSPORTE DE MERCADERIAS ELECTRICOS EN: (01) UNIDAD DE CAMION CON MOTOR ELECTRICO MARCA CHUFENG MODELO: HQG5080TQZBEVQC, AO 2.025 COLOR AZUL CRISTAL"
2026-09,26DA000000476654,3,CHUFENG,HQG5080TQZBEVQC,leve,pesado,BEV,BEV,NUEVO,1.0,1.0,1,0,"VEHICULOS PARA EL TRANSPORTE DE MERCADERIAS ELECTRICOS EN: (01) UNIDAD DE CAMION CON MOTOR ELECTRICO , MARCA CHUFENG,  MODELO HQG5080TQZBEVQC, AO 2.025, COLOR: AZUL CRISTAL"
2026-09,26DA000000476654,4,CHUFENG,HQG5080TQZBEVQC,leve,pesado,BEV,BEV,NUEVO,1.0,1.0,1,0,"VEHICULOS PARA EL TRANSPORTE DE MERCADERIAS ELECTRICOS EN: (01) UNIDAD DE CAMION CON MOTOR ELECTRICO, MARCA CHUFENG, MODELO: HQG5080TQZBEVQC, AO: 2.025, COLOR: AZUL ELECTRICO"
2026-09,26DA000000476654,2,CHUFENG,HQG5080TQZBEVQC,leve,pesado,BEV,BEV,NUEVO,1.0,1.0,1,0,"VEHICULOS PARA EL TRANSPORTE DE MERCADERIAS ELECTRICO EN: (01) UNIDAD DE CAMION CON MOTOR ELECTRICO MARCA CHUFENG, MODELO:  HQG5080TQZBEVQC, AO 2.025, COLOR: AZUL CRISTAL"
2026-09,26DA000000474937,1,GEELY,FARIZON V7E,leve,leve,BEV,BEV,NUEVO,1.0,1.0,0,0,"UNA UNIDAD DE VEHICULO P/ TRANSPORTE DE MERCADERIA PROPULSADOS C/ MOTOR ELECTRICO DE 90KW, MARCA GEELY, MODELO FARIZON V7E, COLOR BLANCO, ANIO DE FAB 2026"
2026-09,26DA000000474937,2,GEELY,FARIZON V7E,leve,leve,BEV,BEV,NUEVO,1.0,1.0,0,0,"UNA UNIDAD DE VEHICULO P/ TRANSPORTE DE MERCADERIA PROPULSADOS C/ MOTOR ELECTRICO DE 90KW, MARCA GEELY, MODELO FARIZON V7E, COLOR BLANCO, ANIO DE FAB 2026"
2026-09,26DA000000508599,42,CHANGAN,(sin modelo),leve,leve,PHEV,PHEV,NUEVO,1.0,1.0,0,0,"EN 1 UNIDAD DE VEHICULO DE LA MARCA: CHANGAN, ANO: 2027, MODE: HUNTER REEV, COLOR: BLANCO.-"
2026-09,26DA000000508599,44,CHANGAN,(sin modelo),leve,leve,PHEV,PHEV,NUEVO,1.0,1.0,0,0,"EN 1 UNIDAD DE VEHICULO DE LA MARCA: CHANGAN, ANO: 2027, MODE: HUNTER REEV, COLOR: GRIS PLATA.-"
2026-09,26DA000000508599,43,CHANGAN,(sin modelo),leve,leve,PHEV,PHEV,NUEVO,1.0,1.0,0,0,"EN 1 UNIDAD DE VEHICULO DE LA MARCA: CHANGAN, ANO: 2027, MODE: HUNTER REEV, COLOR: BLANCO.-"
2026-09,26DA000000508599,45,CHANGAN,(sin modelo),leve,leve,PHEV,PHEV,NUEVO,1.0,1.0,0,0,"EN 1 UNIDAD DE VEHICULO DE LA MARCA: CHANGAN, ANO: 2027, MODE: HUNTER REEV, COLOR: NEGRO.-"
