marca_before,marca_after,lines,units,periods
GREATWALL¿,GREATWALL,92,92,2024-09 2024-10 2025-02 2025-04 2025-05 2025-06 2025-07 2025-08 2025-10
CANAM,CAN-AM,34,34,2022-05 2023-12 2024-01 2024-02 2024-03 2024-07 2024-10
CAN AM,CAN-AM,24,24,2022-09 2023-03 2023-07 2024-07 2024-09
IVECO ROSSETTI,IVECO,20,20,2024-05 2024-06
IVECO FACCHINI,IVECO,19,19,2024-05
NR,SIN MARCA,19,19,2025-03
LEAP MOTOR,LEAPMOTOR,17,17,2025-10
CITREON,CITROEN,7,7,2022-03
MERCDES BENZ,MERCEDES-BENZ,7,7,2022-01 2023-01 2023-05 2024-11 2025-10 2026-05
RENAULT.-,RENAULT,7,7,2024-07
EZ GO,EZGO,6,6,2025-10
ATV1,SIN MARCA,4,4,2025-03
GUANGDONG LVTONG,LVTONG,4,4,2022-05
SAIC MAXUS,MAXUS,4,4,2026-03
VOLKWAGEN,VOLKSWAGEN,4,4,2022-10 2022-11 2023-03 2025-07
GOLF,SIN MARCA,3,3,2024-04 2024-05
HYUNDAI I 20,HYUNDAI,3,3,2026-09
KIA.,KIA,3,3,2022-03 2022-12 2025-01
MERCEDES BENZ TRIELHT,MERCEDES-BENZ,3,3,2023-03
MERCEDESS,MERCEDES-BENZ,3,3,2022-07
*,MERCEDES-BENZ,2,2,2023-12 2024-11
AM GENERAL HUMVEE,AM GENERAL,2,2,2022-11 2023-03
ATV,SIN MARCA,2,2,2025-02
CLUB CAR TEMPO,CLUB CAR,2,2,2025-07 2025-12
DDR,DRR,2,2,2025-06 2026-07
DODGE RAM,RAM,2,2,2025-09 2026-02
EZGO ELIT,EZGO,2,2,2025-11
FORD FIESTA RALLY3,FORD,2,2,2026-09
HOWO NX SINOTRUK/C,SINOTRUK,2,2,2026-09
JEEP GRAND CHEROKEE LIMITED,JEEP,2,2,2024-05
KAIYUN MOTORS,KAIYUN,2,2,2024-07
MERCEDE BENZ,MERCEDES-BENZ,2,2,2022-10 2025-02
MERCEDES BENZ CATARINA,MERCEDES-BENZ,2,2,2023-04
MERCEDES BNEZ,MERCEDES-BENZ,2,2,2023-11 2024-04
MERCEDESBENZ TRIELHT,MERCEDES-BENZ,2,2,2023-01
MERCEDS BENZ,MERCEDES-BENZ,2,2,2023-03 2024-11
MISTUBISHI FUSO,MITSUBISHI FUSO,2,2,2026-08
PORCHE,PORSCHE,2,2,2022-05 2023-12
RENAUL,RENAULT,2,2,2024-05 2024-06
SUABRU,SUBARU,2,2,2022-06 2023-08
TOYOTA3,TOYOTA,2,2,2023-06 2024-06
WHEELER,CAN-AM,2,2,2025-03
*,VOLKSWAGEN,1,1,2024-11
.NISSAN,NISSAN,1,1,2024-04
01) UNA UNIDAD CAMIO,GEELY,1,1,2025-06
2000,DAIHATSU,1,1,2026-01
6420,SIN MARCA,1,1,2022-11
ALEMANIA,AUDI,1,1,2023-06
AUDI AG,AUDI,1,1,2025-10
AUDI AG.,AUDI,1,1,2022-02
AZUL,SUBARU,1,1,2025-11
BLANCO,KENTON,1,1,2026-07
BMW AG,BMW,1,1,2025-06
CADILAC,CADILLAC,1,1,2025-04
CAR CLUB,CLUB CAR,1,1,2024-08
CHALLENGER,DODGE,1,1,2026-03
CHANGHAN,CHANGAN,1,1,2025-01
CHEV ROLET,CHEVROLET,1,1,2025-01
CHEVROLET .,CHEVROLET,1,1,2024-02
"CHEVROLET, CAMARO SS",CHEVROLET,1,1,2025-12
CHVROLET,CHEVROLET,1,1,2022-03
CITOREN,CITROEN,1,1,2026-04
CITRON,CITROEN,1,1,2022-04
CLUB-CAR,CLUB CAR,1,1,2025-08
COROLLA,TOYOTA,1,1,2022-07
CTIROEN,CITROEN,1,1,2022-07
DAHIATSU,DAIHATSU,1,1,2025-03
DEFSK,DFSK,1,1,2023-08
DODG,DODGE,1,1,2022-12
DONFENG,DONGFENG,1,1,2025-03
DSFK,DFSK,1,1,2022-01
DUTRO,HINO,1,1,2023-11
EURO3 WORKER,VOLKSWAGEN,1,1,2023-03
EZCO,EZGO,1,1,2022-02
EZGO TXT,EZGO,1,1,2025-08
F0RD,FORD,1,1,2024-07
FOR,FORD,1,1,2023-06
FORD TRANSIT,FORD,1,1,2022-12
FUS,FUSO,1,1,2022-06
FUS0,FUSO,1,1,2022-09
GAC AION,GAC,1,1,2025-08
GHIBLI,MASERATI,1,1,2025-06
GONGFENG,DONGFENG,1,1,2023-06
GRIS,KENTON,1,1,2025-04
HKD,HDK,1,1,2024-05
HUBEI,JAC,1,1,2025-02
HYUNDAI SANTA FE,HYUNDAI,1,1,2023-12
INDIA,TATA,1,1,2022-01
INIFINITI,INFINITI,1,1,2026-06
IZUZU,ISUZU,1,1,2026-05
JEOTUR,JETOUR,1,1,2022-11
JEPP,JEEP,1,1,2024-05
JET,JEEP,1,1,2022-02
JM,JIM,1,1,2022-11
JMC.,JMC,1,1,2022-12
JOHN DEERE GATOR,JOHN DEERE,1,1,2024-06
KAYO.,KAYO,1,1,2022-05
KIS,KIA,1,1,2024-11
LAMBORCHINI,LAMBORGHINI,1,1,2024-12
LANGE ROVER,RANGE ROVER,1,1,2025-11
LIBRE,TOYOTA,1,1,2026-05
MADZA,MAZDA,1,1,2026-01
MASSEY FERGUSON,VOLVO,1,1,2025-03
MERCCEDES BENZ,MERCEDES-BENZ,1,1,2023-11
MERCDDES BENZ,MERCEDES-BENZ,1,1,2023-10
MERCEDCDES BENZ,MERCEDES-BENZ,1,1,2025-06
MERCEDED BENZ,MERCEDES-BENZ,1,1,2024-05
MERCEDES BEN,MERCEDES-BENZ,1,1,2025-03
MERCEDES BENX,MERCEDES-BENZ,1,1,2022-06
MERCEDES BENZ AG,MERCEDES-BENZ,1,1,2023-03
MERCEDES BENZ SPRINTER,MERCEDES-BENZ,1,1,2024-01
MERCEDES BENZ3,MERCEDES-BENZ,1,1,2023-01
MERCESDES BENZ,MERCEDES-BENZ,1,1,2026-04
MERDECES-BENZ,MERCEDES-BENZ,1,1,2026-04
MERDEDES BENZ,MERCEDES-BENZ,1,1,2026-08
MEREDES BENZ,MERCEDES-BENZ,1,1,2022-11
MIITSUBISHI,MITSUBISHI,1,1,2024-02
MINI ONE,MINI,1,1,2024-08
MINIPA,MERCEDES-BENZ,1,1,2026-05
MISTUBISHI,MITSUBISHI,1,1,2022-08
MITSIBISHI,MITSUBISHI,1,1,2022-05
MITSUBICHI,MITSUBISHI,1,1,2026-06
"MITSUBISHI21.496,52",MITSUBISHI,1,1,2026-09
MITSUBISIHI,MITSUBISHI,1,1,2026-04
MITSUBSHI,MITSUBISHI,1,1,2022-11
MITSUSBISHI,MITSUBISHI,1,1,2025-02
MITUSBISHI,MITSUBISHI,1,1,2026-06
ML,MERCEDES-BENZ,1,1,2023-06
MRCEDES BENZ,MERCEDES-BENZ,1,1,2022-01
MTSUBISHI,MITSUBISHI,1,1,2023-11
NASH METROPOLITAN,NASH,1,1,2023-06
NAXUS,MAXUS,1,1,2023-09
NE,SIN MARCA,1,1,2025-03
NISSSAN,NISSAN,1,1,2025-05
NNISSAN,NISSAN,1,1,2023-12
OLDSMOVIL,OLDSMOBILE,1,1,2023-03
OYOTA,TOYOTA,1,1,2025-06
PEPUGEOT,PEUGEOT,1,1,2025-04
PEUGOET,PEUGEOT,1,1,2025-07
PORSHE,PORSCHE,1,1,2025-06
POSCHE,PORSCHE,1,1,2025-12
QCG,IVECO,1,1,2023-06
RACTIS,TOYOTA,1,1,2025-08
RANAULT,RENAULT,1,1,2026-09
REANAULT,RENAULT,1,1,2023-02
ROJO,KENTON,1,1,2022-02
SANTA FE,HYUNDAI,1,1,2025-11
SCANIA.,SCANIA,1,1,2026-02
SEAGWAY,SEGWAY,1,1,2022-11
SEWGWAY,SEGWAY,1,1,2025-10
SGWAY,SEGWAY,1,1,2024-12
SHACMAN F3000,SHACMAN,1,1,2025-12
SINOTRUCK,SINOTRUK,1,1,2022-11
SINTRUK,SINOTRUK,1,1,2025-03
SKODA FABIA,SKODA,1,1,2025-09
SMART FORTWO,SMART,1,1,2024-08
SSANG YONG,SSANGYONG,1,1,2022-01
SSANGYON,SSANGYONG,1,1,2024-05
SSANGYOUNG,SSANGYONG,1,1,2023-07
STAREX,HYUNDAI,1,1,2022-01
SUZULI,SUZUKI,1,1,2023-06
TAT,TATA,1,1,2026-08
TESLA.,TESLA,1,1,2023-01
TOPYOTA,TOYOTA,1,1,2025-01
TOTYOTA,TOYOTA,1,1,2025-04
TOURING,SIN MARCA,1,1,2023-09
TOYOACE,TOYOTA,1,1,2023-10
TOYOITA,TOYOTA,1,1,2024-02
TOYOT,TOYOTA,1,1,2023-08
TOYOTA LAND CRUISER,TOYOTA,1,1,2026-05
TOYOTAA,TOYOTA,1,1,2025-03
TOYOTYA,TOYOTA,1,1,2022-03
TOYTOA,TOYOTA,1,1,2025-06
TOYUOTA,TOYOTA,1,1,2023-06
TRAILBLAZER PREMIER 2.8 4X4 AT,CHEVROLET,1,1,2023-06
TRIELHT MERCEDES BENZ,MERCEDES-BENZ,1,1,2023-04
TYOOTA,TOYOTA,1,1,2025-11
VITZ,TOYOTA,1,1,2024-11
VOLKSWAGE,VOLKSWAGEN,1,1,2025-02
"VOLKSWAGEN71919,11",VOLKSWAGEN,1,1,2023-06
VOLKSWAGWEN,VOLKSWAGEN,1,1,2022-04
VOLSKSWAGEN,VOLKSWAGEN,1,1,2022-02
WV GOL,VOLKSWAGEN,1,1,2025-07
ZHEJIAN YOCHUANG,ZHEJIANG YOCHUANG,1,1,2023-12
ZUSUKI,SUZUKI,1,1,2024-06
