status,marca_before,modelo_before,powertrain,lines,units_all_years,units_2026,marca_after,modelo_after,edicion_after,example_period,example_despacho,example_item,example_mercaderia,note
flagged,TATA,2023 DIESEL,ICE,1,1,0,TATA,2023 DIESEL,,2023-05,23DA000000221170,24,UNA UNIDAD CHASIS Y MOTOR Y CABINA TIPO CAMIONETA MARCA TATA MODELO MMBJJKL10PH030140 A¿O DE FABRICACION 2022 A¿O MODELO 2023 DIESEL,no model in the text for this brand; left as is
flagged,MERCEDES-BENZ,2011 MOVIDO A DIESEL,ICE,1,1,0,MERCEDES-BENZ,2011 MOVIDO A DIESEL,,2025-05,25DA000000233395,2,01) UN CAMION CON CHASIS Y CABINA USADO MARCA: SCANIA MODELO: ATEGO 816 A¿O FABRICACION 2010 A¿O MODELO: 2011 MOVIDO A DIESEL.-,no model in the text for this brand; left as is
cleaned,HYUNDAI,NEW GRAND I10 NAFT,ICE,370,370,0,HYUNDAI,NEW GRAND I10,,2024-08,24DA000000369880,6,"VEHICULOS AUTOMOVILES PARA EL TRANSPORTE DE PERSONAS, MARCA: HYUNDAI , MODELO : NEW GRAND I10 NAFT. 1.0, MEC. GL",
cleaned,HYUNDAI,NEW HB20 HATCH 16 NAFT AUTCON SUS ACCESORIOS CORRESPONDIENTE,ICE,238,238,176,HYUNDAI,NEW HB20 HATCH,,2025-08,25DA000000421891,3,VEHICULOS AUTOMOVILES PARA EL TRANSPORTE DE PERSONAS MARCA HYUNDAI MODELO NEW HB20 HATCH 16 NAFT AUTCON SUS ACCESORIOS CORRESPONDIENTES,
cleaned,NISSAN,NEW KICKS 220T EXCLUSIVE 6 DCT - FLEX FLEX,ICE,209,209,148,NISSAN,NEW KICKS,EXCLUSIVE,2025-07,25DA000000325914,1,"DE LOS TIPOS DENOMINADOS ""FLEX FUEL"" EN: 01- UN AUTOMOVIL MARCA NISSAN MODELO NEW KICKS 220T EXCLUSIVE 6 DCT - FLEX FLEX AO DE FABRICACION 2025 MODELO AO 2026 CON SUS ACCESORIOS NORMALES",
cleaned,HYUNDAI,NEW HB20S 16 NAFT ATCON SUS ACCESORIOS CORRESPONDIENTES,ICE,204,204,139,HYUNDAI,NEW HB20S,,2025-08,25DA000000419791,4,VEHICULOS AUTOMOVILES PARA EL TRANSPORTE DE PERSONAS MARCA HYUNDAI MODELO NEW HB20S 16 NAFT ATCON SUS ACCESORIOS CORRESPONDIENTES,
cleaned,GEELY,EMGRAND GX3 PRO NAFTERO,ICE,168,168,0,GEELY,EMGRAND GX3 PRO,,2025-05,25DA000000202570,11,"VEHICULOS AUTOMOVILES PARA EL TRANSPORTE DE PERSONAS, MARCA GEELY, MODELO: EMGRAND GX3 PRO NAFTERO, MOTOR 1.5,¿AUT.GF., CON SUS ACCESORIOS CORRESPONDIENTES",
cleaned,MITSUBISHI,2023 DIESEL,ICE,153,153,0,MITSUBISHI,L200 TRITON SPORT GLS,,2022-08,22DA000000270016,3,UNA UNIDAD CAMIONETA DOBLE CABINA 4X4 MT MARCA MITSUBISHI MODELO L200 TRITON SPORT GLS A¿O DE FABRICACION 2022 A¿O MODELO 2023 DIESEL,
cleaned,DFSK,SERES 500 MOVIDO A NAFTA,ICE,152,152,0,DFSK,SERES 500,,2022-10,22DA000000400487,8,1)UNIDAD DE SUV MARCA DFSK MODELO SERES 500 MOVIDO A NAFTA DE 1498 CC. A¿O 2023,
cleaned,NISSAN,NEW KICKS 220T ADVANCE PLUS 6 DCT - FLEX FLEX,ICE,140,140,140,NISSAN,NEW KICKS,ADVANCE PLUS,2026-03,26DA000000141845,1,"DE LOS TIPOS DENOMINADOS ""FLEX FUEL"" EN: 01- UN AUTOMOVIL MARCA NISSAN MODELO NEW KICKS 220T ADVANCE PLUS 6 DCT - FLEX FLEX AO DE FABRICACION 2025 MODELO AO 2026 CON SUS ACCESORIOS NORMALES",
cleaned,TOYOTA,ALLION NAFTERO,ICE,115,115,16,TOYOTA,ALLION,,2022-01,22DA000000011177,3,01- UNID AUTOMOVIL MARCA TOYOTA MODELO ALLION NAFTERO DE 1790 C.C. A¿O 2011.-,
cleaned,GEELY,COOLRAY LITE NAFTERO,ICE,81,81,26,GEELY,COOLRAY LITE,,2025-06,25DA000000283218,13,VEHICULOS AUTOMOVILES PARA EL TRASNPORTE DE PERSONAS MARCA GEELY MODELO COOLRAY LITE NAFTERO MOTOR 1.5 MEC¿NICO,
cleaned,MITSUBISHI,2023 DIESEL,ICE,76,76,0,MITSUBISHI,L200 TRITON SPORT GLX,,2022-08,22DA000000237824,9,UNA UNIDAD CAMIONETA DOBLE CABINA 4X4 MARCA MITSUBISHI MODELO L200 TRITON SPORT GLX A¿O DE FABRICACION 2022 A¿O MODELO 2023 DIESEL,
cleaned,MITSUBISHI,2023 DIESEL,ICE,65,65,0,MITSUBISHI,L200 TRITON SPORT GL,,2022-08,22DA000000239704,2,UNA UNIDAD CAMIONETA CABINA SIMPLE 4X4 MARCA MITSUBISHI MODELO L200 TRITON SPORT GL A¿O DE FABRICACION 2022 A¿O MODELO 2023 DIESEL,
cleaned,MITSUBISHI,2024 DIESEL,ICE,63,63,0,MITSUBISHI,L200 TRITON SPORT GLS,,2024-04,24DA000000144650,5,1 UNIDAD CAMIONETA MARCA MITSUBISHI DOBLE CABINA 4X4 MODELO L200 TRITON SPORT GLS CVT A¿O DE FABRICACION 2023 A¿O MODELO 2024 DIESEL..,
cleaned,HYUNDAI,NEW HB20S NAFT,ICE,61,61,45,HYUNDAI,NEW HB20S,,2024-02,24DA000000073659,1,"VEHICULOS AUTOMOVILES PARA EL TRANSPORTE DE PERSONAS, MARCA: HYUNDAI, MODELO: NEW HB20S NAFT. 1,6 AUT.",
cleaned,GEELY,COOLRAY FL NAFT,ICE,60,60,15,GEELY,COOLRAY FL,,2025-12,25DA000000628325,42,VEHICULOS AUTOMOVILES PARA EL TRASNPORTE DE PERSONAS MARCA GEELY MODELO COOLRAY FL NAFT 1.5 AUT GF,
cleaned,TOYOTA,PREMIO NAFTERO,ICE,58,58,11,TOYOTA,PREMIO,,2022-01,22DA000000011177,2,01- UNID AUTOMOVIL MARCA TOYOTA MODELO PREMIO NAFTERO DE 1790 C.C. A¿O 2004.-,
cleaned,NISSAN,NEW KICKS 220T SENSE 6 DCT - FLEX FLEX,ICE,57,57,57,NISSAN,NEW KICKS,SENSE,2026-03,26DA000000141846,9,"DE LOS TIPOS DENOMINADOS ""FLEX FUEL"" EN: 01- UN AUTOMOVIL MARCA NISSAN MODELO NEW KICKS 220T SENSE 6 DCT - FLEX FLEX AO DE FABRICACION 2025 MODELO AO 2026 CON SUS ACCESORIOS NORMALES",
cleaned,MITSUBISHI,2022 DIESEL,ICE,51,51,0,MITSUBISHI,L200 TRITON SPORT HPE-S,,2022-02,22DA000000031861,1,UNA UNIDAD CAMIONETA DOBLE CABINA 4X4 MARCA MITSUBISHI MODELO L200 TRITON SPORT HPE-S A¿O DE FABRICACION 2021 A¿O MODELO 2022 DIESEL CC 2400.,
cleaned,TOYOTA,RUSH NAFTERO,ICE,41,41,4,TOYOTA,RUSH,,2022-03,22DA000000040940,2,01- UNID STATION WAGON MARCA TOYOTA MODELO RUSH NAFTERO DE 1500 C.C. A¿O 2007.-,
cleaned,RENAULT,DUSTER INTENS AT6 DIESEL,ICE,41,41,0,RENAULT,DUSTER INTENS,,2022-08,22DA000000243089,8,1)UNA UNIDAD STATION WAGON OKM;MARCA RENAULT;MODELO DUSTER INTENS AT6 DIESEL,
cleaned,HYUNDAI,NEW TUCSON NAFT,ICE,41,41,0,HYUNDAI,NEW TUCSON,,2023-05,23DA000000196789,2,"VEHICULOS AUTOMOVILES PARA EL TRANSPORTE DE PERSONAS, CAMIONETA MARCA: HYUNDAI, MOD: NEW TUCSON NAFT. AUT.4X2 GL",
cleaned,HYUNDAI,NEW HB20 HATCH 10 FLEX MTCON SUS ACCESORIOS CORRESPONDIENTES,ICE,41,41,10,HYUNDAI,NEW HB20 HATCH,,2025-08,25DA000000419791,9,VEHICULOS AUTOMOVILES PARA EL TRANSPORTE DE PERSONAS MARCA HYUNDAI MODELO NEW HB20 HATCH 10 FLEX MTCON SUS ACCESORIOS CORRESPONDIENTES,
cleaned,HYUNDAI,TUCSON LIMITED 16CC TURBO AT GASOLINA,ICE,39,39,0,HYUNDAI,TUCSON LIMITED,,2025-07,25DA000000357139,6,VEHICULOS AUTOMOVILES PARA EL TRANSPORTE DE PERSONAS MARCA HYUNDAI MODELO TUCSON LIMITED 16CC TURBO AT GASOLINA CON SUS ACCESORIOS CORRESPONDIENTES,
cleaned,MITSUBISHI,2025 DIESEL,ICE,38,38,0,MITSUBISHI,L200 TRITON SPORT,,2024-11,24DA000000539377,2,1 UNIDAD CAMIONETA MARCA MITSUBISHI DOBLE CABINA 4X4 MODELO L200 TRITON SPORT 4WD 6AT GLS HPE A¿O DE FABRICACION 2024 A¿O MODELO 2025 DIESEL,
cleaned,MITSUBISHI,2022 DIESEL,ICE,34,34,0,MITSUBISHI,L200 TRITON SPORT GLS,,2022-03,22DA000000050879,1,UNA UNIDAD CAMIONETA DOBLE CABINA 4X4 MARCA MITSUBISHI MODELO L200 TRITON SPORT GLS A¿O DE FABRICACION 2021 A¿O MODELO 2022 DIESEL CC 2400.,
cleaned,GEELY,COOLRAY LITE NAFT,ICE,34,34,34,GEELY,COOLRAY LITE,,2026-06,26DA000000276940,80,"VEHICULOS AUTOMOVILES PARA EL TRANSPORTE DE PERSONAS, CAMIONETA MARCA: GEELY , MOD: COOLRAY LITE NAFT. 1,5 AUT.",
cleaned,HYUNDAI,SANTA FE DIESEL,ICE,33,33,0,HYUNDAI,SANTA FE,,2022-01,22DA000000018248,2,01- UNID STATION WAGON MARCA HYUNDAI MODELO SANTA FE DIESEL DE 2200 C.C. A¿O 2008.-,
cleaned,OMODA,A C5 CVT NAFTERO,ICE,33,33,33,OMODA,C5,,2026-09,26DA000000490770,1,VEHICULO DE LA MARCA OMODA C5 CVT NAFTERO DE 1500 C.C. AO DE FABRICACION 2026 AO 2027 CON SUS ACCESORIOS CORRESPONDIENTES,
cleaned,MITSUBISHI,2026 DIESEL,ICE,32,32,0,MITSUBISHI,L200 TRITON SPORT,,2025-06,25DA000000289589,2,1 UNIDAD CAMIONETA MARCA MITSUBISHI DOBLE CABINA MODELO L200 TRITON SPORT 4WD GLS AT INTERMEDIA A¿O DE FABRICACION 2025 A¿O MODELO 2026 DIESEL,
cleaned,TOYOTA,FUNCARGO NAFTERO,ICE,31,31,0,TOYOTA,FUNCARGO,,2022-01,22DA000000016665,3,01- UNID STATION WAGON MARCA TOYOTA MODELO FUNCARGO NAFTERO DE 1300 C.C. A¿O 2004.-,
cleaned,HYUNDAI,TUCSON DIESEL,ICE,31,31,1,HYUNDAI,TUCSON,,2022-01,22DA000000018248,4,01- UNID STATION WAGON MARCA HYUNDAI MODELO TUCSON DIESEL DE 2000 C.C. A¿O 2007.-,
cleaned,KENTON,T-BOSS 55 MOVIDO A NAFTA,ICE,31,31,0,KENTON,T-BOSS 55,,2024-02,24DA000000054544,3,1)UNIDAD VEHICULO UTV MODELO T-BOSS 55 MOVIDO A NAFTA DE CILINDRADA 550,
cleaned,MITSUBISHI,CANTER DIESEL,ICE,28,28,2,MITSUBISHI,CANTER,,2022-02,22DA000000036721,1,01- UNID CAMION BARANTA BAJA MARCA MITSUBISHI MODELO CANTER DIESEL DE 2000 C.C. A¿O 2004.-,
cleaned,GEELY,COORAY NAFT,ICE,27,27,0,GEELY,COOLRAY,,2025-04,25DA000000194647,6,"VEHICULOS AUTOMOVILES PARA EL TRASNPORTE GEELY DE PERSONAS, CAMIONETA MARCA GEELY MOD COORAY NAFT 1,5 AUT",
cleaned,HYUNDAI,NEW HB20S 16 NAFT MECCON SUS ACCESORIOS CORRESPONDIENTES,ICE,27,27,15,HYUNDAI,NEW HB20S,,2025-08,25DA000000421891,1,VEHICULOS AUTOMOVILES PARA EL TRANSPORTE DE PERSONAS MARCA HYUNDAI MODELO NEW HB20S 16 NAFT MECCON SUS ACCESORIOS CORRESPONDIENTES,
cleaned,HYUNDAI,ALL NEW TUCSON NAFT,ICE,25,25,0,HYUNDAI,ALL NEW TUCSON,,2024-12,24DA000000600047,21,"VEHICULOS AUTOMOVILES PARA EL TRANSPORTE DE PERSONAS, CAMIONETA MARCA: HYUNDAI, MOD: ALL NEW TUCSON NAFT. MOTOR 2.0 AUT. GL",
cleaned,GEELY,STARRAY NAFTERO,ICE,25,25,10,GEELY,STARRAY,,2025-06,25DA000000283218,4,VEHICULOS AUTOMOVILES PARA EL TRASNPORTE DE PERSONAS MARCA GEELY MODELO STARRAY NAFTERO MOTOR 2.0 TD AUTOMATICO GF,
cleaned,MITSUBISHI,2022 DIESEL,ICE,24,24,0,MITSUBISHI,L200 TRITON OUTDOOR GLX,,2022-04,22DA000000152038,14,UNA UNIDAD CAMIONETA DOBLE CABINA 4X4 MARCA MITSUBISHI MODELO L200 TRITON OUTDOOR GLX A¿O DE FABRICACION 2021 A¿O MODELO 2022 DIESEL CC 2400,
cleaned,MITSUBISHI,2025 DIESEL,ICE,21,21,0,MITSUBISHI,L200 TRITON SPORT GLX,,2025-03,25DA000000113798,2,1 UNIDAD CAMIONETA MARCA MITSUBISHI DOBLE CABINA 4X4 MODELO L200 TRITON SPORT GLX MT INTERMEDIA A¿O DE FABRICACION 2024 A¿O MODELO 2025 DIESEL,
cleaned,HYUNDAI,NEW GRAND I10 HATCHBACK NAFT,ICE,21,21,20,HYUNDAI,NEW GRAND I10 HATCHBACK,,2025-04,25DA000000182590,1,"VEHICULOS AUTOMOVILES PARA EL TRANSPORTE DE PERSONAS, MARCA: HYUNDAI , MODELO : NEW GRAND I10 HATCHBACK NAFT. 1.2, AUT. GLS",
cleaned,TATA,2023 DIESEL,ICE,20,20,0,TATA,INTRA V10 LHD AC,,2023-05,23DA000000221170,3,UNA UNIDAD CAMIONETA MARCA TATA MODELO INTRA V10 LHD AC E IV A¿O DE FABRICACION 2022 A¿O MODELO 2023 DIESEL,
cleaned,HYUNDAI,STARGAZER NAFT,ICE,20,20,0,HYUNDAI,STARGAZER,,2024-08,24DA000000370456,5,"VEHICULOS AUTOMOVILES PARA EL TRANSPORTE DE PERSONAS, ST/WAGON, MARCA: HYUNDAI , MOD: STARGAZER NAFT. 1,5 AUT. GLS 7 PASAJEROS.",
cleaned,MITSUBISHI,CANTER GUTS DIESEL,ICE,19,19,10,MITSUBISHI,CANTER GUTS,,2022-01,22DA000000003905,5,01- UNID CAMION CON BARANTA BAJA MARCA MITSUBISHI MODELO CANTER GUTS DIESEL DE 2830 C.C. A¿O 2001.-,
cleaned,TATA,2023 DIESEL,ICE,19,19,0,TATA,SUPER ACE MINT LHD,,2023-05,23DA000000209235,4,UNA UNIDAD CAMIONETA MARCA TATA MODELO SUPER ACE MINT LHD EIV DLE A¿O DE FABRICACION 2022 A¿O MODELO 2023 DIESEL,
cleaned,HYUNDAI,NEW HB20 HATCH NAFT,ICE,19,19,4,HYUNDAI,NEW HB20 HATCH,,2023-11,23DA000000848088,6,"VEHICULOS AUTOMOVILES PARA EL TRANSPORTE DE PERSONAS, MARCA: HYUNDAI, MODELO: NEW HB20 HATCH NAFT. 1,6 AUT.",
cleaned,RENAULT,NUEVA MASTER L1H1 DIESEL PLUS,ICE,17,17,0,RENAULT,NUEVA MASTER L1H1 PLUS,,2022-08,22DA000000265994,2,1)UNA UNIDAD FURGON OKM;MARCA RENAULT;MODELO NUEVA MASTER L1H1 DIESEL PLUS,
cleaned,PORSCHE,MACAN NAFTERO,ICE,15,15,0,PORSCHE,MACAN,,2022-02,22DA000000289847,1,"1) UNIDAD VEHICULO DE LA MARCA PORSCHE TIPO CAMIONETA; MODELO MACAN NAFTERO 2.0, A¿O DE FABRICACION 2021; MODELO A¿O 2022 ; CON SUS ACCESORIOS NORMALES Y OPCIONALES.-",
cleaned,GEELY,COOLRAY GF NAFT,ICE,15,15,15,GEELY,COOLRAY GF,,2026-09,26DA000000471716,19,"VEHICULOS AUTOMOVILES PARA EL TRANSPORTE DE PERSONAS, CAMIONETA MARCA: GEELY, MOD: COOLRAY GF NAFT. 1.5 AUT.",
cleaned,RENAULT,NUEVA MASTER L2H2 DIESEL PLUS,ICE,14,14,0,RENAULT,NUEVA MASTER L2H2 PLUS,,2022-06,22DA000000189138,2,1)UNA UNIDAD FURGON OKM;MARCA RENAULT;MODELO NUEVA MASTER L2H2 DIESEL PLUS,
cleaned,MITSUBISHI,2025 DIESEL,ICE,14,14,0,MITSUBISHI,L200 TRITON SPORT GLS,,2025-03,25DA000000113798,5,1 UNIDAD CAMIONETA MARCA MITSUBISHI DOBLE CABINA 4X4 MODELO L200 TRITON SPORT GLS AT INTERMEDIA A¿O DE FABRICACION 2024 A¿O MODELO 2025 DIESEL,
cleaned,GEELY,COOLRAY GS+ NAFT,ICE,14,14,14,GEELY,COOLRAY GS+,,2026-09,26DA000000471716,47,"VEHICULOS AUTOMOVILES PARA EL TRANSPORTE DE PERSONAS, CAMIONETA MARCA: GEELY, MOD: COOLRAY GS+ NAFT. 1.5 AUT.",
cleaned,GEELY,EMGRAND GX3 PRO NAFT,ICE,13,13,0,GEELY,EMGRAND GX3 PRO,,2023-06,23DA000000228130,1,"VEHICULOS AUTOMOVILES PARA EL TRANSPORTE DE PERSONAS, CAMIONETA MARCA: GEELY , MOD: EMGRAND GX3 PRO NAFT. 1,5 MEC. GB",
cleaned,TATA,2022 DIESEL,ICE,12,12,0,TATA,SUPER ACE MINT LHD,,2022-01,22DA000000013084,8,UNA UNIDAD CAMIONETA MARCA TATA MODELO SUPER ACE MINT LHD EIV DLE A¿O DE FABRICACION 2021 A¿O MODELO 2022 DIESEL,
cleaned,TOYOTA,WISH NAFTERO,ICE,12,12,6,TOYOTA,WISH,,2024-04,24DA000000144343,3,01- UNID STATION WAGON MARCA TOYOTA MODELO WISH NAFTERO DE 1790 C.C. A¿O 2011.-,
cleaned,GEELY,CITYRAY GF NAFT,ICE,12,12,12,GEELY,CITYRAY GF,,2026-09,26DA000000471716,4,"VEHICULOS AUTOMOVILES PARA EL TRANSPORTE DE PERSONAS, CAMIONETA MARCA: GEELY, MOD: CITYRAY GF NAFT. 1.5 AUT.",
cleaned,GEELY,COOLRAY GK NAFT,ICE,12,12,12,GEELY,COOLRAY GK,,2026-09,26DA000000471716,32,"VEHICULOS AUTOMOVILES PARA EL TRANSPORTE DE PERSONAS, CAMIONETA MARCA: GEELY, MOD: COOLRAY GK NAFT. 1.5 AUT.",
cleaned,MITSUBISHI,2022 DIESEL,ICE,9,9,0,MITSUBISHI,L200 TRITON SPORT HPE,,2022-01,22DA000000005557,1,UNA UNIDAD CAMIONETA DOBLE CABINA 4X4 MARCA MITSUBISHI MODELO L200 TRITON SPORT HPE A¿O DE FABRICACION 2021 A¿O MODELO 2022 DIESEL CC 2400.,
cleaned,TOYOTA,BELTA NAFTERO,ICE,9,9,0,TOYOTA,BELTA,,2022-07,22DA000000218287,1,01- UNID AUTOMOVIL MARCA TOYOTA MODELO BELTA NAFTERO DE 1290 C.C. A¿O 2009.-,
cleaned,HYUNDAI,ALL NEW TUCSON DIESEL,ICE,9,9,0,HYUNDAI,ALL NEW TUCSON,,2025-03,25DA000000138645,7,"VEHICULOS AUTOMOVILES PARA EL TRANSPORTE DE PERSONAS, CAMIONETA MARCA: HYUNDAI, MOD: ALL NEW TUCSON DIESEL 4X2 MOTOR 2.0 AUT. GL",
cleaned,TATA,2023 DIESEL,ICE,8,8,0,TATA,INTRA V10 AC,,2022-08,22DA000000233624,4,UNA UNIDAD CAMIONETA MARCA TATA MODELO INTRA V10 AC A¿O DE FABRICACION 2022 A¿O MODELO 2023 DIESEL,
cleaned,MITSUBISHI,2024 DIESEL,ICE,8,8,0,MITSUBISHI,L200 TRITON SPORT GLX,,2024-04,24DA000000144650,2,1 UNIDAD CAMIONETA MARCA MITSUBISHI DOBLE CABINA 4X4 MODELO L200 TRITON SPORT GLX A¿O DE FABRICACION 2023 A¿O MODELO 2024 DIESEL..,
cleaned,MAHINDRA,S6 DIESEL,ICE,8,8,8,MAHINDRA,S6,,2026-01,26DA000000026172,12,"CAMIONETA, PICKUP, MARCA : MAHINDRA C/S MOD: S6 DIESEL ,2.2CC 4X4 MT CON SUS ACCESORIOS",
cleaned,MITSUBISHI,2022 DIESEL,ICE,7,7,0,MITSUBISHI,L200 TRITON SPORT OUTDOOR,,2022-04,22DA000000160305,4,UNA UNIDAD CAMIONETA DOBLE CABINA 4X4 MARCA MITSUBISHI MODELO L200 TRITON SPORT OUTDOOR GLX A¿O DE FABRICACION 2021 A¿O MODELO 2022 DIESEL CC 2400,
cleaned,MITSUBISHI,2025 DIESEL,ICE,7,7,0,MITSUBISHI,L200 TRITON SPORT D,,2025-05,25DA000000201485,4,1 UNIDAD CAMIONETA MARCA MITSUBISHI DOBLE CABINA 4X4 MODELO L200 TRITON SPORT D DC 4WD CVT GLS HPE A¿O DE FABRICACION 2024 A¿O MODELO 2025 DIESEL,
cleaned,MITSUBISHI,2026 DIESEL,ICE,7,7,0,MITSUBISHI,L200 TRITON SPORT D,,2025-06,25DA000000289589,10,1 UNIDAD CAMIONETA MARCA MITSUBISHI DOBLE CABINA MODELO L200 TRITON SPORT D DC 4WD CVT GLS HPE A¿O DE FABRICACION 2025 A¿O MODELO 2026 DIESEL,
cleaned,RENAULT,MASTER L1H1 DIESEL PLUS,ICE,6,6,0,RENAULT,MASTER L1H1 PLUS,,2022-06,22DA000000184005,2,1)UNA UNIDAD FURGON OKM;MARCA RENAULT;MODELO MASTER L1H1 DIESEL PLUS,
cleaned,TATA,2023 DIESEL,ICE,6,6,0,TATA,LPT 613/38 LHD,,2022-12,22DA000000362209,1,UNA UNIDAD CHASIS CON MOTOR Y CABINA TIPO CAMION MARCA TATA MODELO LPT 613/38 LHD 697TCIC EURO II A¿O DE FABRICACION 2022 A¿O MODELO 2023 DIESEL,
cleaned,TOYOTA,PREMIO - NAFTA,ICE,6,6,0,TOYOTA,PREMIO,,2023-01,23DA000000031390,5,1-AUTOMOVIL USADO MARCA TOYOTA MODELO PREMIO - NAFTA,
cleaned,TOYOTA,ALLION - NAFTA,ICE,6,6,0,TOYOTA,ALLION,,2023-01,23DA000000031390,7,1-AUTOMOVIL USADO MARCA TOYOTA MODELO ALLION - NAFTA,
cleaned,HYUNDAI,NEW TUCSON DIESEL,ICE,6,6,0,HYUNDAI,NEW TUCSON,,2023-05,23DA000000196789,9,"VEHICULOS AUTOMOVILES PARA EL TRANSPORTE DE PERSONAS, CAMIONETA MARCA: HYUNDAI, MOD: NEW TUCSON DIESEL. AUT.4X2 GLE FULL",
cleaned,TATA,2023 DIESEL,ICE,6,6,0,TATA,LPT 709E/38 I2K PS,,2023-08,23DA000000656927,7,UNA UNIDAD CAMION MARCA TATA MODELO LPT 709E/38 I2K PS SCAM PTOPR TPL GR00 A¿O DE FABRICACION 2022 A¿O MODELO 2023 DIESEL,
cleaned,TOYOTA,TOWNACE DIESEL,ICE,5,5,0,TOYOTA,TOWNACE,,2022-07,22DA000000218287,2,01- UNID STATION WAGON MARCA TOYOTA MODELO TOWNACE DIESEL DE 2180 C.C. A¿O 2001.-,
cleaned,DFSK,K01S MOVIDO A NAFTA,ICE,5,5,0,DFSK,K01S,,2022-10,22DA000000400487,6,1)UNIDAD DE MINI TRUCK MARCA DFSK MODELO K01S MOVIDO A NAFTA DE 1050 CC. A¿O 2023,
cleaned,TATA,2022 DIESEL,ICE,4,4,0,TATA,LPT 613 38 LHD,,2022-01,22DA000000013084,10,UNA UNIDAD CHASIS CON MOTOR Y CABINA TIPO CAMION MARCA TATA MODELO LPT 613 38 LHD 697TCIC EURO II ENGINE 31 A¿O DE FABRICACION 2021 A¿O MODELO 2022 DIESEL,
cleaned,TATA,2022 DIESEL,ICE,4,4,0,TATA,SFC 407,,2022-01,22DA000000013084,15,UNA UNIDAD CAMION MARCA TATA MODELO SFC 407 TRUCK WITH 4SPTC ENGINE EN A¿O DE FABRICACION 2021 A¿O MODELO 2022 DIESEL,
cleaned,TOYOTA,AXIO NAFTERO,ICE,4,4,1,TOYOTA,AXIO,,2022-07,22DA000000206515,4,01- UNID AUTOMOVIL MARCA TOYOTA MODELO AXIO NAFTERO DE 1490 C.C. A¿O 2011.-,
cleaned,NISSAN,ATLAS - DIESEL,ICE,4,4,0,NISSAN,ATLAS,,2022-10,22DA000000405458,2,1- UNIDAD CAMION USADO MARCA NISSAN MODELO ATLAS - DIESEL,
cleaned,TATA,2023 DIESEL,ICE,4,4,0,TATA,LPT 407,,2022-12,22DA000000362209,10,UNA UNIDAD CAMION MARCA TATA MODELO LPT 407 34EX2TT LHD EURO II CBL A¿O DE FABRICACION 2022 A¿O MODELO 2023 DIESEL,
cleaned,TATA,2023 DIESEL,ICE,4,4,0,TATA,SFC 407,,2023-08,23DA000000656927,3,UNA UNIDAD CAMION MARCA TATA MODELO SFC 407 TRUCK WITH 4SPTC ENGINE EN A¿O DE FABRICACION 2022 A¿O MODELO 2023 DIESEL,
cleaned,NISSAN,SENTRA ADVANCE CVT - NAFT,ICE,4,4,0,NISSAN,SENTRA,ADVANCE,2025-09,25DA000000478171,1,VEHICULO CON CAPACIDAD DE TRANSPORTE DE PERSONAS EN: 01-UN AUTOMOVIL MARCA NISSAN MODELO SENTRA ADVANCE CVT - NAFT AO DE FABRICACION 2025 MODELO AO 2026 CON SUS ACCESORIOS NORMALES,
cleaned,MAHINDRA,S11 DIESEL,ICE,4,4,4,MAHINDRA,S11,,2026-01,26DA000000026172,10,"CAMIONETA, PICKUP, MARCA : MAHINDRA D/C MOD: S11 DIESEL ,2.2CC 4X4 AT CON SUS ACCESORIOS",
cleaned,GEELY,COOLRAY GS NAFT,ICE,4,4,4,GEELY,COOLRAY GS,,2026-09,26DA000000471716,44,"VEHICULOS AUTOMOVILES PARA EL TRANSPORTE DE PERSONAS, CAMIONETA MARCA: GEELY, MOD: COOLRAY GS NAFT. 1.5 MEC.",
cleaned,TOYOTA,ALLEX NAFTERO,ICE,3,3,2,TOYOTA,ALLEX,,2022-03,22DA000000040940,1,01- UNID AUTOMOVIL MARCA TOYOTA MODELO ALLEX NAFTERO DE 1500 C.C. A¿O 2004.-,
cleaned,TOYOTA,GRANVIA DIESEL,ICE,3,3,0,TOYOTA,GRANVIA,,2022-04,22DA000000089743,9,01- UNID STATION WAGON MARCA TOYOTA MODELO GRANVIA DIESEL DE 3000 C.C. A¿O 1999.-,
cleaned,PORSCHE,MACAN T NAFTERO,ICE,3,3,0,PORSCHE,MACAN T,,2022-07,22DA000000204051,1,"1) UNIDAD VEHICULO DE LA MARCA PORSCHE TIPO CAMIONETA; MODELO MACAN T NAFTERO 2.0, A¿O DE FABRICACION 2022; MODELO A¿O 2022 ; CON SUS ACCESORIOS NORMALES Y OPCIONALES.-",
cleaned,TOYOTA,YARIS GR NAFTERO,ICE,3,3,0,TOYOTA,YARIS GR,,2022-07,22DA000000212781,1,AUTOMOVIL DE LA MARCA TOYOTA MODELO YARIS GR NAFTERO DE 1600 C.C. FABRICACION 2021 MODELO A¿O 2022 CON JAULA ANTIVUELCO,
cleaned,AGRALE,14000S DIESEL EURO,ICE,3,3,0,AGRALE,14000S,,2022-08,22DA000000194341,1,VEHICULOS AUTOMOVILES PARA EL TRANSPORTE DE MERCANCIAS. CAMION MARCA: AGRALE MOD: 14000S DIESEL EURO. CHASIS MOTOR Y CABINA.,
cleaned,TOYOTA,GRAND HIACE DIESEL,ICE,3,3,1,TOYOTA,GRAND HIACE,,2023-03,23DA000000072489,12,01- UNID STATION WAGON MARCA TOYOTA MODELO GRAND HIACE DIESEL DE 2980 C.C. A¿O 2000.-,
cleaned,GEELY,STARRAY NAFT,ICE,3,3,0,GEELY,STARRAY,,2024-09,24DA000000422388,17,"VEHICULOS AUTOMOVILES PARA EL TRANSPORTE DE PERSONAS, CAMIONETA MARCA: GEELY , MOD: STARRAY NAFT. 2.0 AUT. GF",
cleaned,SUBARU,IMPREZA NAFTERO,ICE,3,3,0,SUBARU,IMPREZA,,2025-10,25DA000000547616,3,01- UNID STATION WAGON MARCA SUBARU MODELO IMPREZA NAFTERO DE 2000 C.C. ANO 2002.-,
cleaned,MITSUBISHI FUSO,CANTER DIESEL,ICE,3,3,3,MITSUBISHI FUSO,CANTER,,2026-05,26DA000000250222,2,01- UNID CAMION CON FRIGORIFICO MARCA MITSUBISHI MODELO CANTER DIESEL DE 2990 C.C. ANO 2016.-,
cleaned,GEELY,CITYRAY GK NAFT,ICE,3,3,3,GEELY,CITYRAY GK,,2026-09,26DA000000471716,3,"VEHICULOS AUTOMOVILES PARA EL TRANSPORTE DE PERSONAS, CAMIONETA MARCA: GEELY, MOD: CITYRAY GK NAFT. 1.5 AUT.",
cleaned,TATA,2022 DIESEL,ICE,2,2,0,TATA,LPT 709E 38 PS,,2022-02,22DA000000341640,1,UNA UNIDAD CAMION MARCA TATA MODELO LPT 709E 38 PS DSLB S CAM A¿O DE FABRICACION 2021 A¿O MODELO 2022 DIESEL,
cleaned,TOYOTA,REGIUS DIESEL,ICE,2,2,0,TOYOTA,REGIUS,,2022-03,22DA000000040940,4,01- UNID STATION WAGON MARCA TOYOTA MODELO REGIUS DIESEL DE 3000 C.C. A¿O 2000.-,
cleaned,AGRALE,A8700 DIESEL EURO,ICE,2,2,0,AGRALE,A8700,,2022-07,22DA000000204294,1,VEHICULOS AUTOMOVILES PARA EL TRANSPORTE DE MERCANCIAS. CAMION MARCA: AGRALE MOD: A8700 DIESEL EURO. CHASIS MOTOR Y CABINA.,
cleaned,MITSUBISHI,CANTER - DIESEL,ICE,2,2,0,MITSUBISHI,CANTER,,2022-10,22DA000000405458,3,1- UNIDAD CAMION CON CAJA FRIGORIFICO USADO MARCA MITSUBISHI MODELO CANTER - DIESEL,
cleaned,RENAULT,NUEVA MASTER DIESEL,ICE,2,2,0,RENAULT,NUEVA MASTER,,2023-03,23DA000000076244,1,1)UNA UNIDAD FURGON OKM;MARCA RENAULT;MODELO NUEVA MASTER DIESEL,
cleaned,HYUNDAI,NEW TUCSON DIESEL AUT,ICE,2,2,0,HYUNDAI,NEW TUCSON,,2023-05,23DA000000196789,7,"VEHICULOS AUTOMOVILES PARA EL TRANSPORTE DE PERSONAS, CAMIONETA MARCA: HYUNDAI, MOD: NEW TUCSON DIESEL AUT.4X2 GL SEMI-FULL",
cleaned,MERCEDES-BENZ,811 DIESEL,ICE,2,2,0,MERCEDES-BENZ,811,,2025-11,25DA000000585421,2,01- UNID CAMION CON BARANTA BAJA MARCA MERCEDES BENZ MODELO 811 DIESEL ANO 1999.-,
cleaned,MERCEDES-BENZ,ATEGO 815 DIESEL,ICE,2,2,0,MERCEDES-BENZ,ATEGO 815,,2025-11,25DA000000585421,1,01- UNID CAMION CON BARANTA BAJA MARCA MERCEDES BENZ MODELO ATEGO 815 DIESEL ANO 2000.-,
cleaned,HYUNDAI,PORTER II DIESEL,ICE,2,2,1,HYUNDAI,PORTER II,,2025-11,25DA000000602361,1,01- UNID CAMION CON BARANTA BAJA MARCA HYUNDAI MODELO PORTER II DIESEL DE 2500 C.C. ANO 2015.-,
cleaned,MERCEDES-BENZ,814 DIESEL,ICE,2,2,1,MERCEDES-BENZ,814,,2025-11,25DA000000611610,2,01- UNID CAMION CON BARANTA BAJA MARCA MERCEDES BENZ MODELO 814 DIESEL ANO 1996.-,
cleaned,ZNA,RICH7 AT DIESEL PICK UP,ICE,2,2,2,ZNA,RICH7,,2026-09,26DA000000474671,5,"01) UNIDAD CAMIONETA, MARCA: ZNA, MODELO: RICH7 AT DIESEL PICK UP 4X4",
cleaned,PORSCHE,MACAN III NAFTERO,ICE,1,1,0,PORSCHE,MACAN III,,2022-01,22DA000000002857,1,"1) UNIDAD VEHICULO DE LA MARCA PORSCHE TIPO CAMIONETA; MODELO MACAN III NAFTERO 2.0, A¿O DE FABRICACION 2021; MODELO A¿O 2022 ; CON SUS ACCESORIOS NORMALES Y OPCIONALES.-",
cleaned,PORSCHE,MACAN S NAFTERO,ICE,1,1,0,PORSCHE,MACAN S,,2022-02,22DA000000029852,1,"1) UNIDAD VEHICULO DE LA MARCA PORSCHE TIPO CAMIONETA; MODELO MACAN S NAFTERO 2.0, A¿O DE FABRICACION 2021; MODELO A¿O 2022 ; CON SUS ACCESORIOS NORMALES Y OPCIONALES.-",
cleaned,BMW,325I NAFTERO,ICE,1,1,0,BMW,325I,,2022-02,22DA000000057211,1,01- UNID STATION WAGON MARCA BMW MODELO 325I NAFTERO DE 2990 C.C. A¿O 2010.-,
cleaned,TOYOTA,PLATZ NAFTERO,ICE,1,1,0,TOYOTA,PLATZ,,2022-03,22DA000000042731,1,01- UNID AUTOMOVIL MARCA TOYOTA MODELO PLATZ NAFTERO DE 1500 C.C. A¿O 2003.-,
cleaned,PORSCHE,CAYENNE V6 NAFTERO,ICE,1,1,0,PORSCHE,CAYENNE V6,,2022-03,22DA000000051120,1,"1) UNIDAD VEHICULO DE LA MARCA PORSCHE TIPO CAMIONETA; MODELO CAYENNE V6 NAFTERO, A¿O DE FABRICACION 2022; MODELO A¿O 2022 ; CON SUS ACCESORIOS NORMALES Y OPCIONALES.-",
cleaned,MASERATI,3200GT NAFTERO,ICE,1,1,0,MASERATI,3200GT,,2022-03,22DA000000079975,1,01- UNID AUTOMOVIL MARCA MASERATI MODELO 3200GT NAFTERO DE 2000 C.C. A¿O 2005.-,
cleaned,MAZDA,BONGO DIESEL,ICE,1,1,0,MAZDA,BONGO,,2022-05,22DA000000149825,4,01- UNID STATION WAGON MARCA MAZDA MODELO BONGO DIESEL DE 2000 C.C. A¿O 2005.-,
cleaned,NISSAN,ATLAS DIESEL,ICE,1,1,0,NISSAN,ATLAS,,2022-05,22DA000000149825,3,01- UNID CAMION CON BARABTA BAJA MARCA NISSAN MODELO ATLAS DIESEL DE 2660 C.C. A¿O 1994.-,
cleaned,TOYOTA,RUNX NAFTERO,ICE,1,1,0,TOYOTA,RUNX,,2022-07,22DA000000218287,3,01- UNID AUTOMOVIL MARCA TOYOTA MODELO RUNX NAFTERO DE 1490 C.C. A¿O 2002.-,
cleaned,MITSUBISHI,2023 DIESEL,ICE,1,1,0,MITSUBISHI,L200 TRITON SPORT HPE-S,,2022-09,22DA000000314231,1,UNA UNIDAD CAMIONETA DOBLE CABINA 4X4 MARCA MITSUBISHI MODELO L200 TRITON SPORT HPE-S A¿O DE FABRICACION 2022 A¿O MODELO 2023 DIESEL CC 2400,
cleaned,HYUNDAI,TUCSON - DIESEL,ICE,1,1,0,HYUNDAI,TUCSON,,2023-01,23DA000000031390,4,1- STATION WAGON USADO MARCA HYUNDAI MODELO TUCSON - DIESEL,
cleaned,TOYOTA,FUNCARGO - NAFTA,ICE,1,1,0,TOYOTA,FUNCARGO,,2023-01,23DA000000031390,6,1- STATION WAGON USADO MARCA TOYOTA MODELO FUNCARGO - NAFTA,
cleaned,HYUNDAI,SANTA FE - DIESEL,ICE,1,1,0,HYUNDAI,SANTA FE,,2023-01,23DA000000033489,1,1-STATION WAGON USADO MARCA HYUNDAI MODELO SANTA FE - DIESEL,
cleaned,MITSUBISHI,CANTER CON CAJA FRIGORIFICA - DIESEL,ICE,1,1,0,MITSUBISHI,CANTER,,2023-01,23DA000000031390,9,1-CAMION USADO MARCA MITSUBISHI MODELO CANTER CON CAJA FRIGORIFICA - DIESEL,
cleaned,MITSUBISHI,CANTER CON CAJA BASCULANTE - DIESEL,ICE,1,1,0,MITSUBISHI,CANTER,,2023-01,23DA000000031390,1,1- CAMION USADO MARCA MITSUBISHI MODELO CANTER CON CAJA BASCULANTE - DIESEL,
cleaned,CHEVROLET,2017 CON AIRE ACONDICIONADO Y DEMAS ACCESORIOS,ICE,1,1,0,CHEVROLET,TRAIL BLAZER,,2023-03,23DA000000149620,1,"AUTOMOVIL TIPO STATION WAGON MODELO TRAIL BLAZER A¿O DE FABRICACION 2016, A¿O MODELO 2017 CON AIRE ACONDICIONADO Y DEMAS ACCESORIOS. CHASIS NO. 9BG156MK0HC400151",
cleaned,TOYOTA,BLETA NAFTERO,ICE,1,1,0,TOYOTA,BELTA,,2023-04,23DA000000044141,1,01- UNID AUTOMOVIL MARCA TOYOTA MODELO BLETA NAFTERO DE 1290 C.C. A¿O 2008.-,
cleaned,RENAULT SAMSUNG,DUSTER INTENS AT6 DIESEL,ICE,1,1,0,RENAULT SAMSUNG,DUSTER INTENS,,2023-06,23DA000000260571,4,1)UNA UNIDAD STATION WAGON OKM;MARCA RENAULT;MODELO DUSTER INTENS AT6 DIESEL,
cleaned,MERCEDES-BENZ,1114 MOVIDO A DIESEL,ICE,1,1,0,MERCEDES-BENZ,1114,,2023-06,23DA000000247533,2,01) UN CAMION CON CHASIS Y CABINA USADO MARCA: MERCEDES BENZ MODELO: 1114 MOVIDO A DIESEL.-,
cleaned,TOYOTA,DYNA DIESEL,ICE,1,1,0,TOYOTA,DYNA,,2023-11,23DA000000824149,1,01- UNID CAMION DOBLE CABINA MARCA TOYOTA MODELO DYNA DIESEL DE 3660 C.C. A¿O 2000.-,
cleaned,MERCEDES-BENZ,C300 4MAT NAFTERO,ICE,1,1,0,MERCEDES-BENZ,C300 4MAT,,2024-01,24DA000000038337,2,01- UNID AUTOMOVIIL MARCA MERCEDES BENZ MODELO C300 4MAT NAFTERO DE 2.000 C.C. A¿O 2015.-,
cleaned,MERCEDES-BENZ,SLK 350 NAFTERO,ICE,1,1,0,MERCEDES-BENZ,SLK 350,,2024-01,24DA000000038337,3,01- UNID AUTOMOVIIL MARCA MERCEDES BENZ MODELO SLK 350 NAFTERO DE 3.500 C.C. A¿O 2015.-,
cleaned,BMW,X2 SDRIVE2 NAFTERO,ICE,1,1,0,BMW,X2 SDRIVE2,,2024-01,24DA000000038337,1,01- UNID AUTOMOVIIL MARCA BMW MODELO X2 SDRIVE2 NAFTERO DE 2.000 C.C. A¿O 2018.-,
cleaned,BMW,X4 DIESEL,ICE,1,1,0,BMW,X4,,2024-01,24DA000000041311,1,01- UNID STATION WAGON MARCA BMW MODELO X4 DIESEL DE 1995 C.C. A¿O 2015.-,
cleaned,LINHAI,T-BOSS 55 MOVIDO A NAFTA,ICE,1,1,0,LINHAI,T-BOSS 55,,2024-02,24DA000000054544,1,1)UNIDAD VEHICULO UTV MODELO T-BOSS 55 MOVIDO A NAFTA DE CILINDRADA 550CC.,
cleaned,GEELY,COOLRAY PRO NAFT,ICE,1,1,0,GEELY,COOLRAY PRO,,2024-03,24DA000000119982,8,"VEHICULOS AUTOMOVILES PARA EL TRANSPORTE DE PERSONAS, CAMIONETA MARCA: GEELY , MOD: COOLRAY PRO NAFT. 1,5 AUT. GF",
cleaned,FERRARI,458 ITALIA NAFTERO,ICE,1,1,0,FERRARI,458 ITALIA,,2024-03,24DA000000126011,1,01- UNID AUTOMOVIL MARCA FERRARI MODELO 458 ITALIA NAFTERO DE 4.500 C.C. A¿O 2010 CON SUS ACCESORIOS CORRESPONDIENTES.-,
cleaned,DAIHATSU,BE-GO NAFTERO,ICE,1,1,0,DAIHATSU,BE-GO,,2024-04,24DA000000144343,1,01- UNID STATION WAGON MARCA DAIHATSU MODELO BE-GO NAFTERO DE 1490 C.C. A¿O 2013.-,
cleaned,RANGE ROVER,EVOQUE DIESEL,ICE,1,1,0,RANGE ROVER,EVOQUE,,2024-04,24DA000000145622,1,LOS DEM¿S 1)UNIDAD DE VEHICULO MARCA RANGE ROVER MODELO EVOQUE DIESEL CHASIS NRO.FR351999FR A¿O 2019 COLOR NEGRO AUTOMATICO,
cleaned,TOYOTA,SPACIO NAFTERO,ICE,1,1,0,TOYOTA,SPACIO,,2024-04,24DA000000170995,6,01- UNID STATION WAGON MARCA TOYOTA MODELO SPACIO NAFTERO DE 1490 C.C. A¿O 2003.-,
cleaned,HYUNDAI,2013 MOVIDO A DIESEL,ICE,1,1,0,HYUNDAI,I30,,2024-05,24DA000000195635,1,01 VEHICULO USADO TIPO AUTOMOVIL MARCA HYUNDAI MODELO I30 A¿O FABRICACION 2012 A¿O MODELO 2013 MOVIDO A DIESEL,
cleaned,BMW,1M CON TRANSMISION MECANICA NAFTERO,ICE,1,1,0,BMW,1M,,2024-05,24DA000000210981,2,"01] UNA UNIDAD AUTOMOVIL MARCA: BMW, MODELO: 1M CON TRANSMISION MECANICA NAFTERO. A¿O: 2012.",
cleaned,JEEP,GRAND CHEROKEE MOVIDO A DIESEL,ICE,1,1,0,JEEP,GRAND CHEROKEE,,2024-05,24DA000000218474,1,01 VEHICULO USADO TIPO STATION WAGON DE LA MARCA JEEP MODELO GRAND CHEROKEE MOVIDO A DIESEL,
cleaned,HYUNDAI,DIESEL,ICE,1,1,0,HYUNDAI,SANTA FE,,2024-07,24DA000000304467,3,01 VEHICULO USADO TIPO STATION WAGON DE LA MARCA HYUNDAI MODELO SANTA FE A¿O 2013 MODELO DIESEL,
cleaned,TOYOTA,TOWNACE VAN NAFTERO,ICE,1,1,0,TOYOTA,TOWNACE VAN,,2024-08,24DA000000357043,1,01- UNID STATION WAGON MARCA TOYOTA MODELO TOWNACE VAN NAFTERO DE 1780 C.C. A¿O 2001.-,
cleaned,LEXUS,TX500H SPORT MOVIDO A GASOLINA,HEV,1,1,0,LEXUS,TX500H SPORT,,2024-09,24DA000000432332,1,"01) UN STATION WAGON MARCA. LEXUS A¿O FABRICACION 2024 A¿O MODELO: 2024 MODELO: TX500H SPORT MOVIDO A GASOLINA, HIBRIDO",
cleaned,AUDI,A6 DIESEL,ICE,1,1,0,AUDI,A6,,2024-10,24DA000000454736,1,01- UNID AUTOMOVIL MARCA AUDI MODELO A6 DIESEL DE 1984 C.C. A¿O 2012.-,
cleaned,FORD,MUSTANG GT NAFTERO,ICE,1,1,0,FORD,MUSTANG GT,,2024-10,24DA000000481399,2,01- UNID AUTOMOVIL MARCA FORD MODELO MUSTANG GT NAFTERO DE 5000 C.C. A¿O 2017.-,
cleaned,PORSCHE,911 CARRERA S NAFTERO,ICE,1,1,0,PORSCHE,911 CARRERA S,,2024-10,24DA000000481399,1,01- UNID AUTOMOVIL MARCA PORSCHE MODELO 911 CARRERA S NAFTERO DE 3800 C.C. A¿O 2013.-,
cleaned,FORD,F 150 XLT MOVIDO A NAFTA,ICE,1,1,0,FORD,F 150 XLT,,2024-10,24DA000000439046,1,( 1 ) UNA UNIDAD CAMIONETA MARCA FORD MODELO F 150 XLT MOVIDO A NAFTA COLOR GRIS A¿O 2018 ( USADO ),
cleaned,MERCEDES-BENZ,SLK 230 KOMPRESSOR NAFTERO,ICE,1,1,0,MERCEDES-BENZ,SLK 230 KOMPRESSOR,,2024-11,24DA000000501932,3,01- UNID AUTOMOVIL MARCA MERCEDES BENZ MODELO SLK 230 KOMPRESSOR NAFTERO DE 2290 C.C. A¿O 1999.-,
cleaned,AUDI,A5 NAFTERO,ICE,1,1,0,AUDI,A5,,2024-11,24DA000000512926,2,01- UNID AUTOMOVIL MARCA AUDI MODELO A5 NAFTERO DE 1980 C.C. A¿O 2010.-,
cleaned,MERCEDES-BENZ,E220 DIESEL,ICE,1,1,0,MERCEDES-BENZ,E220,,2024-11,24DA000000548985,4,01- UNID AUTOMOVIL MARCA MERCEDES BENZ MODELO E220 DIESEL DE 2143 C.C. A¿O 2012.-,
cleaned,MITSUBISHI,CANTER FUSO DIESEL,ICE,1,1,0,MITSUBISHI,CANTER,,2024-11,24DA000000501932,1,01- UNID CAMION FRIGORIFICO MARCA MITSUBISHI MODELO CANTER FUSO DIESEL DE 2990 C.C. A¿O 2012.-,
cleaned,TOYOTA,CANTER DIESEL,ICE,1,1,0,MITSUBISHI,CANTER,,2024-12,24DA000000556363,2,01- UNID CAMION FRIGORIFICO MARCA MITSUBISHI MODELO CANTER DIESEL DE 2970 C.C. A¿O 2008.-,"brand pin: Canter truck, text says MARCA MITSUBISHI (round 5 item 1)"
cleaned,AUDI,RS5 NAFTERO,ICE,1,1,0,AUDI,RS5,,2025-02,25DA000000078498,1,01- UNID AUTOMOVIL MARCA AUDI MODELO RS5 NAFTERO DE 4163 C.C. A¿O 2013-,
cleaned,ISUZU,ELF TRUCK DIESEL,ICE,1,1,0,ISUZU,ELF,,2025-02,25DA000000070287,2,01- UNID CAMION CON FRIGORIFICO MARCA ISUZU MODELO ELF TRUCK DIESEL DE 2990 C.C. A¿O 2013.-,
cleaned,PORSCHE,PANAMERA DIESEL,ICE,1,1,0,PORSCHE,PANAMERA,,2025-03,25DA000000116019,8,01- UNID AUTOMOVIL MARCA PORSCHE MODELO PANAMERA DIESEL DE 3000 C.C. ANO 2012.-,
cleaned,TOYOTA,RCATIS NAFTERO,ICE,1,1,0,TOYOTA,RACTIS,,2025-04,25DA000000167943,1,01- UNID STATION WAGON MARCA TOYOTA MODELO RCATIS NAFTERO DE 1500 C.C. ANO 2010.-,
cleaned,BMW,SERIES 1 NAFTERO,ICE,1,1,0,BMW,SERIES 1,,2025-04,25DA000000167943,11,01- UNID AUTOMOVIL MARCA BMW MODELO SERIES 1 NAFTERO DE 1990 C.C. ANO 2012.-,
cleaned,MERCEDES-BENZ,ATEGO 970 DIESEL,ICE,1,1,0,MERCEDES-BENZ,ATEGO 970,,2025-04,25DA000000168579,1,01- UNID CAMION CON CISTERNA MARCA MERCEDES BENZ MODELO ATEGO 970 DIESEL AO 1998.-,
cleaned,NISSAN,DATSUN MOVIDO A GASOLINA,ICE,1,1,0,NISSAN,DATSUN,,2025-05,25DA000000211691,7,01 VEHICULO USADO TIPO CAMIONETA DE LA MARCA NISSAN MODELO DATSUN MOVIDO A GASOLINA,
cleaned,FREIGHTLINER,S2RV 106CAB DIESEL,ICE,1,1,0,FREIGHTLINER,S2RV 106CAB,,2025-07,25DA000000328674,1,01- UNID CASA RODANTE MARCA FREIGHTLINER MODELO S2RV 106CAB DIESEL DE 6702 C.C. ANO DE FABRICACION 2024 ANO MODELO 2025 CON SUS ACCESORIOS CORRESPONDIENTES.-,
cleaned,MERCEDES-BENZ,ATEGO 916 DIESEL,ICE,1,1,0,MERCEDES-BENZ,ATEGO 916,,2025-07,25DA000000340931,1,01- UNID CAMION FRIGORIFICO MARCA MERCEDES BENZ MODELO ATEGO 916 DIESEL AO 2009.-,
cleaned,TOYOTA,CORLLA AXIO NAFTERO,ICE,1,1,0,TOYOTA,COROLLA AXIO,,2025-08,25DA000000374147,5,01- UNID AUTOMOVIL MARCA TOYOTA MODELO CORLLA AXIO NAFTERO DE 1490 C.C. ANO 2008.-,
cleaned,TOYOTA,GUNCARGO NAFTERO,ICE,1,1,0,TOYOTA,FUNCARGO,,2025-09,25DA000000454664,5,01- UNID STATION WAGON MARCA TOYOTA MODELO GUNCARGO NAFTERO DE 1300 C.C. ANO 2004.-,
cleaned,LEXUS,RX400 NAFTERO,ICE,1,1,0,LEXUS,RX400,,2025-10,25DA000000503887,2,01) UNA UNIDAD STATION WAGON LEXUS MODELO: RX400 NAFTERO AO 2007,
cleaned,MERCEDES-BENZ,560 SL NAFTERO,ICE,1,1,0,MERCEDES-BENZ,560 SL,,2025-10,25DA000000503887,1,01) UNA UNIDAD AUTOMOVIL MERCEDES BENZ MODELO: 560 SL NAFTERO AO 1987,
cleaned,MERCEDES-BENZ,ATEGO 818 MOVIDO A DIESEL,ICE,1,1,0,MERCEDES-BENZ,ATEGO 818,,2025-10,25DA000000492602,1,01 CAMION CON CHASIS MOTOR Y CABINA USADO MARCA MERCEDES BENZ MODELO ATEGO 818 MOVIDO A DIESEL,
cleaned,NISSAN,NEW KICKS 220T ADVANCE PLUS 6 6 DCT - FLEX FLEX,ICE,1,1,0,NISSAN,NEW KICKS,ADVANCE PLUS,2025-11,25DA000000558303,1,"DE LOS TIPOS DENOMINADOS ""FLEX FUEL"" EN: 01- UN AUTOMOVIL MARCA NISSAN MODELO NEW KICKS 220T ADVANCE PLUS 6 6 DCT - FLEX FLEX AO DE FABRICACION 2025 MODELO AO 2026 CON SUS ACCESORIOS NORMALES",
cleaned,FORD,A NAFTERO,ICE,1,1,0,FORD,A,,2025-11,25DA000000577486,1,01- UNID. AUTOMOVIL MARCA FORD MODELO A NAFTERO DE 3300 C.C. ANO 1928.-,
cleaned,TOYOTA,COROLLAAXIO NAFTERO,ICE,1,1,0,TOYOTA,COROLLA AXIO,,2025-11,25DA000000603672,8,01- UNID AUTOMOVIL MARCA TOYOTA MODELO COROLLAAXIO NAFTERO DE 1500 C.C. ANO 2007.-,
cleaned,MERCEDES-BENZ,A220 2000CC NAFTERO,ICE,1,1,0,MERCEDES-BENZ,A220,,2025-11,25DA000000607617,1,AUTOMOVIL DE LA MARCA MERCEDES BENZ MODELO A220 2000CC NAFTERO AO 2022 COLOR BLANCO USADO,
cleaned,MERCEDES-BENZ,614D DIESEL,ICE,1,1,0,MERCEDES-BENZ,614D,,2025-11,25DA000000585421,3,01- UNID CAMION CON BARANTA BAJA MARCA MERCEDES BENZ MODELO 614D DIESEL ANO 1998.-,
cleaned,MERCEDES-BENZ,814D DIESEL,ICE,1,1,0,MERCEDES-BENZ,814D,,2025-11,25DA000000611610,1,01- UNID CAMION CON BARANTA BAJA MARCA MERCEDES BENZ MODELO 814D DIESEL ANO 2004.-,
cleaned,MERCEDES-BENZ,ATEGO 818 DIESEL,ICE,1,1,0,MERCEDES-BENZ,ATEGO 818,,2025-12,25DA000000656631,2,01- UNID CAMION BASCULANTE MARCA MERCEDES BENZ MODELO ATEGO 818 DIESEL ANO 2003.-,
cleaned,MERCEDES-BENZ,609D DIESEL,ICE,1,1,0,MERCEDES-BENZ,609D,,2025-12,25DA000000661417,1,01- UNID CAMION D/C CON FURGON MARCA MERCEDES BENZ MODELO 609D DIESEL ANO 1990.-,
cleaned,HYUNDAI,NEW HB20 HATCH 16 NAFT AUT,ICE,1,1,1,HYUNDAI,NEW HB20 HATCH,,2026-01,26DA000000027678,6,VEHICULOS AUTOMOVILES PARA EL TRANSPORTE DE PERSONAS MARCA HYUNDAI MODELO NEW HB20 HATCH 16 NAFT AUT CON SUS ACCESORIOS CORRESPONDIENTES,
cleaned,TOYOTA,RUSH AUT NAFTERO,ICE,1,1,1,TOYOTA,RUSH,,2026-01,26DA000000045174,1,SUV DE LA MARCA TOYOTA MODELO RUSH AUT NAFTERO DE 1496 C.C. F800LE-GQGF ANO DE FABRICACION 2025 MODELO ANO 2026 CON SUS ACCESORIOS CORRESPONDIENTES,
cleaned,LEXUS,LX600D DIESEL AUT,ICE,1,1,1,LEXUS,LX600D,,2026-02,26DA000000064015,1,SUV DE LA MARCA LEXUS MODELO LX600D DIESEL AUT 3.5L FJA310L-GKULYV ANO DE FABRICACION 2025 MODELO ANO 2026 CON SUS ACCESORIOS CORRESPONDIENTES,
cleaned,MERCEDES-BENZ,E300 MOVIDO A GASOLINA,ICE,1,1,1,MERCEDES-BENZ,E300,,2026-02,26DA000000095057,3,VEHICULO USADO MARCA MERCEDES BENZ MODELO E300 MOVIDO A GASOLINA,
cleaned,BMW,X6 DIESEL,ICE,1,1,1,BMW,X6,,2026-02,26DA000000102602,1,1- UNID STATION WAGON MARCA BMW MODELO X6 DIESEL 2993 C.C. ANO 2012.-,
cleaned,NISSAN,NEW KICKS 220T ADVANCE 6 DCT - FLEX FLEX,ICE,1,1,1,NISSAN,NEW KICKS,ADVANCE,2026-03,26DA000000142382,1,"DE LOS TIPOS DENOMINADOS ""FLEX FUEL"" EN: 01- UN AUTOMOVIL MARCA NISSAN MODELO NEW KICKS 220T ADVANCE 6 DCT - FLEX FLEX AO DE FABRICACION 2025 MODELO AO 2026 CON SUS ACCESORIOS NORMALES",
cleaned,MERCEDES-BENZ,GLE 350D COUPE MOVIDO A DIESEL,ICE,1,1,1,MERCEDES-BENZ,GLE 350D COUPE,,2026-03,26DA000000151708,2,VEHICULO USADO MARCA MERCEDES BENZ MODELO GLE 350D COUPE MOVIDO A DIESEL,
cleaned,PORSCHE,PANAMERA 4 NAFTERO,ICE,1,1,1,PORSCHE,PANAMERA 4,,2026-04,26DA000000215769,1,01 UNID AUTOMOVIL MARCA PORSCHE MODELO PANAMERA 4 NAFTERO DE 2900 C.C ANO 2012.-,
cleaned,LAND ROVER,DISCOVERY SPORT MOVIDO A DIESEL,ICE,1,1,1,LAND ROVER,DISCOVERY SPORT,,2026-05,26DA000000226490,2,VEHICULO USADO MARCA LAND ROVER MODELO DISCOVERY SPORT MOVIDO A DIESEL,
cleaned,ROVER,MINI NAFTERO,ICE,1,1,1,ROVER,MINI,,2026-05,26DA000000243809,1,01- UNID AUTOMOVIL MARCA ROVER MODELO MINI NAFTERO DE 1270 C.C. ANO 1997.-,
cleaned,SUBARU,IMPREZA WXR S4 NAFTERO,ICE,1,1,1,SUBARU,IMPREZA WXR S4,,2026-05,26DA000000233091,3,01- UNID AUTOMOVIL MARCA SUBARU MODELO IMPREZA WXR S4 NAFTERO DE 1.990 C.C. ANO 2015.-,
cleaned,MERCEDES-BENZ,E220D MOVIDO A DIESEL,ICE,1,1,1,MERCEDES-BENZ,E220D,,2026-06,26DA000000309476,5,01 VEHICULO USADO TIPO AUTOMOVIL MARCA MERCEDES BENZ MODELO E220D MOVIDO A DIESEL,
cleaned,MERCEDES-BENZ,SPRINTER 906 DIESEL,ICE,1,1,1,MERCEDES-BENZ,SPRINTER 906,,2026-06,26DA000000310069,1,01- UNID FURGONETA CARGUERO MARCA MERCEDES BENZ MODELO SPRINTER 906 DIESEL ANO 2016.-,
cleaned,TOYOTA,VELLFIRE GASOLINE,ICE,1,1,1,TOYOTA,VELLFIRE,,2026-07,26DA000000354540,2,"VEHICULO USADO. 1 UNIDAD TOYOTA VELLFIRE GASOLINE 2,360 CC CH NO, ANH25-8021301 EG NO. 2AZ-C878917",
cleaned,BMW,320I NAFTERO,ICE,1,1,1,BMW,320I,,2026-07,26DA000000393004,3,01- UNID AUTOMOVIL MARCA BMW MODELO 320I NAFTERO DE 1997 C.C. ANO 2018.-,
cleaned,MERCEDES-BENZ,813 DIESEL,ICE,1,1,1,MERCEDES-BENZ,813,,2026-07,26DA000000380741,1,01- UNID CAMION CHASSIS/CABINA MARCA MERCEDES BENZ MODELO 813 DIESEL ANO 2008.-,
cleaned,MERCEDES-BENZ,ATEGO 816 DIESEL,ICE,1,1,1,MERCEDES-BENZ,ATEGO 816,,2026-07,26DA000000380741,2,01- UNID CAMION CHASSIS/CABINA MARCA MERCEDES BENZ MODELO ATEGO 816 DIESEL ANO 2013.-,
cleaned,HYUNDAI,GRAND STAREX DIESEL,ICE,1,1,1,HYUNDAI,GRAND STAREX,,2026-08,26DA000000445277,3,01- UNID STATION WAGON MARCA HYUNDAI MODELO GRAND STAREX DIESEL DE 2497 C.C. ANO 2015.-,
cleaned,HYUNDAI,NEW HB20 HACHT NAFT,ICE,1,1,1,HYUNDAI,NEW HB20 HATCH,,2026-08,26DA000000455535,7,"VEHICULOS AUTOMOVILES PARA EL TRANSPORTE DE PERSONAS, MARCA: HYUNDAI, MODELO: NEW HB20 HACHT NAFT. 1,6 AUT. CON SUS ACCESORIOS",
cleaned,ZNA,RICH6 MT DIESEL PICKUP,ICE,1,1,1,ZNA,RICH6,,2026-09,26DA000000474671,1,"01) UNIDAD CAMIONETA, MARCA: ZNA, MODELO: RICH6 MT DIESEL PICKUP 4X4 FULL",
cleaned,ZNA,Z9 MT DIESEL PICK UP,ICE,1,1,1,ZNA,Z9,,2026-09,26DA000000474671,3,"01) UNIDAD CAMIONETA, MARCA: ZNA, MODELO: Z9 MT DIESEL PICK UP 4X4",
cleaned,ZNA,Z9 AT DIESEL PICK UP,ICE,1,1,1,ZNA,Z9,,2026-09,26DA000000474671,2,"01) UNIDAD CAMIONETA, MARCA: ZNA, MODELO: Z9 AT DIESEL PICK UP 4X4",
cleaned_same_pattern_not_in_list,TIKING,VITACCI T-REX 150CC,ICE,,1,,TIKING,VITACCI T-REX,,,,,,same fuel/gearbox junk pattern; cleaned for consistency
cleaned_same_pattern_not_in_list,NISSAN,NEW KICKS 220T ADVANCE PLUS 6 DCT - FLEX,ICE,,209,,NISSAN,NEW KICKS,ADVANCE PLUS,,,,,same fuel/gearbox junk pattern; cleaned for consistency
cleaned_same_pattern_not_in_list,NISSAN,NEW KICKS 220T SENSE 6 DCT - FLEX,ICE,,31,,NISSAN,NEW KICKS,SENSE,,,,,same fuel/gearbox junk pattern; cleaned for consistency
cleaned_same_pattern_not_in_list,NISSAN,NEW KICKS 220T EXCLUSIVE 6 DCT - FLEX,ICE,,39,,NISSAN,NEW KICKS,EXCLUSIVE,,,,,same fuel/gearbox junk pattern; cleaned for consistency
cleaned_same_pattern_not_in_list,TOYOTA,ALLION MOVIDO A GASOPLINA,ICE,,1,,TOYOTA,ALLION,,,,,,same fuel/gearbox junk pattern; cleaned for consistency
cleaned_same_pattern_not_in_list,RAM,1500 LIMITED NIGHT EDITION NAFTERO,ICE,,1,,RAM,1500,LIMITED NIGHT EDITION,,,,,same fuel/gearbox junk pattern; cleaned for consistency
cleaned_same_pattern_not_in_list,NISSAN,NEW KICKS 220T ADVANCE 6 DCT - FLEX,ICE,,59,,NISSAN,NEW KICKS,ADVANCE,,,,,same fuel/gearbox junk pattern; cleaned for consistency
