period,despacho,item,ncm_kind,posicion,segmento,marca,modelo,powertrain,uso,qty_aduana,units_counted,qty_rule,flags,mercaderia
2022-02,22DA000000038231,1,8704,8704.31.90.900F,leve,KENTON,(sin modelo),ICE,NUEVO,232.0,232.0,,8704_qty_not_1,KITS INCOMPLETOS EN CKS PARA FABRICACION Y ENSAMBLE DE TRICICLOS DE CARGA HASTA 5 TONELADAS.
2022-02,22DA000000038231,2,8704,8704.31.90.900F,leve,KENTON,(sin modelo),ICE,NUEVO,52.0,52.0,,8704_qty_not_1,KITS INCOMPLETOS EN CKS PARA FABRICACION Y ENSAMBLE DE TRICICLOS DE CARGA HASTA 5 TONELADAS.
2022-06,22DA000000171019,1,8704,8704.21.90.000T,leve,JMC,(sin modelo),ICE,NUEVO,20.0,20.0,,8704_qty_not_1,"LOS DEMAS, EN: KITS INCOMPLETOS PARA ENSAMBLE DE VEHICULOS AUTOMOVILES JMC"
2022-06,22DA000000175811,1,8704,8704.21.10.000P,leve,JMC,(sin modelo),ICE,NUEVO,20.0,20.0,,8704_qty_not_1,"CHASIS CON MOTOR Y CABINA, EN: KITS INCOMPLETOS PARA ENSAMBLE DE VEHICULOS AUTOMOVILES JMC"
2023-05,23DA000000214945,1,8704,8704.21.10.900N,leve,JMC,(sin modelo),ICE,NUEVO,20.0,20.0,,ofi_other_month|8704_qty_not_1,"LOS DEMAS, EN: KITS INCOMPLETOS PARA ENSAMBLE DE VEHICULOS AUTOMOVILES JMC"
2024-05,24DA000000218136,1,8704,8704.31.90.000G,leve,TAIGA,(sin modelo),ICE,NUEVO,59.0,59.0,,8704_qty_not_1,KITS PARA ENSAMBLE DE TRICICLO
2024-09,24DA000000401960,1,8704,8704.31.90.000G,leve,TAIGA,(sin modelo),ICE,NUEVO,59.0,59.0,,8704_qty_not_1,KITS PARA ENSAMBLE DE TRICICLOS
2024-09,24DA000000434402,1,8704,8704.31.90.000G,leve,TAIGA,(sin modelo),ICE,NUEVO,118.0,118.0,,8704_qty_not_1,KITS PARA ENSAMBLE DE TRICICLO
2024-10,24DA000000446976,1,8704,8704.31.90.000G,leve,TAIGA,(sin modelo),ICE,NUEVO,59.0,59.0,,8704_qty_not_1,KITS PARA ENSAMBLE DE TRICICLO
2024-10,24DA000000449979,1,8704,8704.31.90.000G,leve,TAIGA,(sin modelo),ICE,NUEVO,59.0,59.0,,8704_qty_not_1,KITS PARA ENSAMBLE DE TRICICLOS
2024-11,24DA000000501120,1,8704,8704.31.90.000G,leve,TAIGA,(sin modelo),ICE,NUEVO,118.0,118.0,,8704_qty_not_1,KITS PARA ENSAMBLE DE TRICICLO
2024-12,24DA000000576266,1,8704,8704.31.90.000G,leve,TAIGA,(sin modelo),ICE,NUEVO,119.0,119.0,,8704_qty_not_1,KITS PARA ENSAMBLE DE TRICICLO
2025-01,25DA000000013956,1,8704,8704.31.90.000G,leve,TAIGA,(sin modelo),ICE,NUEVO,59.0,59.0,,8704_qty_not_1,KITS PARA ENSAMBLE DE TRICICLOS
2025-01,25DA000000046987,1,8704,8704.31.90.000G,leve,TAIGA,(sin modelo),ICE,NUEVO,59.0,59.0,,8704_qty_not_1,KITS PARA ENSAMBLE DE TRICICLO
2025-04,25DA000000155550,1,8704,8704.31.90.000G,leve,TAIGA,(sin modelo),ICE,NUEVO,59.0,59.0,,8704_qty_not_1,KITS PARA ENSAMBLE DE TRICICLOS
2025-07,25DA000000306410,1,8704,8704.31.90.000G,leve,TAIGA,(sin modelo),ICE,NUEVO,58.0,58.0,,8704_qty_not_1,KITS PARA ENSAMBLE DE TRICICLO
2025-08,25DA000000372751,1,8704,8704.31.90.000G,leve,TAIGA,(sin modelo),ICE,NUEVO,120.0,120.0,,8704_qty_not_1,KIT PARA EMSAMBLE DE TRICICLO
2025-10,25DA000000489644,1,8704,8704.31.90.000G,leve,TAIGA,(sin modelo),ICE,NUEVO,60.0,60.0,,8704_qty_not_1,KITS PARA ENSAMBLE DE TRICICLOS
2026-06,26DA000000324099,3,8703,8703.21.00.900K,leve,YIWU,(sin modelo),ICE,NUEVO,7.0,3.0,qty7_desc_units=3,qty7_desc_units=3,3 UNIDADES DE GO KARTS
