period,despacho,item,ncm,uso,marca,modelo_before,modelo_after,powertrain,units,assessment,mercaderia
2026-01,26DA000000022009,9,8703.40.00.000C,USADO,TOYOTA,VITZ,VITZ,HEV,1,"plausible: Vitz Hybrid (JDM 2017+) used import, NCM 8703.40",UNA UNIDAD DE AUTOMOVIL USADO MARCA TOYOTA MODELO VITZ A¿O 2017.-
2026-02,26DA000000095359,2,8703.40.00.000C,USADO,TOYOTA,VOXY,VOXY,HEV,1,plausible but doubtful: Voxy Hybrid exists (2014+); NCM 8703.40 while text says MOVIDO A GASOLINA,01 VEHICULO USADO TIPO STATION WAGON DE LA MARCA TOYOTA MODELO VOXY AO 2014 MOVIDO A GASOLINA
2026-03,26DA000000121745,4,8703.40.00.000C,USADO,TOYOTA,VOXY,VOXY,HEV,1,"plausible: Voxy Hybrid used import, NCM 8703.40",1 UND STATION WAGON MODELO VOXY ANHO 2015 COLOR PLATA
2026-03,26DA000000130057,1,8703.40.00.000C,NUEVO,CHEVROLET,(sin modelo),CORVETTE,HEV,1,"plausible: 2026 Corvette, NCM 8703.40 (hybrid) suggests E-Ray; text only says CORVETTE",UNA UNIDAD VEHICULO NUEVO CHEVROLET CORVETTE AO: 2026
2026-03,26DA000000145594,1,8703.40.00.000C,NUEVO,CHEVROLET,(sin modelo),CORVETTE E-RAY CONVERTIBLE,HEV,1,plausible: Corvette E-Ray is a hybrid,01 UNIDAD CHEVROLET CORVETTE E-RAY CONVERTIBLE AWD W/3LZ.-
2026-04,26DA000000172229,1,8703.40.00.000C,USADO,TOYOTA,VITZ,VITZ,HEV,1,"plausible: Vitz Hybrid used import, NCM 8703.40",01 UND AUTOMOVIL MARCA TOYOTA MODELO VITZ COLOR PERLA ANO 2017
2026-04,26DA000000214801,11,8703.40.00.000C,USADO,TOYOTA,VITZ,VITZ,HEV,1,"plausible: Vitz Hybrid used import, NCM 8703.40",UNA UNIDA DE AUTOMOVIL USADO MARCA TOYOTA MODELO VITZ ANIO 2017 .-
2026-06,26DA000000284224,1,8703.40.00.000C,USADO,HYUNDAI,TUCSON,TUCSON,HEV,1,plausible: Tucson Hybrid 2024 used import; separate row because modelo is TUCSON (new ones are ALL NEW TUCSON),1) UNA UNIDAD DE STATION WAGON USADO MARCA HYUNDAI MODELO TUCSON ANO 2024 EN EL ESTADO QUE SE ENCUENTRA
2026-06,26DA000000290926,2,8703.60.00.000F,USADO,TOYOTA,VITZ,VITZ,PHEV,1,"ABSURD: Vitz has no plug-in version; text says VITZ HV (hybrid). Aduana NCM 8703.60 kept, for Max",01- UNA UNIDAD DE AUTOMOVIL USADO MARCA TOYOTA MODELO VITZ HV AO 2017
2026-06,26DA000000326008,4,8703.40.00.000C,USADO,TOYOTA,VOXY,VOXY,HEV,1,plausible: text says HIBRIDO,"VEHICULO MARCA TOYOTA, TIPO STATION WAGON, MODELO VOXY, HIBRIDO, USADO, ANO 2.015.-"
2026-07,26DA000000335705,9,8703.40.00.000C,USADO,TOYOTA,VOXY,VOXY,HEV,1,plausible but doubtful: NCM 8703.40 while text says MOVIDO A GASOLINA,01 VEHICULO USADO TIPO STATION WAGON DE LA MARCA TOYOTA MODELO VOXY AO 2014 MOVIDO A GASOLINA
2026-07,26DA000000381053,2,8703.40.00.000C,USADO,TOYOTA,VITZ,VITZ,HEV,1,plausible but doubtful: NCM 8703.40 (hybrid) while text says MOVIDO A GASOLINA,VEHICULO USADO MARCA TOYOTA MODELO VITZ AO 2017 MOVIDO A GASOLINA
2026-09,26DA000000520703,1,8703.40.00.000C,NUEVO,PEUGEOT,(sin modelo),3008 GT,HEV,1,"inconsistent: same despacho, same 1.2 Hybrid (48V mild) engine; 3008 GT counted HEV, 5008 GT counted OTHERS (mild). NCM 8703.40 for both. Not changed; for Max","STATION WAGON PEUGEOT 3008 GT 1.2 HEV , CON SUS ACCESORIOS CORRESPONDIENTES"
2026-09,26DA000000520703,2,8703.40.00.000C,NUEVO,PEUGEOT,(sin modelo),5008 GT,OTHERS,1,"inconsistent: same despacho, same 1.2 Hybrid (48V mild) engine; 3008 GT counted HEV, 5008 GT counted OTHERS (mild). NCM 8703.40 for both. Not changed; for Max","STATION WAGON PEUGEOT 5008 GT 1.2 HEV , CON SUS ACCESORIOS CORRESPONDIENTES"
